layer_id,trajectory_step,t,x,y,z,r,phi,particle,charge,event,beamspot_z0
1,1506,0.1774503712370514,33.24759401397935,0.39999035188921345,-36.5,33.25,0.012030075187969926,1,1,0,-38.138198155413235
2,2287,0.7530309909756806,50.49198041028562,-0.8999523583685922,-35.6,50.5,-0.017821782178217824,1,1,0,-38.138198155413235
3,4009,0.4367133337830151,88.4997740113956,0.1999998297637342,-33.6,88.49999999999999,0.002259887005649718,1,1,0,-38.138198155413235
4,5548,0.6076626047917804,122.49950000034013,0.3499995238097182,-32.0,122.5,0.0028571428571428576,1,1,0,-38.138198155413235
5,13537,0.2917934434065315,298.9986829235813,0.8874739228128622,-23.18796558859763,299.0,0.0029681445682418,1,1,0,-38.138198155413235
6,16794,0.4204646776694898,370.99995652762686,-0.1796009436482129,-19.587830745547492,371.0,-0.0004840995974749,1,1,0,-38.138198155413235
7,20050,0.7866152162583148,442.99895841254335,-0.9606484277473948,-15.987807485703751,443.00000000000006,-0.0021685083084526,1,1,0,-38.138198155413235
8,23265,0.3298805597521854,513.9999442677044,-0.2393591373944583,-12.437686201673277,513.9999999999999,-0.0004656792724622,1,1,0,-38.138198155413235
1,1506,0.1774503712370514,33.24759401397935,-0.39999035188921345,-36.5,33.25,-0.012030075187969926,-1,-1,0,-38.138198155413235
2,2287,0.7530309909756806,50.49198041028562,0.8999523583685922,-35.6,50.5,0.017821782178217824,-1,-1,0,-38.138198155413235
3,4009,0.4367133337830151,88.4997740113956,-0.1999998297637342,-33.6,88.49999999999999,-0.002259887005649718,-1,-1,0,-38.138198155413235
4,5548,0.6076626047917804,122.49950000034013,-0.3499995238097182,-32.0,122.5,-0.0028571428571428576,-1,-1,0,-38.138198155413235
5,13537,0.2917934434065315,298.9986829235813,-0.8874739228128622,-23.18796558859763,299.0,-0.0029681445682418,-1,-1,0,-38.138198155413235
6,16794,0.4204646776694898,370.99995652762686,0.1796009436482129,-19.587830745547492,371.0,0.0004840995974749,-1,-1,0,-38.138198155413235
7,20050,0.7866152162583148,442.99895841254335,0.9606484277473948,-15.987807485703751,443.00000000000006,0.0021685083084526,-1,-1,0,-38.138198155413235
8,23265,0.3298805597521854,513.9999442677044,0.2393591373944583,-12.437686201673277,513.9999999999999,0.0004656792724622,-1,-1,0,-38.138198155413235
1,1506,0.1774718762486803,30.566553860731993,13.086186804373918,4.75,33.25,0.40451127819548877,1,1,1,3.0844139761287237
2,2287,0.753030809514105,47.00435716944452,18.461863586520447,5.6000000000000005,50.5,0.3742574257425743,1,1,1,3.0844139761287237
3,4009,0.4366485490162276,81.6880817142233,34.04860211301452,7.6000000000000005,88.5,0.3949152542372882,1,1,1,3.0844139761287237
4,5548,0.6077005463397485,113.04301390758089,47.19668427644546,9.200000000000001,122.5,0.3955102040816327,1,1,1,3.0844139761287237
5,13544,0.0283258283723719,276.5294809398277,113.72091351703725,18.03466444746422,299.0,0.3901611977057622,1,1,1,3.0844139761287237
6,16812,0.246831172960193,342.5646252164018,142.44464732079683,21.63476784384861,371.0,0.3940680513737552,1,1,1,3.0844139761287237
7,20071,0.3027774972347812,409.1759214527044,169.77651575918935,25.23485291513071,443.0,0.3933045037409587,1,1,1,3.0844139761287237
8,23292,0.6765308708330985,474.9232134259364,196.5806230257257,28.784927175909452,514.0,0.3924492153110844,1,1,1,3.0844139761287237
1,1506,0.177468839785292,30.872532183968154,12.347034322048776,4.75,33.25,0.3804511278195489,-1,-1,1,3.0844139761287237
2,2287,0.753073858682149,46.29664574703583,20.171033502859206,5.6000000000000005,50.5,0.41089108910891087,-1,-1,1,3.0844139761287237
3,4009,0.4365847522428531,81.84113880198306,33.679043923403476,7.6000000000000005,88.5,0.39039548022598874,-1,-1,1,3.0844139761287237
4,5548,0.607671496153586,113.31086218337107,46.549957156382945,9.200000000000001,122.5,0.38979591836734695,-1,-1,1,3.0844139761287237
5,13542,0.3706939554957335,275.968337799351,115.0759598363764,18.034670517801,299.0,0.3950663522835714,-1,-1,1,3.0844139761287237
6,16806,0.3514291729687253,342.85880033763164,141.73511573015372,21.63478108714553,371.00000000000006,0.3919977067933107,-1,-1,1,3.0844139761287237
7,20074,0.5347627474222542,409.3250310046234,169.41670222579614,25.23485524798154,443.0,0.3924253025399458,-1,-1,1,3.0844139761287237
8,23295,0.1347320518785335,474.77573937858944,196.93653114014603,28.784924419168604,514.0,0.3931987330329004,-1,-1,1,3.0844139761287237
1,1506,0.1775071129891319,23.23712881889255,23.782311583489804,-54.75,33.25,0.7969924812030075,1,1,2,-56.2916688044555
2,2287,0.7530898713283802,36.348337416929084,35.05778611129164,-53.6,50.5,0.7673267326732673,1,1,2,-56.2916688044555
3,4009,0.4365839190798546,62.442852423684606,62.71475250045993,-52.0,88.5,0.7875706214689265,1,1,2,-56.2916688044555
4,5548,0.6075138340788466,86.38073512644222,86.8597639820385,-50.0,122.5,0.7881632653061226,1,1,2,-56.2916688044555
5,13546,0.719916658453388,211.240454685389,211.6092396477765,-41.34137530737801,299.0,0.7862703051391279,1,1,2,-56.2916688044555
6,16810,0.6210585081898714,263.12690772481824,261.5439359480066,-37.74138217425357,371.0,0.7823810966158714,1,1,2,-56.2916688044555
7,20063,0.8632611879781418,314.1916006008367,312.3021583529072,-34.14132561898101,443.0,0.7823822729877057,1,1,2,-56.2916688044555
8,23260,0.6107448027102677,363.6407049713391,363.26496897987215,-30.59115830063642,514.0,0.7848812655777337,1,1,2,-56.2916688044555
1,1506,0.1775071129891319,23.80255404999995,23.21639336108929,-54.75,33.25,0.7729323308270678,-1,-1,2,-56.2916688044555
2,2287,0.7530898713283802,35.075930359795564,36.33082863622535,-53.6,50.5,0.802970297029703,-1,-1,2,-56.2916688044555
3,4009,0.4365839190798546,62.72567016571199,62.43188530120094,-52.0,88.5,0.7830508474576271,-1,-1,2,-56.2916688044555
4,5548,0.6075138340788466,86.87566363985833,86.36474435285614,-50.0,122.5,0.7824489795918368,-1,-1,2,-56.2916688044555
5,13545,0.59505041459937,211.573945213594,211.2758048304517,-41.3413729037007,299.0,0.7846930894705831,-1,-1,2,-56.2916688044555
6,16805,0.2296555296224832,261.692803887894,262.97885160843686,-37.74135461107971,371.0,0.7878493061864695,-1,-1,2,-56.2916688044555
7,20095,0.1391594461115503,312.80645105402573,313.6895346979006,-34.14124697501562,443.0,0.7868077224035789,-1,-1,2,-56.2916688044555
8,23318,0.3175625837209725,363.34465628492353,363.5610825558627,-30.591155643507772,514.0,0.7856958997516682,-1,-1,2,-56.2916688044555
1,1506,0.177468839785292,12.373935497248032,30.86175983818721,-69.5,33.25,1.1894736842105265,1,1,3,-71.26365111381651
2,2287,0.753073858682149,20.14830859177802,46.30654015245022,-68.8,50.5,1.1603960396039603,1,1,3,-71.26365111381651
3,4009,0.4365847522428531,33.69335397553122,81.8352485050272,-66.8,88.5,1.180225988700565,1,1,3,-71.26365111381651
4,5548,0.607671496153586,46.57081484602019,113.30229125916962,-65.2,122.5,1.1808163265306122,1,1,3,-71.26365111381651
5,13541,0.1783706167582514,114.49720902518284,276.20895916940054,-56.31335249405595,299.0,1.1778262236778114,1,1,3,-71.26365111381651
6,16783,0.0671199486903196,142.4406928457244,342.5662695328161,-52.71329844997254,371.0,1.1767398191279066,1,1,3,-71.26365111381651
7,20034,0.4276850296419255,169.6388775744193,409.2330035753363,-49.11320948831094,443.0,1.177828178582973,1,1,3,-71.26365111381651
8,23270,0.3649712442974554,196.7261440661217,474.86295311476505,-45.56313619162806,514.0,1.1780406824277074,1,1,3,-71.26365111381651
1,1506,0.1774718762486803,13.066858650520961,30.574821422328956,-69.5,33.25,1.166917293233083,-1,-1,3,-71.26365111381651
2,2287,0.753030809514105,18.48533042313891,46.995133355990966,-68.8,50.5,1.1960396039603962,-1,-1,3,-71.26365111381651
3,4009,0.4366485490162276,34.06288539625662,81.68212679945037,-66.8,88.5,1.1757062146892656,-1,-1,3,-71.26365111381651
4,5548,0.6077005463397485,47.21749264910672,113.03432393716324,-65.2,122.5,1.1751020408163266,-1,-1,3,-71.26365111381651
5,13547,0.0025334241536293,114.09554755093887,276.37511832480766,-56.31336297048558,299.0,1.1792799803815002,-1,-1,3,-71.26365111381651
6,16805,0.1038367242055231,141.95157717276325,342.7692368608435,-52.71328100506686,371.0,1.1781671947281909,-1,-1,3,-71.26365111381651
7,20068,0.5970118468801678,169.49670103084168,409.29191091403385,-49.11320689498288,443.0,1.17817557556413,-1,-1,3,-71.26365111381651
8,23312,0.7228741364470763,196.56630356162415,474.929140297918,-45.56313741328927,514.0,1.1783772624099942,-1,-1,3,-71.26365111381651
1,1506,0.1774503712370514,-0.37101443457535116,33.24792998502819,30.0,33.25,1.5819548872180451,1,1,4,28.460591298528648
2,2287,0.7530309909756806,0.9251627441275873,50.4915247729446,30.8,50.5,1.5524752475247525,1,1,4,28.460591298528648
3,4009,0.4367133337830151,-0.184524944952648,88.4998076299869,32.800000000000004,88.49999999999999,1.572881355932204,1,1,4,28.460591298528648
4,5548,0.6076626071630412,-0.3774493703773848,122.49941849646798,34.4,122.5,1.5738775510204082,1,1,4,28.460591298528648
5,13552,0.3843319599728188,-1.02859722825483,298.9982307434979,43.410801848903105,299.0,1.5742364580894803,1,1,4,28.460591298528648
6,16822,0.3516782946954795,0.7330542299967328,370.9992757829803,47.01092549478216,371.0,1.568820438096817,1,1,4,28.460591298528648
7,20037,0.7806581977604784,0.4518838028483476,442.99976952706055,50.611023638298875,443.00000000000006,1.569776272886966,1,1,4,28.460591298528648
8,23311,0.1579269641267993,-1.136000459479727,513.998744651148,54.161041728356984,513.9999999999999,1.5730064462196116,1,1,4,28.460591298528648
1,1506,0.1774503712370514,0.3789696604469897,33.24784026063138,30.0,33.25,1.5593984962406016,-1,-1,4,28.460591298528648
2,2287,0.7530309909756806,-0.9247338098081848,50.49153263054111,30.8,50.5,1.5891089108910892,-1,-1,4,28.460591298528648
3,4009,0.4367133337830151,0.21547470845979058,88.49973768689946,32.800000000000004,88.49999999999999,1.5683615819209042,-1,-1,4,28.460591298528648
4,5548,0.6076626047917804,0.3725494580862279,122.49943349624634,34.4,122.5,1.5677551020408165,-1,-1,4,28.460591298528648
5,13543,0.5831337079336398,0.9583053366470689,298.9984642951896,43.410813712862634,299.0,1.5675912867369943,-1,-1,4,28.460591298528648
6,16808,0.0483517555050433,-0.9803567731968348,370.9987047155249,47.01089739665804,371.0,1.5734388009569336,-1,-1,4,28.460591298528648
7,20081,0.5741395411079778,-0.0746882035058055,442.99999370391896,50.61103451988863,443.0,1.570964923191871,-1,-1,4,28.460591298528648
8,23296,0.7631848871942811,0.8729743071202569,513.9992586724801,54.16106863401966,514.0,1.569097932384762,-1,-1,4,28.460591298528648
1,1506,0.1774718762486803,-13.105509727242712,30.558274080666706,-19.5,33.25,1.9759398496240603,1,1,5,-21.13539250625634
2,2287,0.753030809514105,-18.484931190639156,46.9952903903927,-18.8,50.5,1.9455445544554455,1,1,5,-21.13539250625634
3,4009,0.4366485490162276,-34.03431778872708,81.69403413136075,-16.8,88.5,1.965536723163842,1,1,5,-21.13539250625634
4,5548,0.6077005463397485,-47.2220139245436,113.0324351719904,-15.200000000000001,122.5,1.966530612244898,1,1,5,-21.13539250625634
5,13542,0.7118018326554932,-113.5758594105236,276.589089009601,-6.185163852408765,299.00000000000006,1.960433028990766,1,1,5,-21.13539250625634
6,16818,0.4434713727471439,-141.2090541324363,343.07579779259083,-2.58506884373989,371.0,1.9612601803724277,1,1,5,-21.13539250625634
7,20055,0.2709876816589543,-170.08379787041363,409.0482877387171,1.0150308239495516,443.0,1.9648519256350383,1,1,5,-21.13539250625634
8,23324,0.6662353967176831,-197.1347053202967,474.69348843046055,4.56511135985793,514.0,1.964412501850073,1,1,5,-21.13539250625634
1,1506,0.177468839785292,-12.366550845789487,30.864719667907295,-19.5,33.25,1.9518796992481204,-1,-1,5,-21.13539250625634
2,2287,0.753073858682149,-20.147915208937302,46.306711314165604,-18.8,50.5,1.9811881188118814,-1,-1,5,-21.13539250625634
3,4009,0.4365847522428531,-33.66473284152973,81.8470265966237,-16.8,88.5,1.9610169491525424,-1,-1,5,-21.13539250625634
4,5548,0.607671496153586,-46.52909788934713,113.31942926790424,-15.200000000000001,122.5,1.960408163265306,-1,-1,5,-21.13539250625634
5,13543,0.2308550344940614,-115.27210060318308,275.8864672696536,-6.185164013672102,299.0,1.96657352097654,-1,-1,5,-21.13539250625634
6,16806,0.8814630483971464,-142.41687774988927,342.57617099263206,-2.5850375976084514,371.0,1.964783315791266,-1,-1,5,-21.13539250625634
7,20099,0.7072829014778254,-169.1691141416839,409.427418256909,1.0150416190843679,443.0,1.9626168358425269,-1,-1,5,-21.13539250625634
8,23280,0.5177556704643616,-196.44044760142776,474.9812107295937,4.565117711096683,514.0,1.9629504062592245,-1,-1,5,-21.13539250625634
1,1506,0.1775071129891319,-23.79699837921826,23.222087936692592,55.0,33.25,2.3684210526315788,1,1,6,53.411188862165105
2,2287,0.7530898713283802,-35.07562172182083,36.3311266110443,56.0,50.5,2.338613861386139,1,1,6,53.411188862165105
3,4009,0.4365839190798546,-62.703832917687144,62.45381763696094,58.0,88.5,2.3581920903954803,1,1,6,53.411188862165105
4,5548,0.6075138340788466,-86.87911811448312,86.36126930314127,59.6,122.5,2.3591836734693876,1,1,6,53.411188862165105
5,13546,0.719916658453388,-211.6092396477765,211.240454685389,68.36148235924259,299.0,2.3570666319340243,1,1,6,53.411188862165105
6,16810,0.6210585081898714,-261.5439359480066,263.12690772481824,71.96147549236703,371.0,2.353177423410768,1,1,6,53.411188862165105
7,20063,0.8632611879781418,-312.3021583529072,314.1916006008367,75.56153204763959,443.0,2.3531785997826025,1,1,6,53.411188862165105
8,23260,0.6107448027102677,-363.26496897987215,363.6407049713391,79.11169936598418,514.0,2.3556775923726305,1,1,6,53.411188862165105
1,1506,0.1775071129891319,-23.231437756970212,23.787870853525728,55.0,33.25,2.344360902255639,-1,-1,6,53.411188862165105
2,2287,0.7530898713283802,-36.34803959362613,35.05809489547581,56.0,50.5,2.3742574257425746,-1,-1,6,53.411188862165105
3,4009,0.4365839190798546,-62.420916269845286,62.73658591310946,58.0,88.5,2.353672316384181,-1,-1,6,53.411188862165105
4,5548,0.6075138340788466,-86.38420940198648,86.85630872880651,59.6,122.5,2.3534693877551023,-1,-1,6,53.411188862165105
5,13545,0.59505041459937,-211.2758048304517,211.573945213594,68.3614847629199,299.0,2.35548941626548,-1,-1,6,53.411188862165105
6,16805,0.2296555296224832,-262.97885160843686,261.692803887894,71.9615030555409,371.0,2.358645632981366,-1,-1,6,53.411188862165105
7,20095,0.1391594461115503,-313.6895346979006,312.80645105402573,75.56161069160498,443.0,2.3576040491984758,-1,-1,6,53.411188862165105
8,23318,0.3175625837209725,-363.5610825558627,363.34465628492353,79.11170202311283,514.0,2.356492226546565,-1,-1,6,53.411188862165105
1,1506,0.177468839785292,-30.869577023745588,12.354420843367706,18.5,33.25,2.760902255639098,1,1,7,16.8624705109924
2,2287,0.753073858682149,-46.29647438892688,20.171426800190343,19.200000000000003,50.5,2.730693069306931,1,1,7,16.8624705109924
3,4009,0.4365847522428531,-81.84838652264105,33.661426345898505,21.200000000000003,88.5,2.751412429378531,1,1,7,16.8624705109924
4,5548,0.607671496153586,-113.31272406640569,46.54542474455041,22.8,122.5,2.7518367346938777,1,1,7,16.8624705109924
5,13543,0.00713874979343,-276.57302344844305,113.61497568800948,31.81270634318149,299.0,2.7518145234958817,1,1,7,16.8624705109924
6,16819,0.9014537101615904,-342.4458093084214,142.73005180094447,35.41279645600471,371.0,2.746691317205333,1,1,7,16.8624705109924
7,20092,0.8104436142163828,-409.3255011929679,169.41556620666705,39.01291240151098,443.0,2.749170126395577,1,1,7,16.8624705109924
8,23280,0.6297474573312656,-474.47252878479406,197.6659288510864,42.56293133786913,514.0,2.746857130674097,1,1,7,16.8624705109924
1,1506,0.1774718762486803,-30.56342185215839,13.093500093061712,18.5,33.25,2.736842105263158,-1,-1,7,16.8624705109924
2,2287,0.753030809514105,-47.00420033100578,18.462262896044912,19.200000000000003,50.5,2.767326732673267,-1,-1,7,16.8624705109924
3,4009,0.4366485490162276,-81.69540898804975,34.031017473406244,21.200000000000003,88.5,2.746892655367232,-1,-1,7,16.8624705109924
4,5548,0.6077005463397485,-113.04490165957273,47.19216257788501,22.8,122.5,2.746122448979592,-1,-1,7,16.8624705109924
5,13548,0.3711966059110723,-275.89759841838,115.24545625303548,31.812702594919273,299.0,2.745912034687444,-1,-1,7,16.8624705109924
6,16808,0.5510229876464783,-342.9419239157817,141.53387163835447,35.41282518047434,371.0,2.7501818347331843,-1,-1,7,16.8624705109924
7,20046,0.5180452315565589,-409.0598690218125,170.05594243030018,39.012895039739966,443.0,2.747605151956292,-1,-1,7,16.8624705109924
8,23305,0.7334298111975158,-474.998486133789,196.3986715092764,42.56297959421026,514.0,2.749526525672772,-1,-1,7,16.8624705109924
1,1506,0.1774503712370514,-33.24749735652068,-0.40794549654357437,-94.75,33.25,-3.129323308270677,1,1,8,-96.38632808323055
2,2287,0.7530309909756806,-50.491972763211834,0.9003812964928565,-94.0,50.5,3.123762376237624,1,1,8,-96.38632808323055
3,4009,0.4367133337830151,-88.49981501223634,-0.1809497166193818,-92.0,88.49999999999999,-3.139548022598871,1,1,8,-96.38632808323055
4,5548,0.6076626047917804,-122.49951390213907,-0.3450996082804401,-90.4,122.5,-3.1387755102040815,1,1,8,-96.38632808323055
5,13554,0.3913643397149086,-298.9993092565774,0.6427006220457175,-81.43606289304904,299.0,3.1394431515263688,1,1,8,-96.38632808323055
6,16784,0.7729366997064894,-370.9993630678412,0.6874614579773934,-77.83598922788205,371.00000000000006,3.139739656685781,1,1,8,-96.38632808323055
7,20043,0.6513557412059079,-442.99972893617104,0.4900637499503558,-74.23589911401723,443.00000000000006,3.1404864146509577,1,1,8,-96.38632808323055
8,23249,0.0350314850460595,-513.9999999930606,-0.0026709157553968,-70.68581489988769,514.0,-3.1415874572556386,1,1,8,-96.38632808323055
1,1506,0.1774503712370514,-33.24749735652068,0.40794549654357437,-94.75,33.25,3.129323308270677,-1,-1,8,-96.38632808323055
2,2287,0.7530309909756806,-50.491972763211834,-0.9003812964928565,-94.0,50.5,-3.123762376237624,-1,-1,8,-96.38632808323055
3,4009,0.4367133337830151,-88.49981501223634,0.1809497166193818,-92.0,88.49999999999999,3.139548022598871,-1,-1,8,-96.38632808323055
4,5548,0.6076626047917804,-122.49951390213907,0.3450996082804401,-90.4,122.5,3.1387755102040815,-1,-1,8,-96.38632808323055
5,13534,0.5682086109489302,-298.9983935697816,-0.9801238135992288,-81.43610952750981,299.0,-3.138314641653676,-1,-1,8,-96.38632808323055
6,16812,0.4924904727252541,-370.9999996100496,-0.0170100910069644,-77.8359563633442,371.0,-3.141546804287872,-1,-1,8,-96.38632808323055
7,20077,0.7814965209035493,-442.9999994884987,-0.0212882632029922,-74.23588535386543,443.0,-3.1415445988195647,-1,-1,8,-96.38632808323055
8,23284,0.4442267316159465,-513.9999974714348,-0.0509839689101398,-70.68581250514012,514.0,-3.141493462988638,-1,-1,8,-96.38632808323055
1,1506,0.1774718762486803,-30.56342185215839,-13.093500093061712,-17.25,33.25,-2.736842105263158,1,1,9,-18.990735371113367
2,2287,0.753030809514105,-47.00420033100578,-18.462262896044912,-16.400000000000002,50.5,-2.767326732673267,1,1,9,-18.990735371113367
3,4009,0.4366485490162276,-81.69540898804975,-34.031017473406244,-14.4,88.5,-2.746892655367232,1,1,9,-18.990735371113367
4,5548,0.6077005463397485,-113.04490165957273,-47.19216257788501,-12.8,122.5,-2.746122448979592,1,1,9,-18.990735371113367
5,13545,0.2908086632322618,-276.2326498304711,-114.44004180196876,-4.040436913276622,299.0,-2.7488295125192983,1,1,9,-18.990735371113367
6,16810,0.4891818823275889,-342.68101489089025,-142.16441901316043,-0.440366628129766,371.0,-2.748342493715416,1,1,9,-18.990735371113367
7,20049,0.3483229272520511,-408.9616474477857,-170.29201659735287,3.159669278174963,443.0000000000001,-2.74702796870195,1,1,9,-18.990735371113367
8,23290,0.4777696572379833,-474.8252649877136,-196.81709206607957,6.709777569765393,514.0,-2.748645476890316,1,1,9,-18.990735371113367
1,1506,0.177468839785292,-30.869577023745588,-12.354420843367706,-17.25,33.25,-2.760902255639098,-1,-1,9,-18.990735371113367
2,2287,0.753073858682149,-46.29647438892688,-20.171426800190343,-16.400000000000002,50.5,-2.730693069306931,-1,-1,9,-18.990735371113367
3,4009,0.4365847522428531,-81.84838652264105,-33.661426345898505,-14.4,88.5,-2.751412429378531,-1,-1,9,-18.990735371113367
4,5548,0.607671496153586,-113.31272406640569,-46.54542474455041,-12.8,122.5,-2.7518367346938777,-1,-1,9,-18.990735371113367
5,13545,0.2089401315675205,-276.2449791608911,-114.41027702264714,-4.04043689570169,299.0,-2.7489372626895525,-1,-1,9,-18.990735371113367
6,16826,0.3886659278430793,-343.0519714798746,-141.2669277069877,-0.4404030339331939,371.0,-2.750960103810167,-1,-1,9,-18.990735371113367
7,20082,0.4046084619731731,-409.2739429733213,-169.54008258541853,3.159707100879281,443.0,-2.748865908310215,-1,-1,9,-18.990735371113367
8,23254,0.3493803320494537,-474.7808685008081,-196.92416536732716,6.70977613576747,514.0,-2.74841996591894,-1,-1,9,-18.990735371113367
1,1506,0.1775071129891319,-23.231437756970212,-23.787870853525728,-48.25,33.25,-2.344360902255639,1,1,10,-49.93143872695309
2,2287,0.7530898713283802,-36.34803959362613,-35.05809489547581,-47.6,50.5,-2.3742574257425746,1,1,10,-49.93143872695309
3,4009,0.4365839190798546,-62.420916269845286,-62.73658591310946,-45.6,88.5,-2.353672316384181,1,1,10,-49.93143872695309
4,5548,0.6075138340788466,-86.38420940198648,-86.85630872880651,-44.0,122.5,-2.3534693877551023,1,1,10,-49.93143872695309
5,13553,0.4417528177221748,-211.80793216929197,-211.04122789201315,-34.981163626445976,299.0,-2.3580076744421428,1,1,10,-49.93143872695309
6,16826,0.63445103094875,-262.12033024951245,-262.5527232193308,-31.381074495317424,371.0,-2.3553703714977217,1,1,10,-49.93143872695309
7,20099,0.3214497068156765,-313.1683940686,-313.3281936827487,-27.78099699374549,443.0,-2.355939421587332,1,1,10,-49.93143872695309
8,23303,0.0976143233303925,-363.1449789668546,-363.76053146426256,-24.23093432045265,514.0,-2.3553476781357032,1,1,10,-49.93143872695309
1,1506,0.1775071129891319,-23.79699837921826,-23.222087936692592,-48.25,33.25,-2.3684210526315788,-1,-1,10,-49.93143872695309
2,2287,0.7530898713283802,-35.07562172182083,-36.3311266110443,-47.6,50.5,-2.338613861386139,-1,-1,10,-49.93143872695309
3,4009,0.4365839190798546,-62.703832917687144,-62.45381763696094,-45.6,88.5,-2.3581920903954803,-1,-1,10,-49.93143872695309
4,5548,0.6075138340788466,-86.87911811448312,-86.36126930314127,-44.0,122.5,-2.3591836734693876,-1,-1,10,-49.93143872695309
5,13539,0.8685619664861846,-210.7224715904672,-212.12505737607884,-34.981221728324414,299.0,-2.352877501099157,-1,-1,10,-49.93143872695309
6,16796,0.0269034190729942,-263.0704192007259,-261.60075409209804,-31.38114032967176,371.0,-2.3589955994197376,-1,-1,10,-49.93143872695309
7,20045,0.1145013079098876,-313.2823594759778,-313.2142449524993,-27.780994688694587,443.0,-2.35630321308522,-1,-1,10,-49.93143872695309
8,23312,0.581212557760857,-363.4612767226563,-363.444494143379,-24.230924784480322,514.0,-2.356217577888092,-1,-1,10,-49.93143872695309
1,1506,0.177468839785292,-12.366550845789487,-30.864719667907295,-14.75,33.25,-1.9518796992481204,1,1,11,-16.311476454372684
2,2287,0.753073858682149,-20.147915208937302,-46.306711314165604,-13.600000000000001,50.5,-1.9811881188118814,1,1,11,-16.311476454372684
3,4009,0.4365847522428531,-33.66473284152973,-81.8470265966237,-12.0,88.5,-1.9610169491525424,1,1,11,-16.311476454372684
4,5548,0.607671496153586,-46.52909788934713,-113.31942926790424,-10.0,122.5,-1.960408163265306,1,1,11,-16.311476454372684
5,13550,0.0761159305602919,-113.7117038605251,-276.5332681706421,-1.3612277605620822,299.0,-1.9609242202995487,1,1,11,-16.311476454372684
6,16813,0.6713370393975182,-141.92803129352697,-342.7789870064144,2.238894928655103,371.0,-1.9633567667451115,1,1,11,-16.311476454372684
7,20087,0.784012064660856,-169.2838064017196,-409.38001036951607,5.838962789315207,443.0,-1.962896980490159,1,1,11,-16.311476454372684
8,23317,0.0465524600198668,-197.18565900788732,-474.672324747952,9.389025521554625,514.0,-1.964519844429371,1,1,11,-16.311476454372684
1,1506,0.1774718762486803,-13.105509727242712,-30.558274080666706,-14.75,33.25,-1.9759398496240603,-1,-1,11,-16.311476454372684
2,2287,0.753030809514105,-18.484931190639156,-46.9952903903927,-13.600000000000001,50.5,-1.9455445544554455,-1,-1,11,-16.311476454372684
3,4009,0.4366485490162276,-34.03431778872708,-81.69403413136075,-12.0,88.5,-1.965536723163842,-1,-1,11,-16.311476454372684
4,5548,0.6077005463397485,-47.2220139245436,-113.0324351719904,-10.0,122.5,-1.966530612244898,-1,-1,11,-16.311476454372684
5,13539,0.5646239097493772,-115.32184653118628,-275.86567693831995,-1.3612567570789764,299.0,-1.9667538408117795,-1,-1,11,-16.311476454372684
6,16814,0.8368675136694457,-142.08651577022496,-342.7133234005903,2.238893557962605,371.0,-1.96381916281132,-1,-1,11,-16.311476454372684
7,20079,0.989255272939487,-170.12395592364408,-409.0315875588217,5.8389426840357785,443.0,-1.9649501019975448,-1,-1,11,-16.311476454372684
8,23298,0.539264784153419,-195.7450162518692,-475.26822806974536,9.388986513911917,514.0,-1.961486724836204,-1,-1,11,-16.311476454372684
1,1506,0.1774503712370514,0.3789696604469897,-33.24784026063138,5.75,33.25,-1.5593984962406016,1,1,12,4.0217892994532995
2,2287,0.7530309909756806,-0.9247338098081848,-50.49153263054111,6.4,50.5,-1.5891089108910892,1,1,12,4.0217892994532995
3,4009,0.4367133337830151,0.21547470845979058,-88.49973768689946,8.4,88.49999999999999,-1.5683615819209042,1,1,12,4.0217892994532995
4,5548,0.6076626086939079,0.3725494580862279,-122.49943349624634,10.0,122.5,-1.5677551020408165,1,1,12,4.0217892994532995
5,13543,0.5907167572015979,-0.3696084406360753,-298.9997715544288,18.972076039224934,299.0,-1.5720324757406057,1,1,12,4.0217892994532995
6,16812,0.0782288373583506,-0.0070024671773052,-370.9999999339157,22.572160758136956,371.0,-1.5708152013694996,1,1,12,4.0217892994532995
7,20048,0.4849700143343589,0.6308225468980099,-442.9995508608494,26.172209509446024,443.0,-1.5693723476524897,1,1,12,4.0217892994532995
8,23252,0.5115694395696656,-0.030764748679056,-513.9999990793096,29.722303669758443,514.0000000000001,-1.570856180391584,1,1,12,4.0217892994532995
1,1506,0.1774503712370514,-0.37101443457535116,-33.24792998502819,5.75,33.25,-1.5819548872180451,-1,-1,12,4.0217892994532995
2,2287,0.7530309909756806,0.9251627441275873,-50.4915247729446,6.4,50.5,-1.5524752475247525,-1,-1,12,4.0217892994532995
3,4009,0.4367133337830151,-0.184524944952648,-88.4998076299869,8.4,88.49999999999999,-1.572881355932204,-1,-1,12,4.0217892994532995
4,5548,0.6076626047917804,-0.3774493703773848,-122.49941849646798,10.0,122.5,-1.5738775510204082,-1,-1,12,4.0217892994532995
5,13547,0.6205468920912597,0.5429579394061989,-298.9995070174465,18.972062814901925,299.0,-1.5689804129560645,-1,-1,12,4.0217892994532995
6,16812,0.2118388227044983,0.0114361890661519,-370.999999823738,22.572160981193303,371.0,-1.5707655014874358,-1,-1,12,4.0217892994532995
7,20076,0.0512651094079978,0.0138298104324289,-442.9999997841268,26.172231813098538,443.0,-1.570765108261184,-1,-1,12,4.0217892994532995
8,23284,0.3048482028514059,0.0377850379963497,-513.999998611178,29.722302357887497,514.0,-1.570722815047756,-1,-1,12,4.0217892994532995
1,1506,0.1774718762486803,13.066858650520961,-30.574821422328956,37.5,33.25,-1.166917293233083,1,1,13,35.73815739403917
2,2287,0.753030809514105,18.48533042313891,-46.995133355990966,38.400000000000006,50.5,-1.1960396039603962,1,1,13,35.73815739403917
3,4009,0.4366485490162276,34.06288539625662,-81.68212679945037,40.0,88.5,-1.1757062146892656,1,1,13,35.73815739403917
4,5548,0.6077005463397485,47.21749264910672,-113.03432393716324,42.0,122.5,-1.1751020408163266,1,1,13,35.73815739403917
5,13547,0.1944420898584715,113.93583453093798,-276.4409984241461,50.68843196525268,299.0,-1.17985779644264,1,1,13,35.73815739403917
6,16822,0.8002996375990459,142.80380323116282,-342.4150606832523,54.28847467942409,371.00000000000006,-1.1756796140233048,1,1,13,35.73815739403917
7,20097,0.3539739994317278,169.03341737799963,-409.4834597508366,57.88858483130524,443.00000000000006,-1.1793072256356862,1,1,13,35.73815739403917
8,23295,0.2050346329619122,197.67177141707137,-474.4700947212975,61.43861806664994,514.0,-1.1760484900346324,1,1,13,35.73815739403917
1,1506,0.177468839785292,12.373935497248032,-30.86175983818721,37.5,33.25,-1.1894736842105265,-1,-1,13,35.73815739403917
2,2287,0.753073858682149,20.14830859177802,-46.30654015245022,38.400000000000006,50.5,-1.1603960396039603,-1,-1,13,35.73815739403917
3,4009,0.4365847522428531,33.69335397553122,-81.8352485050272,40.0,88.5,-1.180225988700565,-1,-1,13,35.73815739403917
4,5548,0.607671496153586,46.57081484602019,-113.30229125916962,42.0,122.5,-1.1808163265306122,-1,-1,13,35.73815739403917
5,13543,0.862254353455118,114.77558151386263,-276.09340066027414,50.688443084237946,299.0,-1.176818179949035,-1,-1,13,35.73815739403917
6,16809,0.0130958646473829,141.48258343904573,-342.9630863276884,54.28851010007353,371.0,-1.1795350569237806,-1,-1,13,35.73815739403917
7,20057,0.9044681408949388,169.84901344712085,-409.1458329630643,57.888593782966325,443.0,-1.1773146367886318,-1,-1,13,35.73815739403917
8,23296,0.038944618924219,195.72476038982,-475.276570188714,61.43861719050259,514.0,-1.1801485482326146,-1,-1,13,35.73815739403917
1,1506,0.1775071129891319,23.80255404999995,-23.21639336108929,-67.0,33.25,-0.7729323308270678,1,1,14,-68.69928411640001
2,2287,0.7530898713283802,35.075930359795564,-36.33082863622535,-66.0,50.5,-0.802970297029703,1,1,14,-68.69928411640001
3,4009,0.4365839190798546,62.72567016571199,-62.43188530120094,-64.4,88.5,-0.7830508474576271,1,1,14,-68.69928411640001
4,5548,0.6075138340788466,86.87566363985833,-86.36474435285614,-62.400000000000006,122.5,-0.7824489795918368,1,1,14,-68.69928411640001
5,13539,0.7605563231802156,212.0208850894829,-210.8272854396989,-53.749044660642696,299.0,-0.7825754091258357,1,1,14,-68.69928411640001
6,16809,0.9716647565902616,262.8700199069071,-261.80212496109004,-50.148952030049884,370.9999999999999,-0.7833628095452984,1,1,14,-68.69928411640001
7,20093,0.0264275282460694,313.7653057964385,-312.73044763576735,-46.548870677076636,443.0,-0.783746344987193,1,1,14,-68.69928411640001
8,23253,0.5750771089021375,363.7551891855382,-363.1503302223382,-42.998777739700785,514.0,-0.784566062378195,1,1,14,-68.69928411640001
1,1506,0.1775071129891319,23.23712881889255,-23.782311583489804,-67.0,33.25,-0.7969924812030075,-1,-1,14,-68.69928411640001
2,2287,0.7530898713283802,36.348337416929084,-35.05778611129164,-66.0,50.5,-0.7673267326732673,-1,-1,14,-68.69928411640001
3,4009,0.4365839190798546,62.442852423684606,-62.71475250045993,-64.4,88.5,-0.7875706214689265,-1,-1,14,-68.69928411640001
4,5548,0.6075138340788466,86.38073512644222,-86.8597639820385,-62.400000000000006,122.5,-0.7881632653061226,-1,-1,14,-68.69928411640001
5,13548,0.255564323183829,210.87506704949504,-211.97336176244167,-53.74903587505311,299.0,-0.787995529659914,-1,-1,14,-68.69928411640001
6,16807,0.1906821961499078,261.80455203444865,-262.8676026710817,-50.148950409730105,371.00000000000006,-0.7874242842282041,-1,-1,14,-68.69928411640001
7,20061,0.953934940894246,312.8794709724935,-313.61670338802526,-46.548855959064724,443.0,-0.7865749177104174,-1,-1,14,-68.69928411640001
8,23293,0.53826582171993,363.5014276670845,-363.4043369086167,-42.99876983198034,514.0,-0.7852645962108583,-1,-1,14,-68.69928411640001
1,1506,0.177468839785292,30.872532183968154,-12.347034322048776,-56.0,33.25,-0.3804511278195489,1,1,15,-57.666772357980356
2,2287,0.753073858682149,46.29664574703583,-20.171033502859206,-55.2,50.5,-0.41089108910891087,1,1,15,-57.666772357980356
3,4009,0.4365847522428531,81.84113880198306,-33.679043923403476,-53.2,88.5,-0.39039548022598874,1,1,15,-57.666772357980356
4,5548,0.607671496153586,113.31086218337107,-46.549957156382945,-51.6,122.5,-0.38979591836734695,1,1,15,-57.666772357980356
5,13533,0.7709835374087999,276.5979351592809,-113.55431416561096,-42.71654646465936,299.00000000000006,-0.3895588072201726,1,1,15,-57.666772357980356
6,16815,0.3806843367274317,342.7920319988684,-141.8965214446317,-39.11640234010551,371.0,-0.3924685170188201,1,1,15,-57.666772357980356
7,20079,0.6639050440350276,409.3022592266098,-169.47171029995872,-35.516330465669206,443.0,-0.3925596935497159,1,1,15,-57.666772357980356
8,23256,0.5143155928230612,474.83157781110265,-196.8018615598409,-31.966259016484628,514.0,-0.3929151008894563,1,1,15,-57.666772357980356
1,1506,0.1774718762486803,30.566553860731993,-13.086186804373918,-56.0,33.25,-0.40451127819548877,-1,-1,15,-57.666772357980356
2,2287,0.753030809514105,47.00435716944452,-18.461863586520447,-55.2,50.5,-0.3742574257425743,-1,-1,15,-57.666772357980356
3,4009,0.4366485490162276,81.6880817142233,-34.04860211301452,-53.2,88.5,-0.3949152542372882,-1,-1,15,-57.666772357980356
4,5548,0.6077005463397485,113.04301390758089,-47.19668427644546,-51.6,122.5,-0.3955102040816327,-1,-1,15,-57.666772357980356
5,13552,0.8022284681616811,276.0196307957536,-114.95287475907628,-42.71650122695541,299.0,-0.3946203821455868,-1,-1,15,-57.666772357980356
6,16781,0.1457038305614806,342.5190532731129,-142.55419371204226,-39.11642736081673,371.0,-0.39438785578233,-1,-1,15,-57.666772357980356
7,20044,0.5514095524621431,409.101421246836,-169.95595645289654,-35.516341220120694,443.0,-0.3937430853354066,-1,-1,15,-57.666772357980356
8,23290,0.6610249854009492,474.8624215826224,-196.7274270880596,-31.966257196232487,514.0,-0.3927583462470633,-1,-1,15,-57.666772357980356
