event,particle,charge,x,y,z,px,py,pz,E,photon_pT
53.0,positron,1,-14.936575152979746,20.047411870348455,124.52996899020984,-3.253709866473459,4.36702933113802,27.12699428250445,27.668237961193626,10.891753407823098
53.0,electron,-1,-14.936575152979746,20.047411870348455,124.52996899020984,-3.253709866473459,4.36702933113802,27.12699428250445,27.668237961193626,10.891753407823098
442.0,positron,1,-23.086448776738777,9.59249096319703,-115.39714255487246,-45.956566679158826,19.095095778159177,-229.7129596540979,235.04185273426992,99.5314765029243
442.0,electron,-1,-23.086448776738777,9.59249096319703,-115.39714255487246,-45.956566679158826,19.095095778159177,-229.7129596540979,235.04185273426992,99.5314765029243
622.0,positron,1,-3.6359827700735217,-24.734179373808388,-106.84109031059008,-5.486758466029287,-37.32428800172395,-161.224982034108,165.57989559484153,75.45083149442897
622.0,electron,-1,-3.6359827700735217,-24.734179373808388,-106.84109031059008,-5.486758466029287,-37.32428800172395,-161.224982034108,165.57989559484153,75.45083149442897
675.0,positron,1,-24.728345790575627,-3.675447518564317,4.458882554088813,-9.372850074789595,-1.393114559340642,1.690062005542527,9.625351748508134,18.95163177142593
675.0,electron,-1,-24.728345790575627,-3.675447518564317,4.458882554088813,-9.372850074789595,-1.393114559340642,1.690062005542527,9.625351748508134,18.95163177142593
774.0,positron,1,-3.8615185781347963,-24.69997316336032,-40.72206617045962,-9.909506126159817,-63.38556462326517,-104.5017798104113,122.62361150210107,128.3109989716318
774.0,electron,-1,-3.8615185781347963,-24.69997316336032,-40.72206617045962,-9.909506126159817,-63.38556462326517,-104.5017798104113,122.62361150210107,128.3109989716318
777.0,positron,1,21.29238651499917,13.100926551045214,10.457179969364065,27.04517649217972,16.64054287829628,13.282507232465983,34.42054963474696,63.509030500475056
777.0,electron,-1,21.29238651499917,13.100926551045214,10.457179969364065,27.04517649217972,16.64054287829628,13.282507232465983,34.42054963474696,63.509030500475056
800.0,positron,1,-14.012211478213905,20.704055870524755,11.304966810971777,-1.8556515361212003,2.741859351738505,1.497128348454885,3.6335421588268537,6.621551276921402
800.0,electron,-1,-14.012211478213905,20.704055870524755,11.304966810971777,-1.8556515361212003,2.741859351738505,1.497128348454885,3.6335421588268537,6.621551276921402
810.0,positron,1,24.868484703666418,-2.5609507108707663,-9.732037206290764,20.792278646426833,-2.1411839689749725,-8.136854006257881,22.4301563351397,41.80447440643897
810.0,electron,-1,24.868484703666418,-2.5609507108707663,-9.732037206290764,20.792278646426833,-2.1411839689749725,-8.136854006257881,22.4301563351397,41.80447440643897
850.0,positron,1,-23.50388969238631,8.518636588570764,-88.11228495715636,-11.858650291946855,4.2979921021654315,-44.456163954418244,46.21093849294866,25.22699529131186
850.0,electron,-1,-23.50388969238631,8.518636588570764,-88.11228495715636,-11.858650291946855,4.2979921021654315,-44.456163954418244,46.21093849294866,25.22699529131186
1044.0,positron,1,5.548636026828335,-24.37647714994484,-1.174432621033975,1.9935678246293154,-8.758217386934978,-0.4219615549060851,8.992148576509742,17.964485460842724
1044.0,electron,-1,5.548636026828335,-24.37647714994484,-1.174432621033975,1.9935678246293154,-8.758217386934978,-0.4219615549060851,8.992148576509742,17.964485460842724
1148.0,positron,1,23.06414130114109,-9.646003630571464,-1.074095168403348,4.756818100615115,-1.9894208966813498,-0.22152462873575557,5.160832016993823,10.31215088068285
1148.0,electron,-1,23.06414130114109,-9.646003630571464,-1.074095168403348,4.756818100615115,-1.9894208966813498,-0.22152462873575557,5.160832016993823,10.31215088068285
1205.0,positron,1,-21.848277649160508,12.15124535861216,79.1283714334489,-9.369572477873646,5.2110274279820405,33.93397974463646,35.58733871172029,21.442359503870687
1205.0,electron,-1,-21.848277649160508,12.15124535861216,79.1283714334489,-9.369572477873646,5.2110274279820405,33.93397974463646,35.58733871172029,21.442359503870687
1270.0,positron,1,9.822658208436454,-22.989462493069208,45.79550864514852,2.2137840363522105,-5.181255826224624,10.321174148988035,11.758949251958416,11.268762433629435
1270.0,electron,-1,9.822658208436454,-22.989462493069208,45.79550864514852,2.2137840363522105,-5.181255826224624,10.321174148988035,11.758949251958416,11.268762433629435
1370.0,positron,1,-14.102217268973854,20.64285513437169,79.12428818614184,-6.105164297929951,8.936752268806622,34.25466861838415,35.92382070958003,21.64611486791464
1370.0,electron,-1,-14.102217268973854,20.64285513437169,79.12428818614184,-6.105164297929951,8.936752268806622,34.25466861838415,35.92382070958003,21.64611486791464
1379.0,positron,1,20.395146126372588,14.45814699343969,1.8778450306887788,24.94140278348815,17.680994557816085,2.2964331309603914,30.65884450671103,61.145437813845525
1379.0,electron,-1,20.395146126372588,14.45814699343969,1.8778450306887788,24.94140278348815,17.680994557816085,2.2964331309603914,30.65884450671103,61.145437813845525
1684.0,positron,1,-5.879200136512646,-24.29886840482144,74.23644096781786,-3.0919080303914988,-12.77892648758481,39.041407444284026,41.1957807630113,26.29531193528581
1684.0,electron,-1,-5.879200136512646,-24.29886840482144,74.23644096781786,-3.0919080303914988,-12.77892648758481,39.041407444284026,41.1957807630113,26.29531193528581
1914.0,positron,1,-22.277185793454738,11.345791868525465,3.8277075389338826,-20.426188271795038,10.403077073909095,3.509665698555354,23.18988859904519,45.84553107645325
1914.0,electron,-1,-22.277185793454738,11.345791868525465,3.8277075389338826,-20.426188271795038,10.403077073909095,3.509665698555354,23.18988859904519,45.84553107645325
2396.0,positron,1,5.4297098683722895,24.403242627677585,-12.36545852617223,3.2290099575337874,14.512435351266008,-7.353650504064745,16.58654457282949,29.734645458153874
2396.0,electron,-1,5.4297098683722895,24.403242627677585,-12.36545852617223,3.2290099575337874,14.512435351266008,-7.353650504064745,16.58654457282949,29.734645458153874
2484.0,positron,1,-12.062872130425768,21.89719424869308,-30.057904451891602,-4.395084935427914,7.9782018353512,-10.951541359195158,14.244463284286594,18.21740663379139
2484.0,electron,-1,-12.062872130425768,21.89719424869308,-30.057904451891602,-4.395084935427914,7.9782018353512,-10.951541359195158,14.244463284286594,18.21740663379139
2691.0,positron,1,12.17392318160698,21.835649620937136,-16.999239564244014,3.031246386035931,5.43696826510412,-4.232726190709524,7.527619117232457,12.44975157480746
2691.0,electron,-1,12.17392318160698,21.835649620937136,-16.999239564244014,3.031246386035931,5.43696826510412,-4.232726190709524,7.527619117232457,12.44975157480746
2844.0,positron,1,-24.49121351081939,-5.018013627667603,-57.73036914569032,-7.74177264499159,-1.5862146078515134,-18.24880553345921,19.88642813244533,15.805204265545145
2844.0,electron,-1,-24.49121351081939,-5.018013627667603,-57.73036914569032,-7.74177264499159,-1.5862146078515134,-18.24880553345921,19.88642813244533,15.805204265545145
3000.0,positron,1,10.17390540225878,22.83619164540992,-24.76935172393009,2.3056918276465463,5.175320427070422,-5.6134286282324775,7.975633974248591,11.331399971217756
3000.0,electron,-1,10.17390540225878,22.83619164540992,-24.76935172393009,2.3056918276465463,5.175320427070422,-5.6134286282324775,7.975633974248591,11.331399971217756
3042.0,positron,1,7.342007314926029,23.897592527021896,41.88175968932148,1.4696905068220252,4.783714230502494,8.383705161837923,9.763730038544834,10.008778551842347
3042.0,electron,-1,7.342007314926029,23.897592527021896,41.88175968932148,1.4696905068220252,4.783714230502494,8.383705161837923,9.763730038544834,10.008778551842347
3163.0,positron,1,24.344810818205097,5.685963966277318,33.34318222830971,18.390393997705583,4.295252831391942,25.18788348346344,31.481506676983493,37.77066524573937
3163.0,electron,-1,24.344810818205097,5.685963966277318,33.34318222830971,18.390393997705583,4.295252831391942,25.18788348346344,31.481506676983493,37.77066524573937
3287.0,positron,1,-23.436101482516108,8.70339860636099,-39.008407761219715,-4.553029706778447,1.6908457421665584,-7.57832694501084,9.001115382000561,9.713709658953125
3287.0,electron,-1,-23.436101482516108,8.70339860636099,-39.008407761219715,-4.553029706778447,1.6908457421665584,-7.57832694501084,9.001115382000561,9.713709658953125
3315.0,positron,1,-24.901029135254912,-2.2223294096929367,-24.996824895969926,-7.66684209465287,-0.68423873462708,-7.6963368985322544,10.884955305650747,15.394628979005018
3315.0,electron,-1,-24.901029135254912,-2.2223294096929367,-24.996824895969926,-7.66684209465287,-0.68423873462708,-7.6963368985322544,10.884955305650747,15.394628979005018
3344.0,positron,1,22.552247296114523,10.788704365904891,20.94219443741291,5.149561800891533,2.4634839780844078,4.781923640945739,7.4467129499743425,11.416959324002136
3344.0,electron,-1,22.552247296114523,10.788704365904891,20.94219443741291,5.149561800891533,2.4634839780844078,4.781923640945739,7.4467129499743425,11.416959324002136
3585.0,positron,1,24.159192608170905,-6.429106665882928,69.84947407672354,27.215776510712963,-7.242507356103735,78.6867221390505,83.57483260451339,56.32592312192645
3585.0,electron,-1,24.159192608170905,-6.429106665882928,69.84947407672354,27.215776510712963,-7.242507356103735,78.6867221390505,83.57483260451339,56.32592312192645
3604.0,positron,1,-22.97027906624433,9.867435311105787,-69.17049507908098,-17.894119999289057,7.686849212103123,-53.88463656822612,57.2960839800451,38.950593390014845
3604.0,electron,-1,-22.97027906624433,9.867435311105787,-69.17049507908098,-17.894119999289057,7.686849212103123,-53.88463656822612,57.2960839800451,38.950593390014845
3616.0,positron,1,5.118445302573881,24.470421281305303,-9.043589189440889,2.057475182580856,9.836440856028347,-3.6352757954401467,10.68662729536278,20.098634067128025
3616.0,electron,-1,5.118445302573881,24.470421281305303,-9.043589189440889,2.057475182580856,9.836440856028347,-3.6352757954401467,10.68662729536278,20.098634067128025
3648.0,positron,1,18.56618838744225,-16.742062261322666,24.677536112193522,5.134031613379927,-4.629613528048822,6.823977431254556,9.713818508112487,13.826294084284068
3648.0,electron,-1,18.56618838744225,-16.742062261322666,24.677536112193522,5.134031613379927,-4.629613528048822,6.823977431254556,9.713818508112487,13.826294084284068
3659.0,positron,1,1.245811361897317,24.96893978627382,107.69195746932644,0.38041966548981526,7.624489558887592,32.884704449983396,33.75916685758455,15.267948147079526
3659.0,electron,-1,1.245811361897317,24.96893978627382,107.69195746932644,0.38041966548981526,7.624489558887592,32.884704449983396,33.75916685758455,15.267948147079526
3767.0,positron,1,8.235441635544824,-23.604607623672432,107.74078899128989,1.630498596389512,-4.67337166626364,21.331121389530075,21.89784619862719,9.899278439131605
3767.0,electron,-1,8.235441635544824,-23.604607623672432,107.74078899128989,1.630498596389512,-4.67337166626364,21.331121389530075,21.89784619862719,9.899278439131605
4053.0,positron,1,22.24319094363145,-11.412294100887502,95.48037436673569,41.129150837829314,-21.10209666727073,176.5496114893645,182.5011530085257,92.45335109980068
4053.0,electron,-1,22.24319094363145,-11.412294100887502,95.48037436673569,41.129150837829314,-21.10209666727073,176.5496114893645,182.5011530085257,92.45335109980068
4347.0,positron,1,-24.20291474774617,6.262500915235935,-76.89666860655039,-18.75091864338462,4.851797661132772,-59.57477403100822,62.644158477555536,38.73690181289166
4347.0,electron,-1,-24.20291474774617,6.262500915235935,-76.89666860655039,-18.75091864338462,4.851797661132772,-59.57477403100822,62.644158477555536,38.73690181289166
4477.0,positron,1,17.99924585543383,-17.350133965927984,100.19264121827969,4.380369501583903,-4.222398998444822,24.383287688867032,25.130877596903158,12.168202870181652
4477.0,electron,-1,17.99924585543383,-17.350133965927984,100.19264121827969,4.380369501583903,-4.222398998444822,24.383287688867032,25.130877596903158,12.168202870181652
4512.0,positron,1,23.70368434725964,-7.945775504346844,-31.316881599259936,11.551395098748415,-3.8721740836579484,-15.261495525930663,19.52797241265828,24.366243933896843
4512.0,electron,-1,23.70368434725964,-7.945775504346844,-31.316881599259936,11.551395098748415,-3.8721740836579484,-15.261495525930663,19.52797241265828,24.366243933896843
4622.0,positron,1,6.69635195914736,24.086487299712743,20.79759569523067,2.4141847615539156,8.683717784411755,7.497998747780619,11.724130152977143,18.026119118903896
4622.0,electron,-1,6.69635195914736,24.086487299712743,20.79759569523067,2.4141847615539156,8.683717784411755,7.497998747780619,11.724130152977143,18.026119118903896
4761.0,positron,1,14.728271085941019,20.200941334973322,146.1495630076897,11.781471776135028,16.15918248656689,116.90828757987593,118.6063655994273,39.99611260340367
4761.0,electron,-1,14.728271085941019,20.200941334973322,146.1495630076897,11.781471776135028,16.15918248656689,116.90828757987593,118.6063655994273,39.99611260340367
4854.0,positron,1,0.22338516438677442,-24.999001961445018,47.30179730433079,0.1587507114727509,-17.765769532558334,33.615455156192766,38.02165954071939,35.532957595582786
4854.0,electron,-1,0.22338516438677442,-24.999001961445018,47.30179730433079,0.1587507114727509,-17.765769532558334,33.615455156192766,38.02165954071939,35.532957595582786
4989.0,positron,1,24.242240404081063,-6.108500649974566,-82.85795260488632,8.567320203841357,-2.1587724633278973,-29.282384778317308,30.586227821177953,17.670231919651886
4989.0,electron,-1,24.242240404081063,-6.108500649974566,-82.85795260488632,8.567320203841357,-2.1587724633278973,-29.282384778317308,30.586227821177953,17.670231919651886
4991.0,positron,1,13.650062448371463,20.944588684325105,-0.3833592264758254,17.853560822171286,27.394415914600565,-0.5014136230155677,32.702523953885205,65.39735949816598
4991.0,electron,-1,13.650062448371463,20.944588684325105,-0.3833592264758254,17.853560822171286,27.394415914600565,-0.5014136230155677,32.702523953885205,65.39735949816598
5200.0,positron,1,-24.98531064122579,-0.8568851506761599,121.65267290503364,-5.643455933489344,-0.19354546586758142,27.477805202788083,28.05202013194347,11.293547665918622
5200.0,electron,-1,-24.98531064122579,-0.8568851506761599,121.65267290503364,-5.643455933489344,-0.19354546586758142,27.477805202788083,28.05202013194347,11.293547665918622
5227.0,positron,1,-24.25232250916931,-6.068348450051252,-121.68707397318465,-8.432562394559342,-2.109972227098566,-42.3107454348868,43.1944356438773,17.38506155724088
5227.0,electron,-1,-24.25232250916931,-6.068348450051252,-121.68707397318465,-8.432562394559342,-2.109972227098566,-42.3107454348868,43.1944356438773,17.38506155724088
5271.0,positron,1,-24.02440656236703,6.9157710579584855,-41.21720669633376,-8.422088734456981,2.424419407243711,-14.449263139208862,16.899425829873245,17.528193074391567
5271.0,electron,-1,-24.02440656236703,6.9157710579584855,-41.21720669633376,-8.422088734456981,2.424419407243711,-14.449263139208862,16.899425829873245,17.528193074391567
5401.0,positron,1,24.98290747425606,0.9243019705489118,71.37716804871755,31.09418761553483,1.1504032873384464,88.83734037198852,94.12887429244088,62.23092257691826
5401.0,electron,-1,24.98290747425606,0.9243019705489118,71.37716804871755,31.09418761553483,1.1504032873384464,88.83734037198852,94.12887429244088,62.23092257691826
5423.0,positron,1,-7.457102601715692,23.86192827052091,52.69254415522538,-4.891127441467035,15.651083055154748,34.561137541414546,38.253780945216356,32.79509283097238
5423.0,electron,-1,-7.457102601715692,23.86192827052091,52.69254415522538,-4.891127441467035,15.651083055154748,34.561137541414546,38.253780945216356,32.79509283097238
5428.0,positron,1,24.927152744495913,1.907106722910331,-3.1672985635579285,102.15357140437655,7.81548397410146,-12.97985627511495,103.27105407296439,204.9042111857977
5428.0,electron,-1,24.927152744495913,1.907106722910331,-3.1672985635579285,102.15357140437655,7.81548397410146,-12.97985627511495,103.27105407296439,204.9042111857977
5475.0,positron,1,-3.3016283819149765,-24.781026008374504,-7.0427138317593165,-0.40501167595801085,-3.0398953833167273,-0.8639316732063881,3.1861224607886403,6.1335139680847455
5475.0,electron,-1,-3.3016283819149765,-24.781026008374504,-7.0427138317593165,-0.40501167595801085,-3.0398953833167273,-0.8639316732063881,3.1861224607886403,6.1335139680847455
5675.0,positron,1,6.289134293191184,-24.196007725288208,0.24543526458467022,4.574537530711511,-17.599488303588657,0.17852263552683417,18.185165726477106,36.36857886517108
5675.0,electron,-1,6.289134293191184,-24.196007725288208,0.24543526458467022,4.574537530711511,-17.599488303588657,0.17852263552683417,18.185165726477106,36.36857886517108
5702.0,positron,1,-2.9260150466895003,24.828178264756893,100.09624493171206,-0.6299154770114771,5.345035314382632,21.548820791114665,22.21076030908784,10.764050542463286
5702.0,electron,-1,-2.9260150466895003,24.828178264756893,100.09624493171206,-0.6299154770114771,5.345035314382632,21.548820791114665,22.21076030908784,10.764050542463286
5736.0,positron,1,23.827596887816146,-7.56608396409493,43.186253874705855,54.36447946757348,-17.262597577613914,98.53273173566951,113.85162768357893,114.07881315839256
5736.0,electron,-1,23.827596887816146,-7.56608396409493,43.186253874705855,54.36447946757348,-17.262597577613914,98.53273173566951,113.85162768357893,114.07881315839256
5797.0,positron,1,24.505319472309942,4.948668261262543,16.055858576771776,44.186480413334685,8.923133340312107,28.950933748219473,53.57447083099181,90.15691565103587
5797.0,electron,-1,24.505319472309942,4.948668261262543,16.055858576771776,44.186480413334685,8.923133340312107,28.950933748219473,53.57447083099181,90.15691565103587
5853.0,positron,1,0.9089114190682822,-24.9834721372408,135.08175938131737,1.0658489838479266,-29.29725365071094,158.40570703859862,161.09572659735207,58.63327060741078
5853.0,electron,-1,0.9089114190682822,-24.9834721372408,135.08175938131737,1.0658489838479266,-29.29725365071094,158.40570703859862,161.09572659735207,58.63327060741078
6193.0,positron,1,12.723777756506786,-21.51988567820524,-25.616959347376568,3.7277100793781788,-6.304723037832715,-7.505050731761085,10.486712616734751,14.648597887808409
6193.0,electron,-1,12.723777756506786,-21.51988567820524,-25.616959347376568,3.7277100793781788,-6.304723037832715,-7.505050731761085,10.486712616734751,14.648597887808409
6317.0,positron,1,23.042738297885982,9.69702076594346,-83.04729071319672,2.613764777969519,1.0999444163972179,-9.420151397191498,9.837728212332681,5.671558527853684
6317.0,electron,-1,23.042738297885982,9.69702076594346,-83.04729071319672,2.613764777969519,1.0999444163972179,-9.420151397191498,9.837728212332681,5.671558527853684
6399.0,positron,1,-16.555876541023935,18.732403795518966,-7.358353645726565,-17.706964421659688,20.03482006630758,-7.869961211900401,27.872332044449738,53.47637250671526
6399.0,electron,-1,-16.555876541023935,18.732403795518966,-7.358353645726565,-17.706964421659688,20.03482006630758,-7.869961211900401,27.872332044449738,53.47637250671526
6407.0,positron,1,-7.955802767675134,-23.700320721919624,9.858755836906836,-4.686056040975406,-13.959751685053474,5.806916497948719,15.82889975777421,29.45055438035185
6407.0,electron,-1,-7.955802767675134,-23.700320721919624,9.858755836906836,-4.686056040975406,-13.959751685053474,5.806916497948719,15.82889975777421,29.45055438035185
6440.0,positron,1,16.000957115163686,-19.208575465106534,10.207062658952733,3.8194347765943055,-4.5850945422969165,2.436429883905879,6.445724517356337,11.935019727584695
6440.0,electron,-1,16.000957115163686,-19.208575465106534,10.207062658952733,3.8194347765943055,-4.5850945422969165,2.436429883905879,6.445724517356337,11.935019727584695
6692.0,positron,1,22.990308673408414,9.820677527614983,17.89562105876449,6.454925099336707,2.7573243476637415,5.024503810775145,8.632180149925059,14.038361100394344
6692.0,electron,-1,22.990308673408414,9.820677527614983,17.89562105876449,6.454925099336707,2.7573243476637415,5.024503810775145,8.632180149925059,14.038361100394344
6885.0,positron,1,24.993042156095584,-0.5897828275128044,-28.181139688791344,12.171546260907524,-0.2872226967860394,-13.724141433641533,18.346146553147264,24.34986942543725
6885.0,electron,-1,24.993042156095584,-0.5897828275128044,-28.181139688791344,12.171546260907524,-0.2872226967860394,-13.724141433641533,18.346146553147264,24.34986942543725
6922.0,positron,1,20.195616874120276,14.735571216405162,-21.570445583698238,12.922296923169469,9.428651166130406,-13.801990022637531,21.127710457314425,31.992825482168804
6922.0,electron,-1,20.195616874120276,14.735571216405162,-21.570445583698238,12.922296923169469,9.428651166130406,-13.801990022637531,21.127710457314425,31.992825482168804
7045.0,positron,1,-5.465155583939395,-24.395328947225448,58.27739253588103,-3.2604634826833694,-14.554037475936411,34.767776929834525,37.83185088804943,29.82955775554665
7045.0,electron,-1,-5.465155583939395,-24.395328947225448,58.27739253588103,-3.2604634826833694,-14.554037475936411,34.767776929834525,37.83185088804943,29.82955775554665
7307.0,positron,1,-20.56140019021274,-14.220718062668968,92.49055139579208,-5.019444780910734,-3.471558765460137,22.578774363243458,23.389048674901574,12.205989705166086
7307.0,electron,-1,-20.56140019021274,-14.220718062668968,92.49055139579208,-5.019444780910734,-3.471558765460137,22.578774363243458,23.389048674901574,12.205989705166086
7327.0,positron,1,-5.195529056943475,-24.454170969764156,-15.267831822980945,-5.254801130373172,-24.733151108551972,-15.44201159158691,29.627646222286057,50.5704142232684
7327.0,electron,-1,-5.195529056943475,-24.454170969764156,-15.267831822980945,-5.254801130373172,-24.733151108551972,-15.44201159158691,29.627646222286057,50.5704142232684
7331.0,positron,1,-9.986796507685586,22.918636423532682,9.667514666569904,-57.16006078827938,131.17626359418014,55.332630998083765,153.4150733566286,286.17815905375886
7331.0,electron,-1,-9.986796507685586,22.918636423532682,9.667514666569904,-57.16006078827938,131.17626359418014,55.332630998083765,153.4150733566286,286.17815905375886
7351.0,positron,1,11.151990179057936,-22.37483217917389,-46.61763779002026,3.2602349236513968,-6.5411830633035954,-13.628459883919486,15.464511839455158,14.617278491572367
7351.0,electron,-1,11.151990179057936,-22.37483217917389,-46.61763779002026,3.2602349236513968,-6.5411830633035954,-13.628459883919486,15.464511839455158,14.617278491572367
7446.0,positron,1,-20.507389161268158,-14.298496067359713,38.78854724438169,-7.683274549870557,-5.357057891272569,14.53247195562461,17.28940479600585,18.73294179344337
7446.0,electron,-1,-20.507389161268158,-14.298496067359713,38.78854724438169,-7.683274549870557,-5.357057891272569,14.53247195562461,17.28940479600585,18.73294179344337
7500.0,positron,1,-8.172095422007386,23.626613308165982,-60.98317229660368,-1.7592511693584734,5.08622879982983,-13.128177246324416,14.188506823905671,10.763770358216966
7500.0,electron,-1,-8.172095422007386,23.626613308165982,-60.98317229660368,-1.7592511693584734,5.08622879982983,-13.128177246324416,14.188506823905671,10.763770358216966
7528.0,positron,1,24.73960586136692,3.5988750776068477,-23.163904639376526,5.4876303031166564,0.7982866034194553,-5.138115204820153,7.559866116730324,11.09077956590666
7528.0,electron,-1,24.73960586136692,3.5988750776068477,-23.163904639376526,5.4876303031166564,0.7982866034194553,-5.138115204820153,7.559866116730324,11.09077956590666
7768.0,positron,1,24.966660224078858,1.2906886748549429,115.1190178458106,32.21300469942571,1.6652992420868256,148.53125846940097,151.99337365765297,64.51204207993784
7768.0,electron,-1,24.966660224078858,1.2906886748549429,115.1190178458106,32.21300469942571,1.6652992420868256,148.53125846940097,151.99337365765297,64.51204207993784
7800.0,positron,1,15.156380947085273,19.88175335796193,-11.729707823355499,49.76343181923483,65.27839865796263,-38.51252601560864,90.66908589965193,164.16660412855632
7800.0,electron,-1,15.156380947085273,19.88175335796193,-11.729707823355499,49.76343181923483,65.27839865796263,-38.51252601560864,90.66908589965193,164.16660412855632
7892.0,positron,1,18.050653873931154,17.296644030664854,76.72129080449004,5.984388695148269,5.734409496965868,25.435645078245663,26.751979382468015,16.576653502261635
7892.0,electron,-1,18.050653873931154,17.296644030664854,76.72129080449004,5.984388695148269,5.734409496965868,25.435645078245663,26.751979382468015,16.576653502261635
7918.0,positron,1,-18.838108173737627,-16.435500614053705,13.165673028021153,-8.126805091804423,-7.0903144224882855,5.679702951823843,12.189197891201871,21.57012003767468
7918.0,electron,-1,-18.838108173737627,-16.435500614053705,13.165673028021153,-8.126805091804423,-7.0903144224882855,5.679702951823843,12.189197891201871,21.57012003767468
7982.0,positron,1,24.228129955118256,6.164228976757881,3.228357274298301,17.87961489140886,4.549011434686118,2.382428396383029,18.602421852056974,36.89846249902532
7982.0,electron,-1,24.228129955118256,6.164228976757881,3.228357274298301,17.87961489140886,4.549011434686118,2.382428396383029,18.602421852056974,36.89846249902532
8119.0,positron,1,-24.023274255801518,6.91970331954657,-47.48226966541358,-16.28502726476334,4.690765963997423,-32.187538129086164,36.37640731510545,33.89427080455233
8119.0,electron,-1,-24.023274255801518,6.91970331954657,-47.48226966541358,-16.28502726476334,4.690765963997423,-32.187538129086164,36.37640731510545,33.89427080455233
8289.0,positron,1,-24.881359076698054,2.43268791595124,78.3564749147827,-24.509500441939192,2.396330737694558,77.18541622395675,81.01880331492984,49.25273648916727
8289.0,electron,-1,-24.881359076698054,2.43268791595124,78.3564749147827,-24.509500441939192,2.396330737694558,77.18541622395675,81.01880331492984,49.25273648916727
8378.0,positron,1,-6.157262658051978,24.229901290755578,14.064784349950441,-1.0711117011781468,4.215011155481666,2.446696840531635,4.989982439518512,8.697953625361688
8378.0,electron,-1,-6.157262658051978,24.229901290755578,14.064784349950441,-1.0711117011781468,4.215011155481666,2.446696840531635,4.989982439518512,8.697953625361688
8401.0,positron,1,19.46965042685762,15.682241939721598,-17.046076497191628,11.644344760356551,9.379183896878724,-10.194861602183703,18.096824543471485,29.90383624015569
8401.0,electron,-1,19.46965042685762,15.682241939721598,-17.046076497191628,11.644344760356551,9.379183896878724,-10.194861602183703,18.096824543471485,29.90383624015569
8443.0,positron,1,19.05960437934178,-16.17811734729896,19.99079823943924,6.43779916748527,-5.464513759939706,6.752330305592232,10.812036501476662,16.888596004812765
8443.0,electron,-1,19.05960437934178,-16.17811734729896,19.99079823943924,6.43779916748527,-5.464513759939706,6.752330305592232,10.812036501476662,16.888596004812765
8666.0,positron,1,-0.1160014271362056,-24.99973087192945,-19.322613538097844,-0.03050067304605471,-6.573269281150862,-5.080564372960613,8.307883826906494,13.146680087927573
8666.0,electron,-1,-0.1160014271362056,-24.99973087192945,-19.322613538097844,-0.03050067304605471,-6.573269281150862,-5.080564372960613,8.307883826906494,13.146680087927573
8671.0,positron,1,-5.618713297893865,24.360419965100576,-20.30799766639023,-9.305097633365966,40.34305972686421,-33.63188171476244,53.34089217258724,82.80452427474735
8671.0,electron,-1,-5.618713297893865,24.360419965100576,-20.30799766639023,-9.305097633365966,40.34305972686421,-33.63188171476244,53.34089217258724,82.80452427474735
8810.0,positron,1,-23.62184276252708,-8.185874693790948,8.557623876703158,-7.771027399995937,-2.6929591047526507,2.815255790721609,8.692902895957676,16.448817050640184
8810.0,electron,-1,-23.62184276252708,-8.185874693790948,8.557623876703158,-7.771027399995937,-2.6929591047526507,2.815255790721609,8.692902895957676,16.448817050640184
8882.0,positron,1,-24.953515663159916,-1.5238294026670531,40.7522624143094,-10.19696886121235,-0.6226954621763341,16.652946080706506,19.53679955269203,20.43192830793504
8882.0,electron,-1,-24.953515663159916,-1.5238294026670531,40.7522624143094,-10.19696886121235,-0.6226954621763341,16.652946080706506,19.53679955269203,20.43192830793504
8926.0,positron,1,13.408310349850563,21.10017093679789,-22.068569269605543,3.275105872548038,5.153915142458229,-5.390455540464412,8.145315875138444,12.21297011738895
8926.0,electron,-1,13.408310349850563,21.10017093679789,-22.068569269605543,3.275105872548038,5.153915142458229,-5.390455540464412,8.145315875138444,12.21297011738895
8973.0,positron,1,1.4797169538868247,-24.956170333935052,-78.35703182002611,0.9686074146790318,-16.336051002150793,-51.29170265553575,53.83905203449014,32.729482896534925
8973.0,electron,-1,1.4797169538868247,-24.956170333935052,-78.35703182002611,0.9686074146790318,-16.336051002150793,-51.29170265553575,53.83905203449014,32.729482896534925
9026.0,positron,1,23.452762918899417,8.658401207491865,-2.4956522526643243,10.906772612703984,4.026613558762184,-1.1606100199928855,11.684105494018146,23.252639039630505
9026.0,electron,-1,23.452762918899417,8.658401207491865,-2.4956522526643243,10.906772612703984,4.026613558762184,-1.1606100199928855,11.684105494018146,23.252639039630505
9113.0,positron,1,16.832239357532647,-18.48447235413359,-8.399026377825782,7.002401692643683,-7.689749281178457,-3.494089840061979,10.971533041601253,20.800564749306563
9113.0,electron,-1,16.832239357532647,-18.48447235413359,-8.399026377825782,7.002401692643683,-7.689749281178457,-3.494089840061979,10.971533041601253,20.800564749306563
9140.0,positron,1,23.86061144797496,7.461314986566787,-107.80721794035314,15.755125664969361,4.926695005096177,-71.1849430155804,73.07388329987427,33.014924406529595
9140.0,electron,-1,23.86061144797496,7.461314986566787,-107.80721794035314,15.755125664969361,4.926695005096177,-71.1849430155804,73.07388329987427,33.014924406529595
9329.0,positron,1,-17.585641151108508,-17.769221291447725,-5.062511391999842,-4.374853463016206,-4.420523461954709,-1.2594221219766801,6.345590168131028,12.438709016703772
9329.0,electron,-1,-17.585641151108508,-17.769221291447725,-5.062511391999842,-4.374853463016206,-4.420523461954709,-1.2594221219766801,6.345590168131028,12.438709016703772
9367.0,positron,1,6.776961261202718,-24.063931434081123,-8.76411528624026,2.09114213017262,-7.425319239682611,-2.704310973956247,8.174444266348862,15.42831698141876
9367.0,electron,-1,6.776961261202718,-24.063931434081123,-8.76411528624026,2.09114213017262,-7.425319239682611,-2.704310973956247,8.174444266348862,15.42831698141876
9415.0,positron,1,18.948584895152315,16.30800816995152,-14.20461600698345,8.029825163654364,6.910830286100108,-6.01947763825381,12.184899607283311,21.18845604588832
9415.0,electron,-1,18.948584895152315,16.30800816995152,-14.20461600698345,8.029825163654364,6.910830286100108,-6.01947763825381,12.184899607283311,21.18845604588832
9640.0,positron,1,10.277066409474793,-22.78995186513664,23.69848096631058,3.8907739687727547,-8.62800218793071,8.971960398949093,13.0413426161315,18.929399761325428
9640.0,electron,-1,10.277066409474793,-22.78995186513664,23.69848096631058,3.8907739687727547,-8.62800218793071,8.971960398949093,13.0413426161315,18.929399761325428
9771.0,positron,1,23.32174490384294,-9.005343671402882,-9.360664791110763,9.479693203971433,-3.6604420275242004,-3.8048709807440466,10.850827722270584,20.3237220093454
9771.0,electron,-1,23.32174490384294,-9.005343671402882,-9.360664791110763,9.479693203971433,-3.6604420275242004,-3.8048709807440466,10.850827722270584,20.3237220093454
