event,layer,forward_xn3,abs_xn1_mm,abs_xn2_mm,cur_ds_before,trial_ds,trial_dw,ds_ratio,dw_ratio,result
0,1304,378.34594025699096,2.3761628954143134e-07,1.341546070408141,,1.9412438834055464e-06,1.5698307416464965,1.0177708731429271,0.9442572589608526,accepted
0,1304,378.3452815010347,2.4937064179346877e-07,1.5159883602497712,,1.3486991523486091e-06,1.5421571044039988,0.6947602843093422,0.9823715789808827,accepted
0,1302,304.9213466623129,2.3963635967257324e-06,0.750052213866074,,0.0,1.438442318277791,0.0,0.9327469387975937,accepted
0,1302,304.9212138951483,2.337783554354663e-06,0.8022128091571432,,2.3360154559928683e-06,1.3636295747730713,,0.9479904459469108,accepted
0,808,124.90627489095642,0.09996437402462148,0.1499999625156213,2.3360154559928683e-06,0.035121467039192576,1.27664958770651,15034.775112078625,0.9362143585943887,3x_ds
0,808,124.90627489095642,0.09996437402462148,0.1499999625156213,2.3360154559928683e-06,0.035121467039192576,1.27664958770651,15034.775112078625,0.9362143585943887,3x_ds
0,806,90.23297685581736,0.0994371247882864,0.0999999787204627,2.3360154559928683e-06,0.035043278545968885,1.2760461497463254,15001.3042319853,0.9357718352204841,3x_ds
0,806,90.23297685581736,0.0994371247882864,0.0999999787204627,2.3360154559928683e-06,0.035043278545968885,1.2760461497463254,15001.3042319853,0.9357718352204841,3x_ds
0,804,51.4697805122479,0.0967103200255246,1.049924347287679,2.3360154559928683e-06,0.032801486397029796,1.3284121217386644,14041.63928491145,0.9741737391987354,3x_ds
0,804,51.4697805122479,0.0967103200255246,1.049924347287679,2.3360154559928683e-06,0.032801486397029796,1.3284121217386644,14041.63928491145,0.9741737391987354,3x_ds
0,802,33.92086784339864,0.09898049258079805,0.6999482929279632,2.3360154559928683e-06,0.03434056121429342,1.299340606497349,14700.485446787327,0.9528545218840527,3x_ds
0,802,33.92086784339864,0.09898049258079805,0.6999482929279632,2.3360154559928683e-06,0.03434056121429342,1.299340606497349,14700.485446787327,0.9528545218840527,3x_ds
1,1304,378.33920715756096,3.907475006500624e-06,2.611578827274383,,3.8175350132636815e-06,1.616614554680632,0.8317151647027223,1.3170000437888398,accepted
1,1304,378.3481918667853,6.613255663917723e-06,0.38218412753519776,,4.581694417568746e-06,1.4548558381266925,1.2001708960494302,0.8999398365642604,accepted
1,1302,304.92216187340995,5.364426839690498e-06,0.295247352578743,,4.152001210419469e-06,1.3331751841938315,0.9062152190897768,0.9163623977413873,accepted
1,1302,304.9207784046026,9.027217814639816e-06,0.933311744135342,,5.285723339655177e-06,1.2805450698801573,1.27305438312268,0.9605227317927466,accepted
1,808,124.90636484191849,0.09996188626384805,0.005440481811329517,5.285723339655177e-06,0.03515058507754539,1.1978417589914778,6650.0992993398895,0.9354155407459267,3x_ds
1,808,124.90601763699415,0.0999645921497101,0.29455924228883135,5.285723339655177e-06,0.03502078425952489,1.202314012387121,6625.542429886148,0.9389080014963022,3x_ds
1,806,90.23303215072349,0.09943545004914951,0.004634412110836368,5.285723339655177e-06,0.03505604825234277,1.1978413452235237,6632.21398466718,0.9354152176273081,3x_ds
1,806,90.23280022852192,0.09943716351713745,0.20463423507457268,5.285723339655177e-06,0.03499322051274088,1.2000126763454473,6620.327675913459,0.9371108480061175,3x_ds
1,804,51.47136109965333,0.09678542872683527,0.9693395328163598,5.285723339655177e-06,0.032869707366165644,1.245851013938228,6218.582633632496,0.9729068060484772,3x_ds
1,804,51.46914709415412,0.09683560007315184,1.0805185176038954,5.285723339655177e-06,0.03258938471920777,1.2572188728465652,6165.548710185387,0.9817841655227527,3x_ds
1,802,33.920159124499946,0.09895104231117005,0.7334941443723366,5.285723339655177e-06,0.03417858043329897,1.2255911265492188,6466.206843797593,0.9570855063023425,3x_ds
1,802,33.921543383968874,0.0990108548323593,0.6664017558071205,5.285723339655177e-06,0.03433367607306591,1.220792202900406,6495.549211871109,0.9533379430484681,3x_ds
2,1304,378.34841115259917,3.331711343738751e-06,0.0017019120910246864,,6.314469547333462e-06,1.0858093190340858,0.8819478733586246,0.866025635132141,accepted
2,1304,378.3472841627505,2.9828505208714406e-06,0.8995629762456706,,6.084658042047849e-06,1.0423076581543849,0.9636055723187928,0.959936187581813,accepted
2,1302,304.92202749636635,7.817840950851998e-07,0.4105012385986275,,5.6489945099798315e-06,0.9651268389158077,0.9283996686325874,0.9259519791159923,accepted
2,1302,304.9220840499416,4.1279466482882683e-07,0.36635635794166066,,4.764782288048956e-06,0.903509744278964,0.8434744058666057,0.9361564800062318,accepted
2,808,124.90633154218152,0.09996132388653813,0.09136962492868916,4.764782288048956e-06,0.035125017038475176,0.8457675214059115,7371.798943799777,0.9360912007439023,3x_ds
2,808,124.90609720878173,0.09995249712630162,0.2586301774664358,4.764782288048956e-06,0.034945247120732596,0.850043379502847,7334.070059902295,0.9408236987872386,3x_ds
2,806,90.23301411644879,0.09943514146652394,0.05723734268449679,4.764782288048956e-06,0.03504596739003717,0.8453972574327923,7355.208542883394,0.9356813944574026,3x_ds
2,806,90.23291933070718,0.09943792204576812,0.14276259227626095,4.764782288048956e-06,0.03499484704963684,0.8466558908287304,7344.479754596771,0.9370744435129416,3x_ds
2,804,51.471087875055794,0.09686305174047138,0.9837329452107024,4.764782288048956e-06,0.03164117965869513,0.9138931640456827,6640.634922199416,1.0114923163059022,3x_ds
2,804,51.46944738439155,0.09675773932266285,1.0661256423289185,4.764782288048956e-06,0.03121499871748449,0.9253635002220761,6551.190973778185,1.0241876261783456,3x_ds
2,802,33.92077489371947,0.09892372159102136,0.7044463832809833,4.764782288048956e-06,0.03353390386674809,0.8811169464571159,7037.866966316163,0.9752157650057018,3x_ds
2,802,33.92096019205562,0.09903882246844431,0.6954501855795079,4.764782288048956e-06,0.03360702804140034,0.8802227311537426,7053.213769219553,0.9742260520457304,3x_ds
3,1304,378.34807952786815,1.7237359824475455e-06,0.5021548872433185,,2.861945984730458e-06,0.8905230902839971,0.8974977687342881,0.8976192240505165,accepted
3,1304,378.34793772258405,5.509542485238148e-07,0.5977336234054185,,2.712437560946302e-06,0.8352602896962571,0.9477598722750749,0.937943438872409,accepted
3,1302,304.9223021245407,1.4968971596076684e-06,0.02021524476423921,,2.8906638713609623e-06,0.7625263924460448,1.0657070647379183,0.9129206809572354,accepted
3,1302,304.92216917584756,3.6080321897759086e-06,0.2736238784364383,,2.447246886413633e-06,0.7130098117317817,0.8466037544729949,0.9350624696996742,accepted
3,808,124.90634150662987,0.09995954787718069,0.07654748809349984,2.447246886413633e-06,0.03512113856292936,0.6675040577907178,14351.285421144548,0.9361779414640339,3x_ds
3,808,124.9060656357905,0.09995616988246474,0.2734522841214929,2.447246886413633e-06,0.034787961418910815,0.6738742325586976,14215.141762787787,0.9451121449815252,3x_ds
3,806,90.23303218573298,0.0994438077394815,0.003673904409779364,2.447246886413633e-06,0.03505896141668292,0.6669608684017505,14325.87844378087,0.9354161154975049,3x_ds
3,806,90.23290140558716,0.0994398498731908,0.1536738293914575,2.447246886413633e-06,0.03494222287026974,0.6691624910584884,14278.17645381767,0.9385039028189591,3x_ds
3,804,51.47064599939177,0.09673164194193307,1.0065999179127174,2.447246886413633e-06,0.030144447001727623,0.7559861802166893,12317.697560095135,1.060274582169529,3x_ds
3,804,51.469915706046066,0.09688895434381672,1.0432591926445611,2.447246886413633e-06,0.029948407681071924,0.7621723007572396,12237.591494072925,1.068950648667864,3x_ds
3,802,33.92080996011281,0.09888991280393339,0.702760581603929,2.447246886413633e-06,0.032746876633734344,0.7118065742472311,13381.108712625195,0.9983124531181021,3x_ds
3,802,33.92092548500089,0.09907399312132786,0.6971359873823354,2.447246886413633e-06,0.03283977012316521,0.7111143493292724,13419.067077163969,0.9973416040406156,3x_ds
4,1304,378.3482985018776,3.463291271979188e-06,0.29514222157982156,,1.4386406526727114e-06,0.19296320020238678,0.7741483813502353,1.2356829210505134,accepted
4,1304,378.3483053396339,1.8349528069896643e-06,0.28511491644949377,,1.816844939366304e-06,0.21017886445632758,1.2628900316357412,1.0892173442184023,accepted
4,1302,304.92174294497806,2.234261670631757e-06,0.5689888434168732,,1.9412807921196673e-06,0.29498873404632353,1.0684900786287053,1.4035128356477458,accepted
4,1302,304.92223454989875,5.3877280756016056e-06,0.19695323823771896,,2.84054749624067e-06,0.2824329320869309,1.463233710327449,0.957436333967178,accepted
4,808,124.90632779448643,0.09995800509960491,0.09636022791337448,2.84054749624067e-06,0.03485869276002114,0.2663940569571832,12271.821825248466,0.9432117387613601,3x_ds
4,808,124.90610743959793,0.09995623650225101,0.25363958366844114,2.84054749624067e-06,0.03327468284587108,0.27907056225304605,11714.179357996494,0.9880949795442059,3x_ds
4,806,90.23303165804816,0.09944299382702282,0.010434972791669963,2.84054749624067e-06,0.0350552815800788,0.26421788842877997,12341.029898803945,0.9355066580814151,3x_ds
4,806,90.2329243312737,0.09943965786069298,0.1395649708198142,2.84054749624067e-06,0.034454938083712604,0.2688126094859455,12129.682087453943,0.9517750196468124,3x_ds
4,804,51.47089558255187,0.09681104824380804,0.9937482331960122,2.84054749624067e-06,0.020524202233064164,0.4401807877747277,7225.438849456653,1.5585320894492685,3x_ds
4,804,51.469653758896804,0.09681043845241377,1.0561106373323594,2.84054749624067e-06,0.01972663661881601,0.45797482801086864,6944.660015339747,1.6215347998791698,3x_ds
4,802,33.919981303560924,0.09906960773508414,0.7416559707171395,2.84054749624067e-06,0.024800573631381096,0.37297389935529507,8730.913200431776,1.3205751064486217,3x_ds
4,802,33.92170309097,0.09889443380753574,0.65823954533157,2.84054749624067e-06,0.02617422845140328,0.35277488886419656,9214.501248806306,1.2490572053956333,3x_ds
5,1304,378.34836344654644,1.636366627402981e-06,0.18672666547029088,,1.8880689455997784e-06,0.3463286763255191,1.09820875946113,0.8947726174181597,accepted
5,1304,378.3484088971399,1.6903944134238234e-06,0.05227914554324488,,1.6598311811332784e-06,0.3105455919931436,0.8791157679922561,0.8966788291630159,accepted
5,1302,304.9215750529506,2.6904024185577155e-06,0.6511625292154296,,2.1597375326727915e-06,0.3822562364697687,1.3011790338811404,1.2309182494472772,accepted
5,1302,304.92226517924126,2.7209888548988136e-06,0.14907238763020897,,2.015417772551289e-06,0.3580695547139473,0.9331771764215725,0.9367265215103058,accepted
5,808,124.906307321712,0.09995672264352388,0.11999961515604324,2.015417772551289e-06,0.03487017806557183,0.3376198336675712,17301.71210181905,0.9428889700976871,3x_ds
5,808,124.90615320427062,0.09995801429254451,0.23000023186226687,2.015417772551289e-06,0.03415741956431246,0.344669362501528,16948.059121793423,0.9625765663793328,3x_ds
5,806,90.2330281295038,0.09944261590387352,0.027308356255145844,2.015417772551289e-06,0.03504397360587673,0.3350832682134613,17387.94511150661,0.9358049680631206,3x_ds
5,806,90.23294885102872,0.09944052362996028,0.12269160482540374,2.015417772551289e-06,0.03476603240908356,0.3377550270274187,17250.03762623058,0.9432665318257584,3x_ds
5,804,51.471111887253116,0.09688517170678557,0.9824735891485982,2.015417772551289e-06,0.02373509315110068,0.48293743746300366,11776.760865343942,1.3487252158279979,3x_ds
5,804,51.4694213263689,0.09673513697477665,1.0673849549230912,2.015417772551289e-06,0.022664491434994834,0.5049667702210059,11245.555012797258,1.4102477118570191,3x_ds
5,802,33.92024447384989,0.0990390808378247,0.7295245675935265,2.015417772551289e-06,0.027700640399740312,0.42322232776754626,13744.366442037703,1.1819556345851516,3x_ds
5,802,33.921465420167216,0.09892333297070793,0.6703714810413617,2.015417772551289e-06,0.028507505562261032,0.410762974822915,14144.712798763196,1.147159733116833,3x_ds
6,1304,378.34841115259917,3.3317113670142937e-06,0.00170191209109168,,6.470180001050912e-06,1.0858093191066502,0.9335005021351525,0.8660256351949119,accepted
6,1304,378.34728416275044,2.982845015298292e-06,0.8995629762456114,,5.824104289930968e-06,1.042307658176053,0.9001456356677857,0.9599361875376166,accepted
6,1302,304.9220274963665,7.817849614815742e-07,0.41050123859874005,,5.324423619656043e-06,0.9651268388865002,0.9142047179445602,0.9259519790686249,accepted
6,1302,304.9220840499417,4.1280022092623783e-07,0.3663563579417237,,4.782415130421241e-06,0.9035097442956567,0.8982033497045798,0.9361564800519554,accepted
6,808,124.90631301610883,0.09995516727111954,0.11391964882258925,4.782415130421241e-06,0.035108784948205796,0.8461064368933505,7341.224881310831,0.9364663106682312,3x_ds
6,808,124.906141859985,0.09995897698523172,0.23608019025990354,4.782415130421241e-06,0.034980974925691334,0.8492302365685593,7314.499885878825,0.9399237162965944,3x_ds
6,806,90.23302940415473,0.09944195199787792,0.02271226830962165,4.782415130421241e-06,0.035056797484035354,0.8451939731012291,7330.354335205423,0.9354564003735362,3x_ds
6,806,90.23294248420314,0.0994408710529941,0.1272876885482755,4.782415130421241e-06,0.035008592592890284,0.8463485631205466,7320.274722743838,0.9367342947477885,3x_ds
6,804,51.47060007366828,0.09676274346250735,1.0089425295713028,4.782415130421241e-06,0.03149034260652984,0.9173197491056622,6584.610860361704,1.0152848432429151,3x_ds
6,804,51.46996319304782,0.09685816918868873,1.0409166159524232,4.782415130421241e-06,0.03136915670419229,0.9217717166866852,6559.270964298169,1.02021225836946,3x_ds
6,802,33.920331653310164,0.0990100922481689,0.7254636662698187,4.782415130421241e-06,0.033482219917800884,0.8832475623185109,7001.111155076939,0.9775739198109684,3x_ds
6,802,33.921384838380256,0.09895160188370242,0.6744325221924458,4.782415130421241e-06,0.03365574402414302,0.8781745547079854,7037.394936724906,0.9719591407313248,3x_ds
7,1304,378.3344986344989,1.4533796628999953e-05,3.2106924349979424,,6.494955570929663e-06,1.8019982648918753,1.0203343054247818,1.5565727122243724,accepted
7,1304,378.34318036687625,9.72736256942644e-07,1.9323291855466396,,5.957148794025967e-06,1.8051612499357552,0.9171962346731317,1.0017552653104633,accepted
7,1302,304.9209594740854,2.2150726668815753e-06,0.9030997693346716,,5.643186867531552e-06,1.685818614206108,0.9472966116258054,0.9338881023875875,accepted
7,1302,304.9200681895372,3.481249433357384e-06,1.160301409422568,,5.233511631390348e-06,1.6173465118905135,0.9274035672115879,0.9593834700017002,accepted
7,808,124.90586891132823,0.09995311353774645,0.3520239781349262,5.233511631390348e-06,0.03503042041718888,1.5179475189476526,6693.482862840721,0.9385419313597346,3x_ds
7,808,124.90636494475375,0.09996094036780696,0.002024448769165702,5.233511631390348e-06,0.03515029248165854,1.5128892983675515,6716.387572510357,0.9354144503017711,3x_ds
7,806,90.23282260226114,0.09944118698714244,0.19451652680140363,5.233511631390348e-06,0.03502212305092224,1.51444341299398,6691.897432855839,0.9363753542360875,3x_ds
7,806,90.23302128157923,0.09944175982175774,0.04451667633541512,5.233511631390348e-06,0.03505641765088999,1.5129705776080977,6698.450317875153,0.9354647049874235,3x_ds
7,804,51.469030831837244,0.09683489154953273,1.086042464715505,5.233511631390348e-06,0.03315487633355698,1.5607907076877015,6335.110852662608,0.9650317332822488,3x_ds
7,804,51.4714648360775,0.09678649647301052,0.9638153363261772,5.233511631390348e-06,0.033353093914694945,1.5507393861609462,6372.985533201973,0.9588170344203418,3x_ds
7,802,33.92176382578279,0.09897829855826262,0.6550894932973864,5.233511631390348e-06,0.03457731207317734,1.5305101056370871,6606.904600303992,0.9463093371673807,3x_ds
7,802,33.919912537798325,0.09898306146024388,0.7448058684354856,5.233511631390348e-06,0.03446371637479573,1.5356287699856146,6585.199155397694,0.9494741904074847,3x_ds
8,1304,378.34812186193864,5.988045336519741e-07,0.465606656096621,,1.8367722170881415e-06,0.7194673482577735,0.8549675672072763,0.9083843960436974,accepted
8,1304,378.3481391486554,9.906183363536235e-07,0.44972847065592764,,1.109968255198059e-06,0.6707481743988266,0.6043037045484638,0.9322843851400306,accepted
8,1302,304.92229704282636,2.4805063382164785e-06,0.07130640256486495,,0.0,0.6129500492073242,0.0,0.9138303652584588,accepted
8,1302,304.9223029032441,4.001468961320061e-06,0.0408503433592027,,9.269536374279362e-07,0.5676778292499174,,0.9261404415972337,accepted
8,808,124.90626607046448,0.09996512756796778,0.15717285900688266,9.269536374279362e-07,0.03496209243986463,0.5338948763354727,37717.19644671298,0.9404892155836301,3x_ds
8,808,124.90629411941495,0.09996558372873739,0.13302720127719986,9.269536374279362e-07,0.03501574030977026,0.5330793235919573,37775.07190859098,0.9390525684195282,3x_ds
8,806,90.23298770736567,0.09944069016190549,0.08967135293932124,9.269536374279362e-07,0.03499569458259653,0.531958307790933,37753.44652587027,0.9370778289753164,3x_ds
8,806,90.23300335558984,0.09944094464935882,0.0722283091220233,9.269536374279362e-07,0.035017603116239,0.5316268515688857,37777.081509064534,0.9364939481102045,3x_ds
8,804,51.469670003435574,0.09670684678950137,1.0553281590237504,9.269536374279362e-07,0.027945426596559502,0.6490909289399595,30147.59904724151,1.1434142668520535,3x_ds
8,804,51.46987304478866,0.09671014885601847,1.0453783527726643,9.269536374279362e-07,0.02803343741366266,0.647075199168239,30242.54534611722,1.1398634327911497,3x_ds
8,802,33.92077094928228,0.09901246166716299,0.704623827841712,9.269536374279362e-07,0.031671231216291486,0.5866934287811624,34167.00678166732,1.0334971678502411,3x_ds
8,802,33.92063410634156,0.09901468714727252,0.7111806489406421,9.269536374279362e-07,0.031618579111262125,0.5876836149670491,34110.20555353313,1.0352414427450263,3x_ds
9,1304,378.34837495010663,2.8414113391828465e-07,0.16853286365017875,,0.0,0.40824520407501574,0.0,0.8825357007562421,accepted
9,1304,378.34816986674923,3.4108668958437974e-06,0.4194282739462723,,8.658161166390262e-07,0.40554504266963104,,0.9933859323307849,accepted
9,1302,304.9221708725528,5.103805731599177e-06,0.2850064791623877,,2.237377756024275e-06,0.38684919820068636,2.5841257895607836,0.9538994624471964,accepted
9,1302,304.9208722943217,2.7358551731719833e-08,0.9189961275733208,,2.378332372383677e-06,0.4909982640371359,1.0629999185340397,1.2692239413209796,accepted
9,808,124.90625899077533,0.0999608457465292,0.16270451338829767,2.378332372383677e-06,0.034879126836716935,0.4628571616741742,14665.371098556518,0.9426859432626562,3x_ds
9,808,124.90622454406322,0.099952959029202,0.18729536578009592,2.378332372383677e-06,0.03478958262427726,0.46401188976868774,14627.721099136998,0.9450377399574531,3x_ds
9,806,90.2330015206224,0.0994416840999332,0.0744844334109465,2.378332372383677e-06,0.035000784512601656,0.46004127696351255,14716.523610836704,0.9369509235753999,3x_ds
9,806,90.23300066423819,0.09944108559932768,0.07551554863081274,2.378332372383677e-06,0.03499897506456748,0.46006229178883284,14715.762805469385,0.9369937237782916,3x_ds
9,804,51.47014897569378,0.09678662254047543,1.0316960645395057,2.378332372383677e-06,0.02676373376823429,0.5866859817637939,11253.151190727145,1.1948840245174897,3x_ds
9,804,51.470418366465736,0.0968346668722293,1.0181631638785127,2.378332372383677e-06,0.026912943310794673,0.5837229091898988,11315.888234671444,1.1888492321548203,3x_ds
9,802,33.92086530415153,0.09898321450386044,0.700070954157875,2.378332372383677e-06,0.030781901040110155,0.5219518613974549,12942.6405651028,1.063042172707107,3x_ds
9,802,33.92087038091416,0.09897821207029706,0.6998256316799157,2.378332372383677e-06,0.03078277888183813,0.5219105997394031,12943.00966478717,1.062958136446546,3x_ds
10,1304,378.34809132261705,2.586159172902385e-06,0.48078284360938506,,4.159527879448285e-06,0.8155644409098829,1.0065811351971365,0.9007343379315839,accepted
10,1304,378.3480241310088,2.848910323116805e-06,0.5259552845140096,,3.872679747606564e-06,0.7622833054612046,0.9310382956539366,0.9346696192526058,accepted
10,1302,304.92221793063476,2.8048887504742407e-06,0.21863474770836508,,3.4760474814915095e-06,0.7011723698162157,0.8975819608217835,0.9198317276435498,accepted
10,1302,304.92142815624345,5.424641817373092e-07,0.7100616680348804,,3.0502422146274427e-06,0.699107738198944,0.8775030349466454,0.9970554578215727,accepted
10,808,124.90634174794309,0.09995961411683592,0.07615262045206664,3.0502422146274427e-06,0.035120314977133416,0.6545050260336477,11513.942994006795,0.9362005171331635,3x_ds
10,808,124.90606477156675,0.09995508558464135,0.27384715087682965,3.0502422146274427e-06,0.03477222309120902,0.661027102143032,11399.823569570557,0.9455296602008495,3x_ds
10,806,90.23303149766389,0.09944124247863206,0.011755036994755781,3.0502422146274427e-06,0.03505741741568356,0.6539685773483221,11493.322480282268,0.9354331837794982,3x_ds
10,806,90.23292636078551,0.09944201535859298,0.13824490820276558,3.0502422146274427e-06,0.03496115684924298,0.6557742874911079,11461.76414501992,0.9380160619885675,3x_ds
10,804,51.47125377103268,0.09686036973824552,0.9750145161633305,3.0502422146274427e-06,0.030265136923145152,0.7392727392667338,9922.2077440305,1.0574518044547234,3x_ds
10,804,51.46926605502101,0.09676073407877683,1.0748437643692663,3.0502422146274427e-06,0.029550556967505425,0.7563707510739822,9687.937838443017,1.081908709840003,3x_ds
10,802,33.92049350482698,0.09895294565618204,0.7178639867948073,3.0502422146274427e-06,0.032598245058100356,0.7015570578759561,10687.100487225376,1.0035034938725211,3x_ds
10,802,33.921232717965985,0.09900856096065844,0.6820324027862055,3.0502422146274427e-06,0.03282661651797539,0.6970679415444901,10761.97042994005,0.997082285686454,3x_ds
11,1304,378.34770473396173,1.787853965931097e-06,0.7011880351874678,,3.924904618469211e-06,0.8766192288318922,1.0188569353267019,0.9333994144744723,accepted
11,1304,378.3483914172875,4.081424054902189e-06,0.0795800365963149,,3.3337447399885295e-06,0.7847865117572269,0.849382358058106,0.8952421826326651,accepted
11,1302,304.9222755185605,1.2932968458765851e-06,0.12799666534116386,,3.255093708264654e-06,0.7181797794279839,0.9764076023036647,0.915127577587817,accepted
11,1302,304.9222720882569,1.9762288131660244e-06,0.13862438631888896,,3.308165125091804e-06,0.6668326428018427,1.0163041133631274,0.928503784014863,accepted
11,808,124.90636132925678,0.09995833071385891,0.030130006041273628,3.308165125091804e-06,0.03514429518613158,0.6238550807413523,10623.500900716466,0.935549702726143,3x_ds
11,808,124.90595539067967,0.09995676699665342,0.31986963949872865,3.308165125091804e-06,0.034589265442380585,0.6338557531169934,10455.725193409355,0.9505469775050457,3x_ds
11,806,90.23302965564048,0.09944071842996005,0.021695801995658254,3.308165125091804e-06,0.03505529485711431,0.6238118647292199,10596.597670178722,0.9354848948427874,3x_ds
11,806,90.23286891004803,0.09944269410321349,0.17169569789753295,3.308165125091804e-06,0.03489420456107956,0.6267041714156764,10547.902913434898,0.9398222750200742,3x_ds
11,804,51.47106341895885,0.09673602340799681,0.9850241942664832,3.308165125091804e-06,0.029833100200783953,0.7144367755673088,9018.020283965137,1.071388425985637,3x_ds
11,804,51.469473875644006,0.09688446470791012,1.0648344307434134,3.308165125091804e-06,0.02929780856158796,0.7286064140298485,8856.211057715847,1.0926375933974224,3x_ds
11,802,33.92034929044568,0.09892381669838696,0.7246503243987733,3.308165125091804e-06,0.03233477070060271,0.6744229088332442,9774.231175871366,1.0113825651958328,3x_ds
11,802,33.92136840361686,0.0990384763737599,0.6752458858084543,3.308165125091804e-06,0.0326848248072795,0.6679731630145374,9880.046361462224,1.001710354501997,3x_ds
12,1304,378.3449847099666,2.094335723724837e-05,1.593648674773104,,3.926167939992207e-06,0.7877556507212614,1.2983367700144899,2.6125561678615563,accepted
12,1304,378.3478427200699,2.24997598736646e-06,0.6508232514145262,,4.121584020814025e-06,0.755918946486324,1.0497727259273084,0.9595855590425939,accepted
12,1302,304.92220365979836,5.483493203043194e-06,0.24936204284024327,,3.8730377520226155e-06,0.6970084258370366,0.9396964207119766,0.9220676754788112,accepted
12,1302,304.91813028023904,7.5775622071946294e-06,1.561160182219022,,4.105504317220862e-06,0.8613677064197909,1.060021765880502,1.2358067341659111,accepted
12,808,124.906326923385,0.09995571925248949,0.09748519200077004,4.105504317220862e-06,0.03511663478357005,0.8064659762883922,8553.549593473948,0.9362621448166504,3x_ds
12,808,124.90610971808259,0.0999572919863473,0.25251462155074383,4.105504317220862e-06,0.03493710933642691,0.8106227968561514,8509.821604590803,0.9410879823036821,3x_ds
12,806,90.23302829805068,0.09943925976066431,0.026758116636584155,4.105504317220862e-06,0.03505501722494355,0.8057910378699547,8538.541069827283,0.9354785788512592,3x_ds
12,806,90.23294809898852,0.09944251178541513,0.12324184393390533,4.105504317220862e-06,0.03500761305213761,0.806908560850902,8526.994577814814,0.9367759608782593,3x_ds
12,804,51.470933857692046,0.09681075782972459,0.9917638298808584,4.105504317220862e-06,0.03135648724095371,0.8787025967106484,7637.670020081686,1.0201248435037211,3x_ds
12,804,51.46961300389489,0.09681022049925292,1.0580949912468733,4.105504317220862e-06,0.03101699713042573,0.8883153654215152,7554.978568728447,1.0312847333384836,3x_ds
12,802,33.920853669125194,0.0988949811837255,0.7006469442545077,4.105504317220862e-06,0.033406085408380234,0.842988460269364,8136.90178530705,0.9786627174278233,3x_ds
12,802,33.92088199345502,0.09906937171089733,0.6992496304526195,4.105504317220862e-06,0.03347074782683415,0.8428435301179992,8152.651962010722,0.9784944615827472,3x_ds
13,1304,378.3484058048478,1.4306774198926466e-06,0.048968273376397066,,2.2470968298998957e-06,0.4067602443975765,1.3179654624918598,0.8673935280301673,accepted
13,1304,378.3483904658659,3.2152165028834796e-06,0.1307266385618339,,2.726787254852452e-06,0.36795070057231205,1.2134711858295513,0.9045886505384947,accepted
13,1302,304.9200732404723,2.2439420329861164e-06,1.1509537830527417,,2.36418468657476e-06,0.564138382736932,0.8670220540189109,1.53319013079597,accepted
13,1302,304.92212287513905,1.918998971193325e-06,0.3316301717740066,,8.60740108331898e-07,0.5361690067252917,0.364074817513069,0.9504210724398043,accepted
13,808,124.90617613389435,0.09995528841871693,0.21719242362960303,8.60740108331898e-07,0.03474584511597653,0.5073495961024999,40367.40565431937,0.9462493910291283,3x_ds
13,808,124.90629435855183,0.0999589885588188,0.13280743733595754,8.60740108331898e-07,0.03499748230016249,0.5037203161310415,40659.755437662956,0.9394804806185387,3x_ds
13,806,90.2329614705122,0.09943925347701373,0.1130313935533481,8.60740108331898e-07,0.03494675119674994,0.5031284837248174,40600.81650485214,0.9383766637272216,3x_ds
13,806,90.23302468799722,0.09944334940557005,0.03696857511462196,8.60740108331898e-07,0.0350469765059035,0.5017103289078155,40717.25735405085,0.9357316864920333,3x_ds
13,804,51.470380388151845,0.096887734597362,1.0200762058976722,8.60740108331898e-07,0.02777961101014878,0.617876193620217,32274.098466243508,1.1523907310382606,3x_ds
13,804,51.47018738823641,0.09673230892304896,1.0297830258068195,8.60740108331898e-07,0.027645173513174314,0.6198849017551441,32117.91020956403,1.1561371395582076,3x_ds
13,802,33.92060804107427,0.09907352249172727,0.7124145990564811,8.60740108331898e-07,0.03127978387647451,0.5614097443403404,36340.56734859757,1.0470760847763454,3x_ds
13,802,33.92112305463781,0.09889073066650353,0.6874818801301951,8.60740108331898e-07,0.03144100065096525,0.557500558612577,36527.86752542235,1.0397851267412304,3x_ds
14,1304,378.34783288569855,1.669095899275669e-06,0.6620471685485939,,1.7443110544073308e-06,0.37300449827032917,0.8395889875174217,1.543433398513942,accepted
14,1304,378.34591577507655,1.3412066752021177e-05,1.3636327879896584,,3.4120652520761877e-06,0.6636350954861181,1.956110547746035,1.779161105465165,accepted
14,1302,304.92195796625435,4.3148099755121957e-07,0.43901442435559357,,2.653985228215999e-06,0.6299984535666022,0.7778237026976818,0.9493145523069771,accepted
14,1302,304.92227636402407,2.5463194894865294e-07,0.10867747615828927,,2.424521845622066e-06,0.5846160108726555,0.9135400679120668,0.9279641998531525,accepted
14,808,124.90597842140802,0.09995394705578198,0.310747162858494,2.424521845622066e-06,0.034463871373458334,0.5577111356248189,14214.708535495109,0.9539785521650772,3x_ds
14,808,124.90635879338048,0.09996109072710757,0.03925251133108165,2.424521845622066e-06,0.03513911368835671,0.5470330897979432,14493.21388949621,0.935713493343071,3x_ds
14,806,90.23285190777897,0.0994387575417653,0.18041209030933572,2.424521845622066e-06,0.034821557588625686,0.5505596205441465,14362.237094915277,0.9417457105260032,3x_ds
14,806,90.2330301441569,0.09943501519713378,0.019587787676048265,2.424521845622066e-06,0.035053121727257254,0.546901984410265,14457.746293584574,0.9354892343675385,3x_ds
14,804,51.46899805949606,0.09676295111477384,1.0876008840023794,2.424521845622066e-06,0.027955691672845312,0.6686005146021519,11530.39380664877,1.1436575498576114,3x_ds
14,804,51.471493860397736,0.09685840611525376,0.9622568410791579,2.424521845622066e-06,0.029046158644121824,0.6441342876328737,11980.159591702659,1.1018074696096254,3x_ds
14,802,33.92124741812013,0.09904211076439809,0.6812960142063037,2.424521845622066e-06,0.03202599632260134,0.5976849463871026,13209.200973144603,1.0223547341697659,3x_ds
14,802,33.920478008255174,0.09892027802364703,0.7186003549068932,2.424521845622066e-06,0.0316977423218905,0.6031316031216541,13073.811802985727,1.0316713738670285,3x_ds
15,1304,378.34617747034576,1.5881154937113438e-06,1.2880922317375967,,2.1931026651787464e-06,0.9629180096635864,0.6623446918811398,1.108094920751943,accepted
15,1304,378.34723278839937,1.4842877607635839e-06,0.9341268757059266,,2.834453859145733e-06,0.9466815544067457,1.2924401142500612,0.983138278551345,accepted
15,1302,304.92022585577666,2.5426414131136893e-07,1.100889579485847,,9.462565545912295e-07,0.966842493315417,0.33384087433210813,1.0212964315347894,accepted
15,1302,304.9220759315801,4.2529155677774075e-06,0.3602798981038036,9.462565545912295e-07,3.1127837409063117e-06,0.9047547632839877,3.2895769395763854,0.9357829941684471,3x_ds
15,808,124.90634185118165,0.09996499850395653,0.07597601473554769,9.462565545912295e-07,0.03754555387007094,0.8955782067453801,39677.98551872661,0.926291731008157,3x_ds
15,808,124.9061640628274,0.09996209914388716,0.22402385760051138,9.462565545912295e-07,0.03739827765207,0.89907897280854,39522.34462272821,0.9299125545521816,3x_ds
15,806,90.23302016801316,0.09943745180911334,0.046728493533792874,9.462565545912295e-07,0.03746264564834686,0.8952956881517025,39590.36845407135,0.9259995235435172,3x_ds
15,806,90.23290209468288,0.09943560935831341,0.15327142904535268,9.462565545912295e-07,0.037391324024622793,0.8969867965072066,39514.996058099015,0.9277486278363014,3x_ds
15,804,51.47095916673914,0.09683638608304279,0.9904469547641301,9.462565545912295e-07,0.033734676674871115,0.9702094154015455,35650.66631368705,1.0034823894371696,3x_ds
15,804,51.46958596352025,0.09678489275297886,1.059411831316415,9.462565545912295e-07,0.03336104833751773,0.9805536707396422,35255.817437300895,1.014181397196567,3x_ds
15,802,33.92032525515506,0.09901122583999292,0.7257626069500976,9.462565545912295e-07,0.035763782976807955,0.936240685990965,37795.01743293862,0.9683487149809532,3x_ds
15,802,33.92139078403876,0.0989505105050297,0.6741335720763743,9.462565545912295e-07,0.03595437002647077,0.93070675891226,37996.429036100664,0.9626250039142948,3x_ds
