layer_id,trajectory_step,t,x,y,z,r,phi,particle,charge,event
1,1419,0.4802926141939871,33.17103389374993,-2.2901987729656375,1.3268623650421258,33.25,-0.0689327371535403,1,1,0
2,2212,0.16518600169294317,50.49674356800693,-0.5734884715066028,2.0199024855949568,50.5,-0.011356451460004312,1,1,0
3,3829,0.7812600259419226,88.49953049637892,-0.2882740371532446,3.5400377360865063,88.5,-0.003257339513344525,1,1,0
4,5320,0.5990483116995085,122.48547766579392,-1.8862027945849313,4.899497742565214,122.50000000000001,-0.01539818232128435,1,1,0
5,13894,0.35050725344010586,298.9956352212941,1.6155861520951067,11.960018064047464,299.0,0.0054033244600042545,1,1,0
6,17388,0.6753211720350042,370.9903508083527,-2.675744213372324,14.839851846504224,370.99999999999994,-0.007212311081050748,1,1,0
7,20563,0.6843124177987011,442.9986092724279,-1.1100372492499748,17.720227565944533,443.0,-0.0025057300470568236,1,1,0
8,24088,0.2853318972628468,513.9794055683682,4.601157635513849,20.559504591671136,514.0,0.008951788108963805,1,1,0
1,1419,0.4802926141939871,33.17103389374993,2.2901987729656375,1.3268623650421258,33.25,0.0689327371535403,-1,-1,0
2,2212,0.16518600169294317,50.49674356800693,0.5734884715066028,2.0199024855949568,50.5,0.011356451460004312,-1,-1,0
3,3829,0.7812600259419226,88.49953049637892,0.2882740371532446,3.5400377360865063,88.5,0.003257339513344525,-1,-1,0
4,5320,0.5990483116995085,122.48547766579392,1.8862027945849313,4.899497742565214,122.50000000000001,0.01539818232128435,-1,-1,0
5,13894,0.35050725344010586,298.9956352212941,-1.6155861520951067,11.960018064047464,299.0,-0.0054033244600042545,-1,-1,0
6,17388,0.6753211720350042,370.9903508083527,2.675744213372324,14.839851846504224,370.99999999999994,0.007212311081050748,-1,-1,0
7,20563,0.6843124177987011,442.9986092724279,1.1100372492499748,17.720227565944533,443.0,0.0025057300470568236,-1,-1,0
8,24088,0.2853318972628468,513.9794055683682,-4.601157635513849,20.559504591671136,514.0,-0.008951788108963805,-1,-1,0
1,1419,0.48029031418856516,31.52246035882436,10.578137497988322,1.3268623628961032,33.25,0.3237663497527338,1,1,1
2,2212,0.1651014171576316,46.87238230766517,18.79440812593142,2.0199024275960316,50.5,0.38134210188964707,1,1,1
3,3835,0.5106392835227757,82.44114708891728,32.182406166467835,3.5393110441565203,88.5,0.3721756661249294,1,1,1
4,5404,0.5844442745352635,113.88682427521466,45.12251385402165,4.8994921018542685,122.5,0.37723043371995146,1,1,1
5,13637,0.023276005134516664,276.1484352680987,114.6431057629752,11.960187804943734,299.0,0.39349837244367925,1,1,1
6,17001,0.17141105093373654,343.3692243109713,140.49404185260633,14.840099447647145,371.0,0.3883806218598575,1,1,1
7,20121,0.7038641637039676,409.308208709829,169.45734059860342,17.720284018380944,443.0,0.39252458600609985,1,1,1
8,23123,0.6185641115864192,475.1073602557363,196.1351478721394,20.560315114573278,514.0,0.3915114031326602,1,1,1
1,1419,0.4802824439073708,29.7696193585892,14.809870466844444,1.3268623555527286,33.25,0.4616317378824696,-1,-1,1
2,2212,0.1652591774679997,46.433451984729615,19.854081111494676,2.019902535770988,50.5,0.4040550959453155,-1,-1,1
3,3829,0.26806753303723213,81.71145034488411,33.992482735680525,3.5400524555253,88.5,0.3942283566137732,-1,-1,1
4,5385,0.5804736771307255,114.01389645522016,44.80046221969516,4.899258715735146,122.5,0.37440419061791463,-1,-1,1
5,13625,0.42485694626977244,275.9379304661784,115.14885379387205,11.960150089205936,299.00000000000006,0.39533050567795436,-1,-1,1
6,17009,0.5482994423732884,342.56252463815605,142.4496988888806,14.840223766733711,371.0,0.39408279774042526,-1,-1,1
7,20108,0.3494558468161273,409.13738596576206,169.86935981837053,17.720276951289723,443.0,0.39353141941724346,-1,-1,1
8,23136,0.40666503955503613,474.93395188759195,196.55467774752776,20.560327506301494,514.0,0.39239458545906253,-1,-1,1
1,1419,0.4802902448500097,25.074877527168827,21.83604856647566,1.3268623628314067,33.25,0.7164654519216159,1,1,2
2,2212,0.16514645558266453,36.112115667356825,35.3010637520662,2.0199024584785117,50.50000000000001,0.7740414775126293,1,1,2
3,3830,0.28480978073644214,62.90292696280583,62.253287298840014,3.5400086986750634,88.5,0.7802075795055046,1,1,2
4,5419,0.14248429401228246,86.85375954496226,86.3867724417684,4.900060653145968,122.5,0.7827025703583332,1,1,2
5,15263,0.2694044600925551,213.7784589724901,209.0449006298584,11.959441848508622,299.0,0.7742035108396219,1,1,2
6,19686,0.15094182993556865,261.41283656751455,263.2571535167201,14.840146019963552,371.0,0.788913343201187,1,1,2
7,23772,0.6586505799513451,313.2096372874592,313.28696607145696,17.720283306529932,443.0,0.7855215938888356,1,1,2
8,27244,0.9547938090425918,363.62657549445436,363.2791125211797,20.56032570283851,514.0,0.7849201606076234,1,1,2
1,1419,0.4802902448500097,21.83604856647566,25.074877527168827,1.3268623628314067,33.25,0.8543308748732806,-1,-1,2
2,2212,0.16514645558266453,35.3010637520662,36.112115667356825,2.0199024584785117,50.50000000000001,0.7967548492822673,-1,-1,2
3,3829,0.5634650774215226,62.43440169896262,62.72316545338392,3.540046949984437,88.5,0.7877053610253072,-1,-1,2
4,5400,0.010677865111488286,87.66524450248443,85.56316325568864,4.899717739350293,122.50000000000001,0.7732640215170228,-1,-1,2
5,15231,0.8965676774462852,213.89995622049162,208.92057995533077,11.95936181316765,299.0,0.7736221362992685,-1,-1,2
6,19709,0.9014458760613956,261.7886871230039,262.88340247039935,14.840205121001462,371.0,0.7874846356542013,-1,-1,2
7,23755,0.31924697286031395,312.97569544887983,313.52067564722114,17.720276845892588,443.0,0.7862680488206081,-1,-1,2
8,27227,0.5958665559594042,363.47183447237035,363.4339355994288,20.560328573869125,514.0,0.7853460261405059,-1,-1,2
1,1419,0.4802824439073708,14.809870466844444,29.7696193585892,1.3268623555527286,33.25,1.109164588912427,1,1,3
2,2212,0.1652591774679997,19.854081111494676,46.433451984729615,2.019902535770988,50.5,1.166741230849581,1,1,3
3,3830,0.3556143668232494,34.31208874537339,81.57775778929954,3.5400039828252217,88.5,1.17265337465817,1,1,3
4,5492,0.5893771427955734,47.6702114345467,112.84414447274442,4.899957802962998,122.5,1.1710935296693348,1,1,3
5,13252,0.048105431705166825,114.35273547609104,276.2688036842653,11.960191066792223,298.99999999999994,1.178349225888986,1,1,3
6,16533,0.011503310839907337,142.0268408183725,342.7380581247911,14.840237249320618,371.0,1.1779476094783843,1,1,3
7,20564,0.966799724424267,169.70198341319497,409.2068386838467,17.720282374759357,443.0,1.1776739684983895,1,1,3
8,23591,0.9796483993843257,196.84055284618228,474.8155397153818,20.56032802501097,514.0,1.1777997402975635,1,1,3
1,1419,0.48029031418856516,10.578137497988322,31.52246035882436,1.3268623628961032,33.25,1.247029977042163,-1,-1,3
2,2212,0.1650927837527855,18.794405880677026,46.87238320794424,2.0199024216761763,50.5,1.1894542728066846,-1,-1,3
3,3829,0.5509659312246928,33.68371384739187,81.83921689170187,3.540047515383032,88.5,1.1803437850606122,-1,-1,3
4,5471,0.07722025069864864,49.23085288150321,112.17206927109702,4.899011117129783,122.5,1.1572223832528683,-1,-1,3
5,13259,0.7240617086640625,114.51224073479395,276.2027275786693,11.960191096553542,299.0,1.1777718015503729,-1,-1,3
6,16510,0.42016561009369074,141.830174100001,342.81948852823905,14.840236180612083,371.0,1.1785213518693383,-1,-1,3
7,20571,0.74543194950314,169.5915268054042,409.2526286241933,17.720283161708267,443.0,1.1779438819431773,-1,-1,3
8,23568,0.3866524250349097,196.8364923363237,474.81722302874863,20.56032857367469,514.0,1.177808292045182,-1,-1,3
1,1419,0.4802926141939871,2.2901987729656375,33.17103389374993,1.3268623650421258,33.25,1.5018635896413564,1,1,4
2,2212,0.16518600581039986,0.5734884652913198,50.49674356807751,2.01990248559778,50.5,1.5594398754579752,1,1,4
3,3829,0.4988396484898464,0.1742825889705379,88.49982839293635,3.540049612354735,88.50000000000001,1.568827030731406,1,1,4
4,5427,0.02559766003389183,-2.3528449825286337,122.47740248914569,4.899174510668122,122.5,1.5900044057274036,1,1,4
5,14256,0.6161809138375173,1.6675840244933087,298.99534973561254,11.960005340811874,299.0,1.56521909378585,1,1,4
6,17808,0.4404501145725453,0.055330867120959394,370.99999587398264,14.840237763971666,371.0,1.5706471869907832,1,1,4
7,21716,0.7801882693849352,0.44315874070823236,442.9997783411754,17.72027409867745,443.0,1.5697959682968807,1,1,4
8,25987,0.14472703217602015,0.5383160278376296,513.9997181087303,20.560316530301346,514.0000000000001,1.5697490191562846,1,1,4
1,1419,0.4802926141939871,-2.2901987729656375,33.17103389374993,1.3268623650421258,33.25,1.639729063948437,-1,-1,4
2,2212,0.16518596007549202,-0.5734885343279699,50.49674356729347,2.01990248556642,50.5,1.5821527794989687,-1,-1,4
3,3830,0.8485919278788626,-0.6331459423620334,88.49773514737917,3.5399659235230367,88.5,1.5779505792636017,-1,-1,4
4,5445,0.3002303873084874,-1.4720942573907725,122.49115453165325,4.899724477883564,122.5,1.5828137120250592,-1,-1,4
5,14274,0.8428984810612137,1.3537969274620119,298.9969351580032,11.96006871500237,299.0,1.5662685624032824,-1,-1,4
6,17791,0.10001990653937064,0.4213919778179466,370.9997606856385,14.840228056364584,371.0,1.5696604991172023,-1,-1,4
7,21738,0.23247270135909523,0.03906266775591282,442.99999827777424,17.720282786549223,443.0,1.570708149215198,-1,-1,4
8,26017,0.42007840517369643,0.8573855810995831,513.9992849119202,20.560300049526617,514.0,1.569128260688468,-1,-1,4
1,1419,0.48029031418856516,-10.578137497988322,31.52246035882436,1.3268623628961032,33.25,1.8945626765476304,1,1,5
2,2212,0.1650927837527855,-18.794405880677026,46.87238320794424,2.0199024216761763,50.5,1.9521383807831088,1,1,5
3,3829,0.4767090042093396,-33.71759667630013,81.82526305716563,3.5400506232648232,88.5,1.9616629208444394,1,1,5
4,5329,0.7447438167365809,-47.546966455888914,112.89612916678134,4.899993073417298,122.5,1.9694072056337877,1,1,5
5,13762,0.6810851685188404,-113.79603054466558,276.49857763156314,11.960161087206533,299.0,1.9612291817014178,1,1,5
6,18982,0.35932423210154407,-143.95077918136835,341.9344574228765,14.839990984529447,371.0,1.9692650544241224,1,1,5
7,23730,0.4884981651213953,-168.3416285052804,409.7683444486533,17.720208883017683,443.0,1.9605965974754935,1,1,5
8,27973,0.2967946466279142,-196.11061519284004,475.1174871636339,20.560313010279465,514.0,1.962256094402848,1,1,5
1,1419,0.4802824439073708,-14.809870466844444,29.7696193585892,1.3268623555527286,33.25,2.032428064677366,-1,-1,5
2,2212,0.1652591774679997,-19.854081111494676,46.433451984729615,2.019902535770988,50.5,1.974851422740212,-1,-1,5
3,3831,0.2255383950272043,-34.552271402801814,81.47631889639544,3.5399317284888876,88.5,1.9718853258946245,-1,-1,5
4,5313,0.779242395652395,-47.385544239025904,112.96397743161897,4.900029280466424,122.5,1.967977805888879,-1,-1,5
5,13733,0.9875774519285787,-113.32564900470355,276.69170077482033,11.960097732214736,298.99999999999994,1.9595285682056358,-1,-1,5
6,19016,0.902625843874354,-143.36453850212268,342.18066733828397,14.840115998139295,370.99999999999994,1.9675511892732778,-1,-1,5
7,23759,0.8516272848299868,-168.91702407925584,409.5314871608874,17.72026405113328,443.0,1.962001200423464,-1,-1,5
8,27953,0.1145618067071357,-195.73327491224404,475.27306371403785,20.56028754953151,514.0,1.9614620203026378,-1,-1,5
1,1419,0.4802902448500097,-21.83604856647566,25.074877527168827,1.3268623628314067,33.25,2.2872617787165126,1,1,6
2,2212,0.16514645558266453,-35.3010637520662,36.112115667356825,2.0199024584785117,50.50000000000001,2.344837804307526,1,1,6
3,3830,0.28480978073644214,-62.253287298840014,62.90292696280583,3.5400086986750634,88.5,2.3510039063004013,1,1,6
4,5419,0.14248429401228246,-86.3867724417684,86.85375954496226,4.900060653145968,122.5,2.35349889715323,1,1,6
5,15263,0.2694044600925551,-209.0449006298584,213.7784589724901,11.959441848508622,299.0,2.3449998376345187,1,1,6
6,19686,0.15094182993556865,-263.2571535167201,261.41283656751455,14.840146019963552,371.0,2.3597096699960836,1,1,6
7,23772,0.6586505799513451,-313.28696607145696,313.2096372874592,17.720283306529932,443.0,2.356317920683732,1,1,6
8,27244,0.9547938090425918,-363.2791125211797,363.62657549445436,20.56032570283851,514.0,2.35571648740252,1,1,6
1,1419,0.4802902448500097,-25.074877527168827,21.83604856647566,1.3268623628314067,33.25,2.425127201668177,-1,-1,6
2,2212,0.16514645558266453,-36.112115667356825,35.3010637520662,2.0199024584785117,50.50000000000001,2.3675511760771637,-1,-1,6
3,3829,0.5634650774215226,-62.72316545338392,62.43440169896262,3.540046949984437,88.5,2.358501687820204,-1,-1,6
4,5400,0.010677865111488286,-85.56316325568864,87.66524450248443,4.899717739350293,122.50000000000001,2.3440603483119196,-1,-1,6
5,15231,0.8965676774462852,-208.92057995533077,213.89995622049162,11.95936181316765,299.0,2.3444184630941654,-1,-1,6
6,19709,0.9014458760613956,-262.88340247039935,261.7886871230039,14.840205121001462,371.0,2.358280962449098,-1,-1,6
7,23755,0.31924697286031395,-313.52067564722114,312.97569544887983,17.720276845892588,443.0,2.3570643756155047,-1,-1,6
8,27227,0.5958665559594042,-363.4339355994288,363.47183447237035,20.560328573869125,514.0,2.3561423529354024,-1,-1,6
1,1419,0.4802824439073708,-29.7696193585892,14.809870466844444,1.3268623555527286,33.25,2.6799609157073236,1,1,7
2,2212,0.1652591774679997,-46.433451984729615,19.854081111494676,2.019902535770988,50.5,2.737537557644478,1,1,7
3,3808,0.041944147990210345,-81.98662082240577,33.32332525608844,3.5399785090930442,88.5,2.7555397598597295,1,1,7
4,5302,0.7936805329309674,-113.56271098330895,45.93213117330223,4.89990744396632,122.5,2.7572431558629504,1,1,7
5,13835,0.6800553981907852,-276.2266767922431,114.45445831558357,11.960191334350856,299.0,2.748777322202593,1,1,7
6,18093,0.5441565598441374,-342.93818314115316,141.54293533710853,14.840225157425566,371.0,2.750155405336384,1,1,7
7,24420,0.7923284005075711,-408.7578025523848,170.78073325918706,17.720201222782503,443.0,2.7458326526222234,1,1,7
8,29133,0.7296792902615579,-475.3868776317222,195.45668721116184,20.560259612436564,514.0,2.7515088457411583,1,1,7
1,1419,0.48029031418856516,-31.52246035882436,10.578137497988322,1.3268623628961032,33.25,2.8178263038370592,-1,-1,7
2,2212,0.1650927837527855,-46.87238320794424,18.794405880677026,2.0199024216761763,50.5,2.7602505996015814,-1,-1,7
3,3822,0.3024553210317745,-81.6851515520683,34.055631192442064,3.5400472020617473,88.5,2.74659135001281,-1,-1,7
4,5288,0.9228082476049656,-113.6581020963454,45.69557777134157,4.899811688069503,122.5,2.7593253006567586,-1,-1,7
5,13818,0.8444616422979679,-276.2065330945393,114.50306142586393,11.960191310375398,299.0,2.7486013620709966,-1,-1,7
6,18057,0.25350135933964196,-342.9915956074277,141.41345530984944,14.840217711655589,371.0,2.7505329367681215,-1,-1,7
7,24385,0.926850609090794,-408.76095845586383,170.77317951670156,17.72020103357894,443.0,2.7458511323020685,-1,-1,7
8,29158,0.8036212875941157,-475.25743560954504,195.77121825702352,20.56028971876453,514.0,2.7508471239383696,-1,-1,7
1,1419,0.4802926141939871,-33.17103389374993,2.2901987729656375,1.3268623650421258,33.25,3.072659916436253,1,1,8
2,2212,0.16518595595803603,-50.496743567222886,0.5734885405432514,2.0199024855635965,50.5,3.1302362007626385,1,1,8
3,3821,0.4865723382439769,-88.47807786567222,-1.9697048499821879,3.5391797134047813,88.5,-3.1193342637238137,1,1,8
4,5561,0.8385111523341935,-122.48716651786128,-1.7731436562567693,4.899565166591623,122.50000000000001,-3.127117506007165,1,1,8
5,14157,0.45939148594552076,-298.99942275127864,-0.5875324690335622,11.96016796345171,299.0,-3.139627660790027,1,1,8
6,17850,0.09484637140527515,-370.9997141877361,-0.46051342878440626,14.84022620836288,370.99999999999994,-3.1403513771826725,1,1,8
7,26186,0.5417420157527351,-442.9995029953536,-0.663585615917487,17.72026314487395,443.0,-3.1400947171020324,1,1,8
8,33915,0.22032762146032922,-513.9999758533789,-0.1575522957630007,20.560327691641902,514.0,-3.1412861316088008,1,1,8
1,1419,0.4802926141939871,-33.17103389374993,-2.2901987729656375,1.3268623650421258,33.25,-3.072659916436253,-1,-1,8
2,2212,0.16518600992785654,-50.4967435681481,-0.5734884590760365,2.0199024856006034,50.5,-3.1302362023759547,-1,-1,8
3,3830,0.30499119296624316,-88.49995924930916,0.08492862072852962,3.5400548218157715,88.5,3.1406330080105396,-1,-1,8
4,5538,0.15530509523296956,-122.47633634658389,-2.4077032870460435,4.8991316762545205,122.5,-3.1219366671963837,-1,-1,8
5,14153,0.40676380027756487,-298.999977498268,-0.11600015183793282,11.960190111516352,299.0,-3.141204693206021,-1,-1,8
6,17809,0.8802568783806299,-370.99968645805603,-0.4823360074325629,14.840224831625298,370.99999999999994,-3.14029255616847,-1,-1,8
7,26136,0.640848572974822,-442.99945259721886,-0.6964183831994494,17.720262427785766,443.0,-3.1400206024158703,-1,-1,8
8,33861,0.1447197323690261,-513.9998754693274,-0.35779535467060725,20.560324344621836,513.9999999999999,-3.1408965536217663,-1,-1,8
1,1419,0.48029031418856516,-31.52246035882436,-10.578137497988322,1.3268623628961032,33.25,-2.8178263038370592,1,1,9
2,2212,0.1650927837527855,-46.87238320794424,-18.794405880677026,2.0199024216761763,50.5,-2.7602505996015814,1,1,9
3,3829,0.6265506894878035,-81.85101194746159,-33.65504186858933,3.5400445293990614,88.5,-2.751490431831388,1,1,9
4,5394,0.6897702948161767,-112.66435403141556,-48.093589288842416,4.8997949000032515,122.5,-2.738134988158434,1,1,9
5,12439,0.14980058808166555,-276.21769778222955,-114.4761260345794,11.962269517948027,299.0,-2.748698879123138,1,1,9
6,15044,0.40489333857762483,-342.73798450167953,-142.02701848495767,14.840536624105734,371.00000000000006,-2.7487434178989716,1,1,9
7,17649,0.5066965762713562,-409.2572159807222,-169.5804563259236,17.720543002096534,443.0,-2.7487672590650867,1,1,9
8,20218,0.4271005470703556,-474.85276774457,-196.75072799184645,20.56078757915201,514.0000000000001,-2.748785238097457,1,1,9
1,1419,0.4802824439073708,-29.7696193585892,-14.809870466844444,1.3268623555527286,33.25,-2.6799609157073236,-1,-1,9
2,2212,0.1652591774679997,-46.433451984729615,-19.854081111494676,2.019902535770988,50.5,-2.737537557644478,-1,-1,9
3,3830,0.04478328371028416,-81.61665991796355,-34.21945095753997,3.5400235231827297,88.5,-2.7445850071722777,-1,-1,9
4,5386,0.8813591456163798,-113.63323403389417,-45.757383262138525,4.899839325386766,122.5,-2.7587814568805205,-1,-1,9
5,12438,0.9932514212599952,-276.2166282386584,-114.4787066858583,11.96259425688115,299.0,-2.7486895362884973,-1,-1,9
6,15044,0.4063955553379436,-342.73734656574965,-142.028557934907,14.841721081306645,371.0,-2.748738926271397,-1,-1,9
7,17649,0.5079682609329166,-409.256767428126,-169.5815388368699,17.721810241741345,443.00000000000006,-2.7487646140010606,-1,-1,9
8,20218,0.42831831890296096,-474.8521140241344,-196.7523057217131,20.56165570410602,514.0,-2.7487819155287374,-1,-1,9
1,1419,0.4802902448500097,-25.074877527168827,-21.83604856647566,1.3268623628314067,33.25,-2.425127201668177,1,1,10
2,2212,0.16514645558266453,-36.112115667356825,-35.3010637520662,2.0199024584785117,50.50000000000001,-2.3675511760771637,1,1,10
3,3819,0.38034847678523814,-62.45866574101353,-62.69900377081236,3.5400503305062565,88.5,-2.354274210473789,1,1,10
4,5356,0.4264087029561777,-86.3749407712145,-86.865525997194,4.900058528839578,122.5,-2.35336268118275,1,1,10
5,14860,0.1026124766769008,-211.811862708687,-211.03728299965468,11.960171303907604,299.0,-2.358026299125909,1,1,10
6,17720,0.7835237938095817,-262.4677884002036,-262.20537761896867,14.840236434245272,371.0,-2.3566946315686343,1,1,10
7,22075,0.8552135411576105,-313.37263147415024,-313.12392729232045,17.72028215678382,442.99999999999994,-2.356591466305438,1,1,10
8,25721,0.2977294499402857,-363.4507859691204,-363.45498507852204,20.56032950554114,514.0,-2.356188713502203,1,1,10
1,1419,0.4802902448500097,-21.83604856647566,-25.074877527168827,1.3268623628314067,33.25,-2.2872617787165126,-1,-1,10
2,2212,0.16514645558266453,-35.3010637520662,-36.112115667356825,2.0199024584785117,50.50000000000001,-2.344837804307526,-1,-1,10
3,3810,0.19418269677397684,-61.97831580554912,-63.173874108745444,3.5398952050453185,88.49999999999999,-2.3466419450994467,-1,-1,10
4,5345,0.03213801809497937,-87.25056614598077,-85.98597971300806,4.899948165590982,122.5,-2.3634941276076704,-1,-1,10
5,14848,0.34166084384013656,-211.99927250719105,-210.8490181538006,11.960147173624387,299.0,-2.358914736535062,-1,-1,10
6,17705,0.9076213092306133,-262.4587783010207,-262.2143964253978,14.840236692900126,371.0,-2.3566602694044754,-1,-1,10
7,22092,0.9267385176170487,-313.360418095166,-313.1361498952537,17.72028216944354,443.00000000000006,-2.3565524621299283,-1,-1,10
8,25696,0.9794010730410222,-363.47224773070025,-363.43352229753447,20.56032861085792,514.0,-2.356247764543335,-1,-1,10
1,1419,0.4802824439073708,-14.809870466844444,-29.7696193585892,1.3268623555527286,33.25,-2.032428064677366,1,1,11
2,2212,0.1652591774679997,-19.854081111494676,-46.433451984729615,2.019902535770988,50.5,-1.974851422740212,1,1,11
3,3831,0.4974448943000187,-34.62260396877935,-81.44645661059212,3.53990508838865,88.5,-1.9727487111566255,1,1,11
4,5432,0.07320097985166654,-46.177513437570525,-113.4631537227967,4.899985038256886,122.50000000000001,-1.9573075356468579,1,1,11
5,15675,0.030348618819596832,-113.83011463392859,-276.48454749303204,11.960164405855679,299.0,-1.9613524552252244,1,1,11
6,19743,0.4248174053737298,-143.36167996104638,-342.18186497642813,14.84011579144905,371.0,-1.9675428353937436,1,1,11
7,23799,0.19131612242856794,-168.90828480533497,-409.5350916882702,17.720263174259635,443.00000000000006,-1.961979860829965,1,1,11
8,28195,0.3129636820958629,-193.60544055044352,-476.14381586792524,20.559893907104517,514.0,-1.956989047708297,1,1,11
1,1419,0.48029031418856516,-10.578137497988322,-31.52246035882436,1.3268623628961032,33.25,-1.8945626765476304,-1,-1,11
2,2212,0.1650927837527855,-18.794405880677026,-46.87238320794424,2.0199024216761763,50.5,-1.9521383807831088,-1,-1,11
3,3829,0.4651089682345786,-33.723917228278836,-81.82265827251152,3.540051012755664,88.5,-1.9617401665793588,-1,-1,11
4,5409,0.8343826194700656,-44.69905895723166,-114.05368967437191,4.899176459900918,122.5,-1.9443112787664754,-1,-1,11
5,15650,0.008209490483560504,-112.97785141885488,-276.8338944001965,11.960027348096464,299.0,-1.9582719053047324,-1,-1,11
6,19714,0.9948673790136955,-144.47845429922745,-341.7118321675532,14.83984100064029,371.0,-1.9708087621019226,-1,-1,11
7,23763,0.9533208837903758,-167.7809654313401,-409.9982288241346,17.720122530912924,443.0,-1.959228737392389,-1,-1,11
8,28226,0.9141189963001716,-195.161358255432,-475.50819576942615,20.560219716717427,514.0,-1.9602589747395733,-1,-1,11
1,1419,0.4802926141939871,-2.2901987729656375,-33.17103389374993,1.3268623650421258,33.25,-1.639729063948437,1,1,12
2,2212,0.16518605978021877,-0.5734883838241039,-50.49674356900273,2.0199024856347867,50.5,-1.582152776518502,1,1,12
3,3819,0.988753032695049,-0.626608137692207,-88.49778167977873,3.5399678086106987,88.5,-1.577876703893377,1,1,12
4,5395,0.3592797219805806,0.7436756943911549,-122.49774261781958,4.899988362285736,122.5,-1.564725467509346,1,1,12
5,14653,0.26916585465005777,0.1447697005951701,-298.99996495273007,11.960190063678303,299.00000000000006,-1.570312147175326,1,1,12
6,18422,0.9069898422818703,-0.3223602727467645,-370.99985995126,14.840231971181636,371.0,-1.5716652225181025,1,1,12
7,22654,0.5697593188764496,0.382133269513244,-442.9998351852564,17.72027751541817,443.0,-1.569933723370736,1,1,12
8,28199,0.5558708374399236,0.3160701396042427,-513.9999028206785,20.560325066743683,514.0000000000001,-1.5701814043055513,1,1,12
1,1419,0.4802926141939871,2.2901987729656375,-33.17103389374993,1.3268623650421258,33.25,-1.5018635896413564,-1,-1,12
2,2212,0.16518590610566772,0.5734886157951845,-50.49674356636825,2.019902485529413,50.5,-1.5594398724775085,-1,-1,12
3,3833,0.7325951253996726,0.7380177543888372,-88.49692271369783,3.5399336089224236,88.5,-1.5624570464725647,-1,-1,12
4,5414,0.34958750676219275,0.888471275537474,-122.49677799351518,4.8999497921339294,122.5,-1.5635434364669698,-1,-1,12
5,14675,0.30488871169660076,0.07096545806617825,-298.9999915784342,11.960190774824815,298.99999999999994,-1.5705589841235505,-1,-1,12
6,18443,0.9089899158136573,-0.32449078914911283,-370.9998580939456,14.840232204722792,371.0,-1.5716709651520968,-1,-1,12
7,22684,0.3565495988434668,0.4325070582428819,-442.99978886862306,17.720275630887013,443.00000000000006,-1.569820012738569,-1,-1,12
8,28161,0.8118536449770589,0.3010304377462598,-513.9999118488986,20.56032476838064,514.0,-1.5702106644311706,-1,-1,12
1,1419,0.48029031418856516,10.578137497988322,-31.52246035882436,1.3268623628961032,33.25,-1.247029977042163,1,1,13
2,2212,0.1650927837527855,18.794405880677026,-46.87238320794424,2.0199024216761763,50.5,-1.1894542728066846,1,1,13
3,3829,0.5552977916500607,33.681979716615864,-81.8399306107323,3.540047271289431,88.5,-1.1803649744522042,1,1,13
4,5489,0.26439177567143035,48.35363159572626,-112.55299334759953,4.899660338064717,122.5,-1.165029405932281,1,1,13
5,14298,0.31652203854596994,114.49994673516176,-276.20782428751926,11.960190592337566,299.0,-1.177816311922554,1,1,13
6,18634,0.9753443820367353,143.11983331010202,-342.2830894351759,14.84015536038215,371.0,-1.1747564917498114,1,1,13
7,23184,0.7133134939252983,169.3597880975799,-409.3485827208185,17.720281597741657,442.99999999999994,-1.1785100641047037,1,1,13
8,28301,0.1472068804656868,195.23110889206959,-475.47956225349253,20.560230265467556,514.0,-1.1811869879261274,1,1,13
1,1419,0.4802824439073708,14.809870466844444,-29.7696193585892,1.3268623555527286,33.25,-1.109164588912427,-1,-1,13
2,2212,0.1652591774679997,19.854081111494676,-46.433451984729615,2.019902535770988,50.5,-1.166741230849581,-1,-1,13
3,3830,0.330180269925837,34.304681829857834,-81.58087278616368,3.5400059230025764,88.5,-1.1727441686968836,-1,-1,13
4,5515,0.44738511339447373,47.407994403591374,-112.95455752925179,4.900024572385786,122.50000000000001,-1.1734161020380545,-1,-1,13
5,14321,0.6475288674117989,114.05799030247374,-276.3906200437359,11.960181006628837,298.99999999999994,-1.1794158688630048,-1,-1,13
6,18661,0.3805825586241178,142.3876964760786,-342.5883008688944,14.84022702367114,371.0,-1.1768945181457036,-1,-1,13
7,23217,0.9546210680305902,168.88387713710094,-409.5451575139677,17.720261350762858,443.0,-1.1796723905055937,-1,-1,13
8,28271,0.566147527790272,194.67295080859824,-475.7083583704128,20.56014202222061,514.0,-1.1823605899185512,-1,-1,13
1,1419,0.4802902448500097,21.83604856647566,-25.074877527168827,1.3268623628314067,33.25,-0.8543308748732806,1,1,14
2,2212,0.16514645558266453,35.3010637520662,-36.112115667356825,2.0199024584785117,50.50000000000001,-0.7967548492822673,1,1,14
3,3830,0.31587335807407696,62.246281432383014,-62.90985970291596,3.5400067387741987,88.5,-0.7907001169941006,1,1,14
4,5490,0.624359411138371,84.72206148831859,-88.47837191748933,4.898926168646729,122.5,-0.8070824143509184,1,1,14
5,14675,0.22867523393159175,211.76155304385293,-211.08776528367406,11.960176302660768,299.0,-0.7838047182605858,1,1,14
6,18382,0.08870285484923095,261.78678593922774,-262.88529572345607,14.840205440361741,371.0,-0.7874918676700391,1,1,14
7,22292,0.44592910728118546,313.5890222260914,-312.90721490448885,17.72027299808582,443.0,-0.7843098774477107,1,1,14
8,25774,0.3863388447941524,364.2070761827333,-362.69712662002803,20.560285730221047,514.0,-0.7833209331584023,1,1,14
1,1419,0.4802902448500097,25.074877527168827,-21.83604856647566,1.3268623628314067,33.25,-0.7164654519216159,-1,-1,14
2,2212,0.16514645558266453,36.112115667356825,-35.3010637520662,2.0199024584785117,50.50000000000001,-0.7740414775126293,-1,-1,14
3,3829,0.5578018255138691,62.7214594535594,-62.43611554233258,3.5400471904587825,88.5,-0.7831182900709874,-1,-1,14
4,5511,0.38085316688597803,85.97475970768627,-87.26162210963996,4.8999435597171495,122.5,-0.7928263878807427,-1,-1,14
5,14652,0.28441928457756127,211.36300195042784,-211.48683506663824,11.960191396691128,299.0,-0.7856910170344364,-1,-1,14
6,18405,0.1740066633730491,262.3740646115648,-262.29916168224105,14.840238259504694,371.0,-0.7852554022938487,-1,-1,14
7,22271,0.8769572220693744,312.62937632427156,-313.86601131549264,17.720249234594114,442.99999999999994,-0.7873720540429998,-1,-1,14
8,25756,0.8858005767740978,364.00655873183274,-362.89836759099484,20.56030615241711,514.0,-0.7838736307630484,-1,-1,14
1,1419,0.4802824439073708,29.7696193585892,-14.809870466844444,1.3268623555527286,33.25,-0.4616317378824696,1,1,15
2,2212,0.1652591774679997,46.433451984729615,-19.854081111494676,2.019902535770988,50.5,-0.4040550959453155,1,1,15
3,3809,0.46115070895447546,81.40892958855528,-34.7107502547215,3.5398676244678144,88.5,-0.40303489418092114,1,1,15
4,5254,0.5994969628434492,112.90905437969326,-47.516264995088484,4.900000465029515,122.5,-0.39833895008925785,1,1,15
5,14462,0.41800450005587697,275.6306830689288,-115.8823824011041,11.96002366837251,299.0,-0.3979902950741865,1,1,15
6,18577,0.800801257840206,342.3773438642366,-142.894207050077,14.840184489433591,371.0,-0.3953807455435346,1,1,15
7,22347,0.5338759715721616,409.4990404447604,-168.99566821318368,17.72026820516363,442.99999999999994,-0.3913969156368574,1,1,15
8,26186,0.14570411099505584,475.1604267366475,-196.00655311352995,20.560307747346485,514.0,-0.3912407536176819,1,1,15
1,1419,0.48029031418856516,31.52246035882436,-10.578137497988322,1.3268623628961032,33.25,-0.3237663497527338,-1,-1,15
2,2212,0.1651014171576316,46.87238230766517,-18.79440812593142,2.0199024275960316,50.5,-0.38134210188964707,-1,-1,15
3,3820,0.4341382214992361,81.70807925189087,-34.000585068006146,3.5400523351832454,88.5,-0.3943275165163745,-1,-1,15
4,5264,0.8153220616571114,113.05102870157569,-47.177483077369736,4.900061301945676,122.49999999999999,-0.39534035264452294,-1,-1,15
5,14438,0.9074481292471246,275.4545245251036,-116.30049406021074,11.959914098579032,299.0,-0.39950770680332925,-1,-1,15
6,18598,0.911607677320693,342.3527034068705,-142.95323175782832,14.840177519267382,371.0,-0.395553148398763,-1,-1,15
7,22364,0.4185057249383844,409.5119507776618,-168.96438136564143,17.720266436047137,443.00000000000006,-0.39132051410412494,-1,-1,15
8,26160,0.20796131002009138,475.1089355378426,-196.13133194902366,20.56031410538226,514.0,-0.3915033714389655,-1,-1,15
