event,variant,found,delta_s,delta_w,reason,direct_ds,direct_dw
0,truth,True,1.1680077279964342e-06,1.0383976246715076,,1.5078914929239175e-06,1.0054241767735224
0,pixel_only,True,0.07147336810341376,1.0413432602483117,,0.06920379108835129,1.008276276156804
0,sct_only,False,,,no exact8 plane survived,0.7177035862397031,1.019641941678796
0,pixel_plus_sct,False,,,no exact8 plane survived,0.7193174364408232,1.022320458932148
1,truth,True,3.7649808712153926e-06,0.990386114207679,,3.3803953426647677e-06,0.9589372316560887
1,pixel_only,True,0.07140468929377271,0.9897480618666817,,0.06913729313180235,0.9583194401369285
1,sct_only,False,,,no exact8 plane survived,0.43109615674243396,1.0155976914992675
1,pixel_plus_sct,False,,,no exact8 plane survived,0.4357313375250548,1.0166683255270887
2,truth,True,3.7606734605195744e-06,0.7697869610981132,,3.415269225082081e-06,0.7453430201168865
2,pixel_only,True,0.07143819632824831,0.7701439217990895,,0.06916973616978508,0.7456886458444625
2,sct_only,False,,,no exact8 plane survived,0.492623688340905,0.7408455387636812
2,pixel_plus_sct,False,,,no exact8 plane survived,0.49910381266224296,0.7410555254508533
3,truth,True,1.819391242677075e-06,0.6705278599325798,,2.447473297803621e-06,0.6492358086672136
3,pixel_only,True,0.07139350491224229,0.6704990334628728,,0.06912646389265852,0.6492078975641841
3,sct_only,False,,,no exact8 plane survived,0.44098412943592424,0.7566749038149511
3,pixel_plus_sct,False,,,no exact8 plane survived,0.4404815937561213,0.7591018037434998
4,truth,True,1.4997731473792608e-06,0.49905007260171025,,1.9783495529523564e-06,0.48320315502615624
4,pixel_only,True,0.07141091756448968,0.49913626908725134,,0.0691433236177437,0.4832866144032593
4,sct_only,False,,,no exact8 plane survived,0.4706498146266514,0.8458198278081506
4,pixel_plus_sct,False,,,no exact8 plane survived,0.4703303232984069,0.8494415069464484
5,truth,True,1.5862969476623728e-06,0.5206828653605473,,1.3905770467400756e-06,0.504149016547832
5,pixel_only,True,0.07143563451418362,0.5206615929780103,,0.06916725568724924,0.5041284196581578
5,sct_only,False,,,no exact8 plane survived,0.4855112244297156,0.7032904066214791
5,pixel_plus_sct,False,,,no exact8 plane survived,0.48614920650535515,0.7022218052280711
6,truth,True,3.6338839517002328e-06,0.7697869610910865,,3.4078616199521178e-06,0.7453430201121097
6,pixel_only,True,0.0714698316483255,0.769496886095475,,0.06920036693170231,0.7450621562021144
6,sct_only,False,,,no exact8 plane survived,0.6634835076426535,0.8399507414833023
6,pixel_plus_sct,False,,,no exact8 plane survived,0.6657733764285257,0.844212749131399
7,truth,True,3.89021506928414e-06,1.1988389058663447,,3.4238917878159696e-06,1.1607707792959414
7,pixel_only,True,0.07141298381261889,1.1989741241299252,,0.0691453242383592,1.1609017038282181
7,sct_only,False,,,no exact8 plane survived,0.950376841714154,1.1714181689420509
7,pixel_plus_sct,False,,,no exact8 plane survived,0.9499623234349084,1.1724356470876245
8,truth,True,1.566177265708148e-06,0.6007743656369273,,1.7815144974501747e-06,0.5816972782349986
8,pixel_only,True,0.07147848753981544,0.6066440263845885,,0.06920874799433478,0.5873805528153748
8,sct_only,False,,,no exact8 plane survived,0.550432098451453,0.6143206716944327
8,pixel_plus_sct,False,,,no exact8 plane survived,0.5542879938280653,0.6159191116770952
9,truth,True,1.108895649130481e-06,0.5683450078808123,,1.5762296639552753e-06,0.5502976875879481
9,pixel_only,True,0.07149050958116422,0.5681116281611195,,0.06922038823968402,0.5500717186643348
9,sct_only,False,,,no exact8 plane survived,0.5352831868590364,1.0513978020310182
9,pixel_plus_sct,False,,,no exact8 plane survived,0.535116823594938,1.054702589460137
10,truth,True,2.5305462342542687e-06,0.6636501730326071,,2.2139468880121858e-06,0.6425765169610947
10,pixel_only,True,0.07139256101985414,0.6636635019546379,,0.06912554996951212,0.6425894226344805
10,sct_only,False,,,no exact8 plane survived,0.49012618340777436,0.7658040859041131
10,pixel_plus_sct,False,,,no exact8 plane survived,0.4901501606918945,0.7685929558028295
11,truth,True,2.6871314902957413e-06,0.6500557006648784,,2.3870656896711774e-06,0.6294137256904483
11,pixel_only,True,0.07130851837283964,0.6495674430128878,,0.0690441760251723,0.6289409722660285
11,sct_only,False,,,no exact8 plane survived,0.49628165735762314,0.6667921258325027
11,pixel_plus_sct,False,,,no exact8 plane survived,0.5040885798160395,0.6659995800264071
12,truth,True,3.1431876897989773e-06,0.7471310087144167,,3.0120912547227374e-06,0.7234064885541593
12,pixel_only,True,0.07143833601759812,0.7467847268727758,,0.06916987141547701,0.7230712026027172
12,sct_only,False,,,no exact8 plane survived,0.7268931550624044,0.9848519390442669
12,pixel_plus_sct,False,,,no exact8 plane survived,0.7267985372202724,0.9867263894035699
13,truth,True,1.3329104536294794e-06,0.5873072916890588,,1.5054578055243875e-06,0.5686578399700855
13,pixel_only,True,0.07146340745497169,0.5872167788723452,,0.06919414671949893,0.5685702012977146
13,sct_only,False,,,no exact8 plane survived,0.5640480672316665,1.2908463873110985
13,pixel_plus_sct,False,,,no exact8 plane survived,0.5638217344924277,1.2915769966449993
14,truth,True,2.4751490441083265e-06,0.6110493142370501,,1.9976794651035188e-06,0.5916459544508126
14,pixel_only,True,0.07128069438769301,0.611618557052855,,0.0690172355777276,0.5921971214293206
14,sct_only,False,,,no exact8 plane survived,0.4979845341374083,0.8332883249750609
14,pixel_plus_sct,False,,,no exact8 plane survived,0.4987321197915867,0.8417211648662154
15,truth,True,2.3762745252594316e-06,0.7706453143837881,,1.5744576352992428e-06,0.7461741171042722
15,pixel_only,True,0.07144583253310179,0.7703172424593167,,0.06917712989124242,0.7458564628443047
15,sct_only,False,,,no exact8 plane survived,0.532652230540388,0.75268493906946
15,pixel_plus_sct,False,,,no exact8 plane survived,0.5413957050854405,0.7523504546453333
