trial,event,mode,found,delta_s,delta_w,accepted_hits,coverage_all8,coverage_7double,reason
0,0,pixel_only,True,0.05189235622167547,0.8965408911602595,16,True,True,pass
0,0,rphi_only,True,0.05189227704105488,0.8929099495483157,16,True,True,pass
0,0,z_only,False,,,0,False,False,seed_ds_fail
0,0,full,False,,,0,False,False,seed_ds_fail
0,1,pixel_only,True,0.05189364927196712,0.7249645659980073,16,True,True,pass
0,1,rphi_only,True,0.05189319782398045,0.7185993054572026,16,True,True,pass
0,1,z_only,False,0.31415543721130945,0.6681074922089104,12,False,False,final_ds_fail
0,1,full,False,0.3188098560499172,0.662572787727227,12,False,False,final_ds_fail
0,2,pixel_only,True,0.05188484672837014,0.6045982117788054,16,True,True,pass
0,2,rphi_only,True,0.0518847219092118,0.6011281779561366,16,True,True,pass
0,2,z_only,False,0.26657739408397707,1.187639146573133,10,False,False,final_ds_fail
0,2,full,False,0.2718282998712239,1.187973300105364,10,False,False,final_ds_fail
0,3,pixel_only,True,0.0518939872365304,0.7271559025784697,16,True,True,pass
0,3,rphi_only,True,0.05189385078257294,0.7323307916833192,16,True,True,pass
0,3,z_only,False,0.2078228653423728,0.7427561413004302,13,False,False,final_ds_fail
0,3,full,False,0.20682380990934812,0.7466127544208739,13,False,False,final_ds_fail
0,4,pixel_only,True,0.05189530891803438,0.6351029895891872,16,True,True,pass
0,4,rphi_only,True,0.05189536180475505,0.6476681312944528,16,True,True,pass
0,4,z_only,False,0.2341386090317801,1.1255117747480192,10,False,False,final_ds_fail
0,4,full,False,0.24551248956252864,1.1289070499230018,10,False,False,final_ds_fail
0,5,pixel_only,True,0.05189570576292412,0.7272216742271052,16,True,True,pass
0,5,rphi_only,True,0.05189585835286489,0.7311265487299522,16,True,True,pass
0,5,z_only,False,0.2880607761729874,0.918765018494631,11,False,False,final_ds_fail
0,5,full,False,0.3133437235374473,0.892276723684169,12,False,False,final_ds_fail
0,6,pixel_only,True,0.051895467588989934,0.6079478329125448,16,True,True,pass
0,6,rphi_only,True,0.051895769019035566,0.602843043809431,16,True,True,pass
0,6,z_only,False,0.2918334290607033,1.3569253337243563,12,False,False,final_ds_fail
0,6,full,False,0.28333358436420786,1.3556314026159144,12,False,False,final_ds_fail
0,7,pixel_only,True,0.051887508077080084,0.606896374174074,16,True,True,pass
0,7,rphi_only,True,0.05188840260299441,0.6011959968582374,16,True,True,pass
0,7,z_only,False,0.24057525466538265,0.8160493120398459,10,False,False,final_ds_fail
0,7,full,False,0.23632844678577958,0.8153635519058949,10,False,False,final_ds_fail
0,8,pixel_only,True,0.05189539371020332,0.6743667984692865,16,True,True,pass
0,8,rphi_only,True,0.051895344274137195,0.6707724091279483,16,True,True,pass
0,8,z_only,False,,,0,False,False,seed_ds_fail
0,8,full,False,,,0,False,False,seed_ds_fail
0,9,pixel_only,True,0.05189122613973578,0.5902107297413578,16,True,True,pass
0,9,rphi_only,True,0.05189123088555839,0.5918581939958386,16,True,True,pass
0,9,z_only,False,0.2660193163523328,1.12013707401634,10,False,False,final_ds_fail
0,9,full,False,0.2540740264284292,1.1203339862510644,10,False,False,final_ds_fail
0,10,pixel_only,True,0.0518965018054869,0.586877276633826,16,True,True,pass
0,10,rphi_only,True,0.05189658480646278,0.5894652023151866,16,True,True,pass
0,10,z_only,False,0.25210951183890074,0.5602322937196609,10,False,False,final_ds_fail
0,10,full,False,0.2509903392194133,0.5640045553677546,10,False,False,final_ds_fail
0,11,pixel_only,True,0.051892409873463906,0.581682142651992,16,True,True,pass
0,11,rphi_only,True,0.05189256943675633,0.5741475941226655,16,True,True,pass
0,11,z_only,False,0.25760967120073186,0.5158493492607771,10,False,False,final_ds_fail
0,11,full,False,0.24444732987383053,0.5154336057661579,10,False,False,final_ds_fail
0,12,pixel_only,True,0.051895686888812805,0.7868434159869027,16,True,True,pass
0,12,rphi_only,True,0.051895359590923715,0.7882026467627538,16,True,True,pass
0,12,z_only,False,0.21817132373594575,0.7892346354426002,14,True,False,final_ds_fail
0,12,full,False,0.2184399243970087,0.7895961834029165,14,True,False,final_ds_fail
0,13,pixel_only,True,0.05188916918132203,0.5892936843600265,16,True,True,pass
0,13,rphi_only,True,0.05189107394611612,0.5898292542764535,16,True,True,pass
0,13,z_only,False,0.303126842580623,0.7433948529338329,10,False,False,final_ds_fail
0,13,full,False,0.313208387616603,0.7432299862286607,10,False,False,final_ds_fail
0,14,pixel_only,True,0.05189583303098771,0.6942939430103836,16,True,True,pass
0,14,rphi_only,True,0.05189588336835026,0.6983918244416074,16,True,True,pass
0,14,z_only,False,,,0,False,False,seed_ds_fail
0,14,full,False,,,0,False,False,seed_ds_fail
0,15,pixel_only,True,0.05189434769169135,0.6116087866043028,16,True,True,pass
0,15,rphi_only,True,0.05189334317207448,0.6134073782153121,16,True,True,pass
0,15,z_only,False,0.25076427878964413,0.6517340830874576,9,False,False,final_ds_fail
0,15,full,False,0.25743617901725685,0.6526021090281573,9,False,False,final_ds_fail
1,0,pixel_only,True,0.05189235622167547,0.8965408911602595,16,True,True,pass
1,0,rphi_only,True,0.05189233867062583,0.8972672904408999,16,True,True,pass
1,0,z_only,False,0.31863554658428467,0.9667667151156876,11,False,False,final_ds_fail
1,0,full,False,0.3223684085004215,0.9612947967069895,11,False,False,final_ds_fail
1,1,pixel_only,True,0.05189364927196712,0.7249645659980073,16,True,True,pass
1,1,rphi_only,True,0.05189367775566751,0.7468706494863658,16,True,True,pass
1,1,z_only,False,0.3510127127857808,1.057580161532054,10,False,False,final_ds_fail
1,1,full,False,0.34782385959419,1.0771089045304354,10,False,False,final_ds_fail
1,2,pixel_only,True,0.05188484672837014,0.6045982117788054,16,True,True,pass
1,2,rphi_only,True,0.051883368406356184,0.606788038168671,16,True,True,pass
1,2,z_only,False,0.2744515418852492,0.6899936399122178,9,False,False,final_ds_fail
1,2,full,False,0.2586201487459939,0.691113181402141,9,False,False,final_ds_fail
1,3,pixel_only,True,0.0518939872365304,0.7271559025784697,16,True,True,pass
1,3,rphi_only,True,0.051894374397894086,0.7242344337357836,16,True,True,pass
1,3,z_only,False,,,0,False,False,seed_ds_fail
1,3,full,False,,,0,False,False,seed_ds_fail
1,4,pixel_only,True,0.05189530891803438,0.6351029895891872,16,True,True,pass
1,4,rphi_only,True,0.051894938131150904,0.6335735989648484,16,True,True,pass
1,4,z_only,False,0.26916189264933027,0.7007445349060683,9,False,False,final_ds_fail
1,4,full,False,0.2708286796534561,0.7010389998081826,9,False,False,final_ds_fail
1,5,pixel_only,True,0.05189570576292412,0.7272216742271052,16,True,True,pass
1,5,rphi_only,True,0.05189573582039718,0.7281462748547387,16,True,True,pass
1,5,z_only,False,,,0,False,False,seed_ds_fail
1,5,full,False,,,0,False,False,seed_ds_fail
1,6,pixel_only,True,0.051895467588989934,0.6079478329125448,16,True,True,pass
1,6,rphi_only,True,0.05189486488873699,0.6149114026868078,16,True,True,pass
1,6,z_only,False,0.2618867846849338,0.8644001959467503,10,False,False,final_ds_fail
1,6,full,False,0.269207195611801,0.8657197878663,10,False,False,final_ds_fail
1,7,pixel_only,True,0.051887508077080084,0.606896374174074,16,True,True,pass
1,7,rphi_only,True,0.05188700917469083,0.6035627606782958,16,True,True,pass
1,7,z_only,False,0.28848883013096543,0.5607106613183572,11,False,False,final_ds_fail
1,7,full,False,0.2845041677664766,0.562722088716161,11,False,False,final_ds_fail
1,8,pixel_only,True,0.05189539371020332,0.6743667984692865,16,True,True,pass
1,8,rphi_only,True,0.05189546546908337,0.6744209035071802,16,True,True,pass
1,8,z_only,False,,,0,False,False,seed_ds_fail
1,8,full,False,,,0,False,False,seed_ds_fail
1,9,pixel_only,True,0.05189122613973578,0.5902107297413578,16,True,True,pass
1,9,rphi_only,True,0.05189195495259947,0.5836087187902276,16,True,True,pass
1,9,z_only,False,0.24403618056288848,0.7886933427437602,9,False,False,final_ds_fail
1,9,full,False,0.2504986048238978,0.7885794767345985,9,False,False,final_ds_fail
1,10,pixel_only,True,0.0518965018054869,0.586877276633826,16,True,True,pass
1,10,rphi_only,True,0.05189644028126644,0.5803270351286957,16,True,True,pass
1,10,z_only,False,0.25199779553757784,0.6966915768292713,10,False,False,final_ds_fail
1,10,full,False,0.27114031493414725,0.6834078053431554,11,False,False,final_ds_fail
1,11,pixel_only,True,0.051892409873463906,0.581682142651992,16,True,True,pass
1,11,rphi_only,True,0.05189264847864143,0.5814082505446075,16,True,True,pass
1,11,z_only,False,0.2227729327600116,0.9676794599436828,9,False,False,final_ds_fail
1,11,full,False,0.22438041385675192,0.9672007285673284,9,False,False,final_ds_fail
1,12,pixel_only,True,0.051895686888812805,0.7868434159869027,16,True,True,pass
1,12,rphi_only,True,0.05189560188010539,0.7844502420602534,16,True,True,pass
1,12,z_only,False,0.3366873885522984,1.260749703759813,10,False,False,final_ds_fail
1,12,full,False,0.3410581834612096,1.2511092359968885,10,False,False,final_ds_fail
1,13,pixel_only,True,0.05188916918132203,0.5892936843600265,16,True,True,pass
1,13,rphi_only,True,0.05188966369460519,0.5860678523690215,16,True,True,pass
1,13,z_only,False,0.2799329527709827,0.648721635554464,8,False,False,final_ds_fail
1,13,full,False,0.27436222688557926,0.6476887994452455,8,False,False,final_ds_fail
1,14,pixel_only,True,0.05189583303098771,0.6942939430103836,16,True,True,pass
1,14,rphi_only,True,0.05189576295645454,0.6951795387471243,16,True,True,pass
1,14,z_only,False,0.19927452441042515,0.6955229286956409,11,False,False,final_ds_fail
1,14,full,False,0.20976669330427702,0.6906345682372134,11,False,False,final_ds_fail
1,15,pixel_only,True,0.05189434769169135,0.6116087866043028,16,True,True,pass
1,15,rphi_only,True,0.051894594815343274,0.6145916199587067,16,True,True,pass
1,15,z_only,False,0.25892334833595,0.6803514207996293,9,False,False,final_ds_fail
1,15,full,False,0.2690039922860552,0.6798048215964814,9,False,False,final_ds_fail
2,0,pixel_only,True,0.05189235622167547,0.8965408911602595,16,True,True,pass
2,0,rphi_only,True,0.051892375044478634,0.9029252669383114,16,True,True,pass
2,0,z_only,False,0.3389216823318185,1.0296237169192044,11,False,False,final_ds_fail
2,0,full,False,0.33269015886303316,1.0447505594665407,11,False,False,final_ds_fail
2,1,pixel_only,True,0.05189364927196712,0.7249645659980073,16,True,True,pass
2,1,rphi_only,True,0.05189414146999728,0.7296134542924168,16,True,True,pass
2,1,z_only,False,,,0,False,False,seed_ds_fail
2,1,full,False,,,0,False,False,seed_ds_fail
2,2,pixel_only,True,0.05188484672837014,0.6045982117788054,16,True,True,pass
2,2,rphi_only,True,0.05188394221591728,0.6135778597926583,16,True,True,pass
2,2,z_only,False,0.2575959030145095,0.5932271129350914,9,False,False,final_ds_fail
2,2,full,False,0.2652666727178343,0.5890277657742202,9,False,False,final_ds_fail
2,3,pixel_only,True,0.0518939872365304,0.7271559025784697,16,True,True,pass
2,3,rphi_only,True,0.05189415173110587,0.7350091642193967,16,True,True,pass
2,3,z_only,False,,,0,False,False,seed_ds_fail
2,3,full,False,,,0,False,False,seed_ds_fail
2,4,pixel_only,True,0.05189530891803438,0.6351029895891872,16,True,True,pass
2,4,rphi_only,True,0.051895238413863065,0.6361630075137654,16,True,True,pass
2,4,z_only,False,0.23200120873309635,0.7361203645266788,11,False,False,final_ds_fail
2,4,full,False,0.2297918934156543,0.7384735609307408,11,False,False,final_ds_fail
2,5,pixel_only,True,0.05189570576292412,0.7272216742271052,16,True,True,pass
2,5,rphi_only,True,0.05189580134219525,0.731004291127699,16,True,True,pass
2,5,z_only,False,0.2630664724837327,0.6822361859045927,12,False,False,final_ds_fail
2,5,full,False,0.2664937166293379,0.6806159614246514,12,False,False,final_ds_fail
2,6,pixel_only,True,0.051895467588989934,0.6079478329125448,16,True,True,pass
2,6,rphi_only,True,0.05189518194404725,0.6006463541625598,16,True,True,pass
2,6,z_only,False,0.2730084025133983,0.9194634709795102,9,False,False,final_ds_fail
2,6,full,False,0.28608249109877637,0.9193274565779256,9,False,False,final_ds_fail
2,7,pixel_only,True,0.051887508077080084,0.606896374174074,16,True,True,pass
2,7,rphi_only,True,0.051886602246555544,0.6022168920243368,16,True,True,pass
2,7,z_only,False,0.3668791409503574,0.7182042287719734,10,False,False,final_ds_fail
2,7,full,False,0.34920566974002,0.9419479353492177,10,False,False,final_ds_fail
2,8,pixel_only,True,0.05189539371020332,0.6743667984692865,16,True,True,pass
2,8,rphi_only,True,0.05189525244545956,0.6743988793653849,16,True,True,pass
2,8,z_only,False,0.287416238442774,0.6603979999400067,9,False,False,final_ds_fail
2,8,full,False,0.2911051224979558,0.6582082528133278,9,False,False,final_ds_fail
2,9,pixel_only,True,0.05189122613973578,0.5902107297413578,16,True,True,pass
2,9,rphi_only,True,0.051890423590991844,0.5922473185917505,16,True,True,pass
2,9,z_only,False,0.28054168403474106,0.9890156893988007,10,False,False,final_ds_fail
2,9,full,False,0.28052506202930183,0.9891826727383266,10,False,False,final_ds_fail
2,10,pixel_only,True,0.0518965018054869,0.586877276633826,16,True,True,pass
2,10,rphi_only,True,0.051896536697281,0.5895386780143514,16,True,True,pass
2,10,z_only,False,0.26620946890532404,0.739044566134574,9,False,False,final_ds_fail
2,10,full,False,0.2850872807321532,0.7382835601309428,9,False,False,final_ds_fail
2,11,pixel_only,True,0.051892409873463906,0.581682142651992,16,True,True,pass
2,11,rphi_only,True,0.05189148674463486,0.5804077817851846,16,True,True,pass
2,11,z_only,False,0.2581628850408443,1.4674062371871373,10,False,False,final_ds_fail
2,11,full,False,0.2659721934558441,1.4672681736590911,10,False,False,final_ds_fail
2,12,pixel_only,True,0.051895686888812805,0.7868434159869027,16,True,True,pass
2,12,rphi_only,True,0.05189547955125297,0.7830468711943963,16,True,True,pass
2,12,z_only,False,,,0,False,False,seed_ds_fail
2,12,full,False,,,0,False,False,seed_ds_fail
2,13,pixel_only,True,0.05188916918132203,0.5892936843600265,16,True,True,pass
2,13,rphi_only,True,0.051886583089322376,0.5901089812652468,16,True,True,pass
2,13,z_only,False,0.2885240551911188,0.6336225622326987,9,False,False,final_ds_fail
2,13,full,False,0.30368131695698114,0.6301563277272005,9,False,False,final_ds_fail
2,14,pixel_only,True,0.05189583303098771,0.6942939430103836,16,True,True,pass
2,14,rphi_only,True,0.05189589013272041,0.6964364475278824,16,True,True,pass
2,14,z_only,False,0.3378272231237114,0.8728525901936025,10,False,False,final_ds_fail
2,14,full,False,0.33014169949454963,0.8675937043033363,10,False,False,final_ds_fail
2,15,pixel_only,True,0.05189434769169135,0.6116087866043028,16,True,True,pass
2,15,rphi_only,True,0.051893330001285494,0.6078000799053646,16,True,True,pass
2,15,z_only,False,0.25745495287118525,0.8187268723255441,9,False,False,final_ds_fail
2,15,full,False,0.2531211395139346,0.8178061211872092,9,False,False,final_ds_fail
3,0,pixel_only,True,0.05189235622167547,0.8965408911602595,16,True,True,pass
3,0,rphi_only,True,0.051892353698307206,0.8963280573558149,16,True,True,pass
3,0,z_only,False,0.255849591699594,0.8935155615335659,12,False,False,final_ds_fail
3,0,full,False,0.2553374786959581,0.8899377864145893,12,False,False,final_ds_fail
3,1,pixel_only,True,0.05189364927196712,0.7249645659980073,16,True,True,pass
3,1,rphi_only,True,0.05189303751168974,0.7258927017579155,16,True,True,pass
3,1,z_only,False,,,0,False,False,seed_ds_fail
3,1,full,False,,,0,False,False,seed_ds_fail
3,2,pixel_only,True,0.05188484672837014,0.6045982117788054,16,True,True,pass
3,2,rphi_only,True,0.05188475225696849,0.5990073292741166,16,True,True,pass
3,2,z_only,False,0.25967978877968595,0.8740457996207519,10,False,False,final_ds_fail
3,2,full,False,0.25252722734479266,0.8711468219483549,10,False,False,final_ds_fail
3,3,pixel_only,True,0.0518939872365304,0.7271559025784697,16,True,True,pass
3,3,rphi_only,True,0.05189401977446131,0.7313068002796054,16,True,True,pass
3,3,z_only,False,,,0,False,False,seed_ds_fail
3,3,full,False,,,0,False,False,seed_ds_fail
3,4,pixel_only,True,0.05189530891803438,0.6351029895891872,16,True,True,pass
3,4,rphi_only,True,0.05189518531817017,0.6420215630640853,16,True,True,pass
3,4,z_only,False,0.22872965309791876,1.0507180552821243,11,False,False,final_ds_fail
3,4,full,False,0.22239904824285994,1.052496791382824,11,False,False,final_ds_fail
3,5,pixel_only,True,0.05189570576292412,0.7272216742271052,16,True,True,pass
3,5,rphi_only,True,0.05189582140276196,0.7361168447002799,16,True,True,pass
3,5,z_only,False,,,0,False,False,seed_ds_fail
3,5,full,False,,,0,False,False,seed_ds_fail
3,6,pixel_only,True,0.051895467588989934,0.6079478329125448,16,True,True,pass
3,6,rphi_only,True,0.05189548405341078,0.613950168964644,16,True,True,pass
3,6,z_only,False,0.24895627034661916,0.5052450212169377,8,False,False,final_ds_fail
3,6,full,False,0.24662134615875136,0.5124167131362897,8,False,False,final_ds_fail
3,7,pixel_only,True,0.051887508077080084,0.606896374174074,16,True,True,pass
3,7,rphi_only,True,0.05188893561535885,0.6163287743835864,16,True,True,pass
3,7,z_only,False,,,0,False,False,seed_ds_fail
3,7,full,False,,,0,False,False,seed_ds_fail
3,8,pixel_only,True,0.05189539371020332,0.6743667984692865,16,True,True,pass
3,8,rphi_only,True,0.051895501721348825,0.6788880653802774,16,True,True,pass
3,8,z_only,False,,,0,False,False,seed_ds_fail
3,8,full,False,,,0,False,False,seed_ds_fail
3,9,pixel_only,True,0.05189122613973578,0.5902107297413578,16,True,True,pass
3,9,rphi_only,True,0.05189148113874682,0.601063977874292,16,True,True,pass
3,9,z_only,False,0.2698121994915542,0.9027264025130274,10,False,False,final_ds_fail
3,9,full,False,0.27773856755573695,0.9026641404545683,10,False,False,final_ds_fail
3,10,pixel_only,True,0.0518965018054869,0.586877276633826,16,True,True,pass
3,10,rphi_only,True,0.05189683381602849,0.584930187552581,16,True,True,pass
3,10,z_only,False,0.3075690039708236,0.7073502482876817,11,False,False,final_ds_fail
3,10,full,False,0.31077389190355614,0.7057445331145101,11,False,False,final_ds_fail
3,11,pixel_only,True,0.051892409873463906,0.581682142651992,16,True,True,pass
3,11,rphi_only,True,0.05189138013965272,0.5803521160771291,16,True,True,pass
3,11,z_only,False,0.22503421053799166,0.4842810790496391,9,False,False,final_ds_fail
3,11,full,False,0.22241001564427174,0.7496284114589375,10,False,False,final_ds_fail
3,12,pixel_only,True,0.051895686888812805,0.7868434159869027,16,True,True,pass
3,12,rphi_only,True,0.05189578343201592,0.7966668665456682,16,True,True,pass
3,12,z_only,False,0.19621828687304332,0.8059811286587583,13,False,False,final_ds_fail
3,12,full,False,0.1948584118633369,0.8055547941367867,13,False,False,final_ds_fail
3,13,pixel_only,True,0.05188916918132203,0.5892936843600265,16,True,True,pass
3,13,rphi_only,True,0.051889803643233895,0.5903857515537116,16,True,True,pass
3,13,z_only,False,0.2850544064847578,0.91194555675301,10,False,False,final_ds_fail
3,13,full,False,0.28267584383862926,0.9139749552296795,10,False,False,final_ds_fail
3,14,pixel_only,True,0.05189583303098771,0.6942939430103836,16,True,True,pass
3,14,rphi_only,True,0.05189581488303817,0.6916520410394315,16,True,True,pass
3,14,z_only,False,0.2748234565900527,0.7456648643959768,13,False,False,final_ds_fail
3,14,full,False,0.24026396016335905,0.7290724501547802,12,False,False,final_ds_fail
3,15,pixel_only,True,0.05189434769169135,0.6116087866043028,16,True,True,pass
3,15,rphi_only,True,0.051894157009096435,0.6094047625906421,16,True,True,pass
3,15,z_only,False,0.27676061287252557,0.5391981339835318,11,False,False,final_ds_fail
3,15,full,False,0.2730113230288175,0.534292467533885,11,False,False,final_ds_fail
4,0,pixel_only,True,0.05189235622167547,0.8965408911602595,16,True,True,pass
4,0,rphi_only,True,0.05189209187262366,0.8970162872326959,16,True,True,pass
4,0,z_only,False,0.2311521377936183,0.8761780854137112,13,False,False,final_ds_fail
4,0,full,False,0.23115628572134864,0.8783685357709937,13,False,False,final_ds_fail
4,1,pixel_only,True,0.05189364927196712,0.7249645659980073,16,True,True,pass
4,1,rphi_only,True,0.05189296574765485,0.7258663048433687,16,True,True,pass
4,1,z_only,False,,,0,False,False,seed_ds_fail
4,1,full,False,,,0,False,False,seed_ds_fail
4,2,pixel_only,True,0.05188484672837014,0.6045982117788054,16,True,True,pass
4,2,rphi_only,True,0.05188460256082237,0.6097189388533689,16,True,True,pass
4,2,z_only,False,0.18075345423502134,0.9491231894673828,10,False,False,final_ds_fail
4,2,full,False,0.03772149020942724,0.9242208795774585,7,False,False,missing_layer_after_growth
4,3,pixel_only,True,0.0518939872365304,0.7271559025784697,16,True,True,pass
4,3,rphi_only,True,0.051894779976941134,0.7435392788763526,16,True,True,pass
4,3,z_only,False,,,0,False,False,seed_ds_fail
4,3,full,False,,,0,False,False,seed_ds_fail
4,4,pixel_only,True,0.05189530891803438,0.6351029895891872,16,True,True,pass
4,4,rphi_only,True,0.051895326921731044,0.6368290495586166,16,True,True,pass
4,4,z_only,False,0.2690681063934786,0.45779254297197974,9,False,False,final_ds_fail
4,4,full,False,0.26331327518408504,0.45773576662625304,9,False,False,final_ds_fail
4,5,pixel_only,True,0.05189570576292412,0.7272216742271052,16,True,True,pass
4,5,rphi_only,True,0.05189551111183089,0.7407014901263979,16,True,True,pass
4,5,z_only,False,,,0,False,False,seed_ds_fail
4,5,full,False,,,0,False,False,seed_ds_fail
4,6,pixel_only,True,0.051895467588989934,0.6079478329125448,16,True,True,pass
4,6,rphi_only,True,0.051895622022193895,0.6136396863778079,16,True,True,pass
4,6,z_only,False,0.24635848387429074,1.2373228986130147,10,False,False,final_ds_fail
4,6,full,False,0.2467352457376602,1.242437179816675,10,False,False,final_ds_fail
4,7,pixel_only,True,0.051887508077080084,0.606896374174074,16,True,True,pass
4,7,rphi_only,True,0.051884622118862855,0.6091649375922122,16,True,True,pass
4,7,z_only,False,0.29011870083979474,0.9762916658394141,9,False,False,final_ds_fail
4,7,full,False,0.3101395407135852,0.9284040452029908,10,False,False,final_ds_fail
4,8,pixel_only,True,0.05189539371020332,0.6743667984692865,16,True,True,pass
4,8,rphi_only,True,0.05189540247401656,0.674754604375604,16,True,True,pass
4,8,z_only,False,,,0,False,False,seed_ds_fail
4,8,full,False,,,0,False,False,seed_ds_fail
4,9,pixel_only,True,0.05189122613973578,0.5902107297413578,16,True,True,pass
4,9,rphi_only,True,0.05189096699428244,0.5882493351104181,16,True,True,pass
4,9,z_only,False,0.2768161051248577,1.2890692887247863,10,False,False,final_ds_fail
4,9,full,False,0.24297582511069288,1.2963389313737073,9,False,False,final_ds_fail
4,10,pixel_only,True,0.0518965018054869,0.586877276633826,16,True,True,pass
4,10,rphi_only,True,0.0518965614033891,0.5911972044792937,16,True,True,pass
4,10,z_only,False,0.28072706130710584,0.47799063857330965,14,False,True,final_ds_fail
4,10,full,False,0.27888698716335625,0.48515694421425676,14,False,True,final_ds_fail
4,11,pixel_only,True,0.051892409873463906,0.581682142651992,16,True,True,pass
4,11,rphi_only,True,0.05189356265378237,0.5875249244641755,16,True,True,pass
4,11,z_only,False,0.25647170778738265,1.1771726563260985,10,False,False,final_ds_fail
4,11,full,False,0.22395412171896287,1.2457214607309766,9,False,False,final_ds_fail
4,12,pixel_only,True,0.051895686888812805,0.7868434159869027,16,True,True,pass
4,12,rphi_only,True,0.05189561418248453,0.7873804823303849,16,True,True,pass
4,12,z_only,False,0.11730902235591614,0.8074217715535832,12,False,False,final_ds_fail
4,12,full,False,0.11811328437088768,0.8044572586540037,12,False,False,final_ds_fail
4,13,pixel_only,True,0.05188916918132203,0.5892936843600265,16,True,True,pass
4,13,rphi_only,True,0.05188890816273263,0.5930479009948755,16,True,True,pass
4,13,z_only,False,0.26934054177679545,0.8700662262593556,11,False,False,final_ds_fail
4,13,full,False,0.28356038901963027,0.8724109209581392,11,False,False,final_ds_fail
4,14,pixel_only,True,0.05189583303098771,0.6942939430103836,16,True,True,pass
4,14,rphi_only,True,0.051895737735184196,0.681500290430492,16,True,True,pass
4,14,z_only,False,,,0,False,False,seed_ds_fail
4,14,full,False,,,0,False,False,seed_ds_fail
4,15,pixel_only,True,0.05189434769169135,0.6116087866043028,16,True,True,pass
4,15,rphi_only,True,0.051894424415516636,0.6181140441902574,16,True,True,pass
4,15,z_only,False,0.26147408646648407,0.844672914527203,9,False,False,final_ds_fail
4,15,full,False,0.287695603735085,0.8446910739274783,9,False,False,final_ds_fail
5,0,pixel_only,True,0.05189235622167547,0.8965408911602595,16,True,True,pass
5,0,rphi_only,True,0.05189229965432171,0.891174634060964,16,True,True,pass
5,0,z_only,False,,,0,False,False,seed_ds_fail
5,0,full,False,,,0,False,False,seed_ds_fail
5,1,pixel_only,True,0.05189364927196712,0.7249645659980073,16,True,True,pass
5,1,rphi_only,True,0.05189345775676215,0.7145675960241472,16,True,True,pass
5,1,z_only,False,,,0,False,False,seed_ds_fail
5,1,full,False,,,0,False,False,seed_ds_fail
5,2,pixel_only,True,0.05188484672837014,0.6045982117788054,16,True,True,pass
5,2,rphi_only,True,0.05188468305951728,0.6009886173885807,16,True,True,pass
5,2,z_only,False,0.2622170878276316,0.7721181144366392,12,False,False,final_ds_fail
5,2,full,False,0.2605446861039198,0.7670291937739293,12,False,False,final_ds_fail
5,3,pixel_only,True,0.0518939872365304,0.7271559025784697,16,True,True,pass
5,3,rphi_only,True,0.05189436611869251,0.7339537598157605,16,True,True,pass
5,3,z_only,False,,,0,False,False,seed_ds_fail
5,3,full,False,,,0,False,False,seed_ds_fail
5,4,pixel_only,True,0.05189530891803438,0.6351029895891872,16,True,True,pass
5,4,rphi_only,True,0.05189561826680406,0.6374396819646488,16,True,True,pass
5,4,z_only,False,0.2512244542294343,0.46913949519353915,9,False,False,final_ds_fail
5,4,full,False,0.24557869439629146,0.4737159255785296,9,False,False,final_ds_fail
5,5,pixel_only,True,0.05189570576292412,0.7272216742271052,16,True,True,pass
5,5,rphi_only,True,0.05189583455470597,0.7296389957434096,16,True,True,pass
5,5,z_only,False,,,0,False,False,seed_ds_fail
5,5,full,False,,,0,False,False,seed_ds_fail
5,6,pixel_only,True,0.051895467588989934,0.6079478329125448,16,True,True,pass
5,6,rphi_only,True,0.05189527548041135,0.6105404387870087,16,True,True,pass
5,6,z_only,False,0.2852420688141395,0.6445490684464048,12,False,False,final_ds_fail
5,6,full,False,0.285326334626537,0.6493217332499404,12,False,False,final_ds_fail
5,7,pixel_only,True,0.051887508077080084,0.606896374174074,16,True,True,pass
5,7,rphi_only,True,0.05188695850326637,0.5976574967317567,16,True,True,pass
5,7,z_only,False,0.26935630190336207,1.6798779039600837,10,False,False,final_ds_fail
5,7,full,False,0.26361644433438797,1.680072438637062,10,False,False,final_ds_fail
5,8,pixel_only,True,0.05189539371020332,0.6743667984692865,16,True,True,pass
5,8,rphi_only,True,0.05189523473055339,0.6688171271337393,16,True,True,pass
5,8,z_only,False,0.24907039225422345,0.6520495092450992,13,False,False,final_ds_fail
5,8,full,False,0.24909833492973413,0.6518196232533459,13,False,False,final_ds_fail
5,9,pixel_only,True,0.05189122613973578,0.5902107297413578,16,True,True,pass
5,9,rphi_only,True,0.05189188634980296,0.5936851940809684,16,True,True,pass
5,9,z_only,False,0.2774378537149779,1.0566381445406081,10,False,False,final_ds_fail
5,9,full,False,0.2805054353701141,1.056224610430179,10,False,False,final_ds_fail
5,10,pixel_only,True,0.0518965018054869,0.586877276633826,16,True,True,pass
5,10,rphi_only,True,0.051896792867748016,0.587657749633505,16,True,True,pass
5,10,z_only,False,0.2588765674460845,0.7483863536399017,9,False,False,final_ds_fail
5,10,full,False,0.26204578161563996,0.7528009442352424,9,False,False,final_ds_fail
5,11,pixel_only,True,0.051892409873463906,0.581682142651992,16,True,True,pass
5,11,rphi_only,True,0.05189106612554659,0.575465907140203,16,True,True,pass
5,11,z_only,False,0.24678102960136927,0.6780455601151746,12,False,False,final_ds_fail
5,11,full,False,0.24040328325176308,0.6730439527794984,12,False,False,final_ds_fail
5,12,pixel_only,True,0.051895686888812805,0.7868434159869027,16,True,True,pass
5,12,rphi_only,True,0.05189572545844379,0.7901853301313021,16,True,True,pass
5,12,z_only,False,,,0,False,False,seed_ds_fail
5,12,full,False,,,0,False,False,seed_ds_fail
5,13,pixel_only,True,0.05188916918132203,0.5892936843600265,16,True,True,pass
5,13,rphi_only,True,0.051888328968451344,0.5865082944829177,16,True,True,pass
5,13,z_only,False,0.31847916023781225,0.5841358933593731,11,False,False,final_ds_fail
5,13,full,False,0.3099518360410836,0.584671564066576,11,False,False,final_ds_fail
5,14,pixel_only,True,0.05189583303098771,0.6942939430103836,16,True,True,pass
5,14,rphi_only,True,0.051895835515842516,0.7006566539944312,16,True,True,pass
5,14,z_only,False,,,0,False,False,seed_ds_fail
5,14,full,False,,,0,False,False,seed_ds_fail
5,15,pixel_only,True,0.05189434769169135,0.6116087866043028,16,True,True,pass
5,15,rphi_only,True,0.05189405427448007,0.614326837220776,16,True,True,pass
5,15,z_only,False,0.262693243269822,0.8679027789022736,9,False,False,final_ds_fail
5,15,full,False,0.26662286225674975,0.8679741073504453,9,False,False,final_ds_fail
6,0,pixel_only,True,0.05189235622167547,0.8965408911602595,16,True,True,pass
6,0,rphi_only,True,0.051892257866482626,0.8929957234389694,16,True,True,pass
6,0,z_only,False,,,0,False,False,seed_ds_fail
6,0,full,False,,,0,False,False,seed_ds_fail
6,1,pixel_only,True,0.05189364927196712,0.7249645659980073,16,True,True,pass
6,1,rphi_only,True,0.05189403616096677,0.7211874594875238,16,True,True,pass
6,1,z_only,False,0.26701079323109406,0.7664583353273503,11,False,False,final_ds_fail
6,1,full,False,0.2630154545965244,0.7665224579058577,11,False,False,final_ds_fail
6,2,pixel_only,True,0.05188484672837014,0.6045982117788054,16,True,True,pass
6,2,rphi_only,True,0.05188325623035433,0.6064594662236709,16,True,True,pass
6,2,z_only,False,0.1922060523123436,0.8542635343458093,10,False,False,final_ds_fail
6,2,full,False,0.2525313575662527,0.8539397111433905,12,False,False,final_ds_fail
6,3,pixel_only,True,0.0518939872365304,0.7271559025784697,16,True,True,pass
6,3,rphi_only,True,0.051893544623242,0.721712638550398,16,True,True,pass
6,3,z_only,False,,,0,False,False,seed_ds_fail
6,3,full,False,,,0,False,False,seed_ds_fail
6,4,pixel_only,True,0.05189530891803438,0.6351029895891872,16,True,True,pass
6,4,rphi_only,True,0.05189558571406702,0.6436305834922932,16,True,True,pass
6,4,z_only,False,0.26049100866127656,0.9444335505835096,9,False,False,final_ds_fail
6,4,full,False,0.26669536578172315,0.9445474368393246,9,False,False,final_ds_fail
6,5,pixel_only,True,0.05189570576292412,0.7272216742271052,16,True,True,pass
6,5,rphi_only,True,0.051895785102629,0.7271044226225776,16,True,True,pass
6,5,z_only,False,,,0,False,False,seed_ds_fail
6,5,full,False,,,0,False,False,seed_ds_fail
6,6,pixel_only,True,0.051895467588989934,0.6079478329125448,16,True,True,pass
6,6,rphi_only,True,0.05189492157656307,0.6026546629924894,16,True,True,pass
6,6,z_only,False,0.23065791154491355,1.1835726006748168,12,False,False,final_ds_fail
6,6,full,False,0.22519549363142854,1.1809139327193892,12,False,False,final_ds_fail
6,7,pixel_only,True,0.051887508077080084,0.606896374174074,16,True,True,pass
6,7,rphi_only,True,0.05188825962978388,0.6063978852140942,16,True,True,pass
6,7,z_only,False,,,0,False,False,seed_ds_fail
6,7,full,False,,,0,False,False,seed_ds_fail
6,8,pixel_only,True,0.05189539371020332,0.6743667984692865,16,True,True,pass
6,8,rphi_only,True,0.051895504112946245,0.6797247334790774,16,True,True,pass
6,8,z_only,False,,,0,False,False,seed_ds_fail
6,8,full,False,,,0,False,False,seed_ds_fail
6,9,pixel_only,True,0.05189122613973578,0.5902107297413578,16,True,True,pass
6,9,rphi_only,True,0.05189230555361159,0.5832427205635933,16,True,True,pass
6,9,z_only,False,0.2630596570117021,0.6383426823984107,10,False,False,final_ds_fail
6,9,full,False,0.25015953001734365,0.6302686741849435,10,False,False,final_ds_fail
6,10,pixel_only,True,0.0518965018054869,0.586877276633826,16,True,True,pass
6,10,rphi_only,True,0.05189646237296336,0.5885451139845377,16,True,True,pass
6,10,z_only,False,0.30703330169341486,0.7765291607100622,9,False,False,final_ds_fail
6,10,full,False,0.3012994748226991,0.7766609234114081,9,False,False,final_ds_fail
6,11,pixel_only,True,0.051892409873463906,0.581682142651992,16,True,True,pass
6,11,rphi_only,True,0.05189158015362655,0.5785364223944371,16,True,True,pass
6,11,z_only,False,0.23219019706642305,0.6616556186654527,10,False,False,final_ds_fail
6,11,full,False,0.22613952021163175,0.6605214452590707,10,False,False,final_ds_fail
6,12,pixel_only,True,0.051895686888812805,0.7868434159869027,16,True,True,pass
6,12,rphi_only,True,0.05189539271723357,0.7731359184243625,16,True,True,pass
6,12,z_only,False,,,0,False,False,seed_ds_fail
6,12,full,False,,,0,False,False,seed_ds_fail
6,13,pixel_only,True,0.05188916918132203,0.5892936843600265,16,True,True,pass
6,13,rphi_only,True,0.05188873009374824,0.5871623928657695,16,True,True,pass
6,13,z_only,False,0.3119086405140062,0.9910917415108822,10,False,False,final_ds_fail
6,13,full,False,0.3210146542180694,0.99067947627112,10,False,False,final_ds_fail
6,14,pixel_only,True,0.05189583303098771,0.6942939430103836,16,True,True,pass
6,14,rphi_only,True,0.0518957267481004,0.6929447609139293,16,True,True,pass
6,14,z_only,False,0.2537421020281884,1.0083901793324435,10,False,False,final_ds_fail
6,14,full,False,0.25867411585022315,1.0052458529992896,10,False,False,final_ds_fail
6,15,pixel_only,True,0.05189434769169135,0.6116087866043028,16,True,True,pass
6,15,rphi_only,True,0.051894684787815386,0.6091051364444228,16,True,True,pass
6,15,z_only,False,0.23650197002097623,0.7187028435244861,11,False,False,final_ds_fail
6,15,full,False,0.2351635304458004,0.717874437789266,11,False,False,final_ds_fail
7,0,pixel_only,True,0.05189235622167547,0.8965408911602595,16,True,True,pass
7,0,rphi_only,True,0.051892229088516977,0.8878032724201196,16,True,True,pass
7,0,z_only,False,,,0,False,False,seed_ds_fail
7,0,full,False,,,0,False,False,seed_ds_fail
7,1,pixel_only,True,0.05189364927196712,0.7249645659980073,16,True,True,pass
7,1,rphi_only,True,0.05189280581618739,0.7168400809669782,16,True,True,pass
7,1,z_only,False,0.32686997249187955,1.3060060072807302,12,False,False,final_ds_fail
7,1,full,False,0.3217924594468687,1.3012130158087174,12,False,False,final_ds_fail
7,2,pixel_only,True,0.05188484672837014,0.6045982117788054,16,True,True,pass
7,2,rphi_only,True,0.051885353484057185,0.6044605555914282,16,True,True,pass
7,2,z_only,False,0.24340076448600792,0.8366233646602053,9,False,False,final_ds_fail
7,2,full,False,0.24021787425032567,0.8368562187541901,9,False,False,final_ds_fail
7,3,pixel_only,True,0.0518939872365304,0.7271559025784697,16,True,True,pass
7,3,rphi_only,True,0.051894587172521364,0.7454922655683477,16,True,True,pass
7,3,z_only,False,,,0,False,False,seed_ds_fail
7,3,full,False,,,0,False,False,seed_ds_fail
7,4,pixel_only,True,0.05189530891803438,0.6351029895891872,16,True,True,pass
7,4,rphi_only,True,0.05189463366900729,0.6369635485224612,16,True,True,pass
7,4,z_only,False,0.24039752112862436,0.6189259700725703,9,False,False,final_ds_fail
7,4,full,False,0.24203908981049532,0.6158065960182694,9,False,False,final_ds_fail
7,5,pixel_only,True,0.05189570576292412,0.7272216742271052,16,True,True,pass
7,5,rphi_only,True,0.05189570930363838,0.7377909478701987,16,True,True,pass
7,5,z_only,False,0.33957946610964346,0.8235147966312195,10,False,False,final_ds_fail
7,5,full,False,0.34877499060554373,0.8309554199645757,10,False,False,final_ds_fail
7,6,pixel_only,True,0.051895467588989934,0.6079478329125448,16,True,True,pass
7,6,rphi_only,True,0.051895826992220104,0.6100655735667201,16,True,True,pass
7,6,z_only,False,0.21712742421858536,0.8811935552957461,8,False,False,final_ds_fail
7,6,full,False,0.20878488025767922,0.8845936855791289,8,False,False,final_ds_fail
7,7,pixel_only,True,0.051887508077080084,0.606896374174074,16,True,True,pass
7,7,rphi_only,True,0.051888851295408774,0.6005662590479056,16,True,True,pass
7,7,z_only,False,0.32821678220471134,0.7496991954672964,11,False,False,final_ds_fail
7,7,full,False,0.3272195469318359,0.742912075418167,11,False,False,final_ds_fail
7,8,pixel_only,True,0.05189539371020332,0.6743667984692865,16,True,True,pass
7,8,rphi_only,True,0.05189478458336739,0.6742355188444245,16,True,True,pass
7,8,z_only,False,0.2857496031142951,0.9008253515077576,8,False,False,final_ds_fail
7,8,full,False,0.2953458388305167,0.8933666268659491,8,False,False,final_ds_fail
7,9,pixel_only,True,0.05189122613973578,0.5902107297413578,16,True,True,pass
7,9,rphi_only,True,0.051890508081461624,0.5851140578820686,16,True,True,pass
7,9,z_only,False,0.26675290009893377,0.43112697836902375,10,False,False,final_ds_fail
7,9,full,False,0.25983128394613714,0.433670892931711,10,False,False,final_ds_fail
7,10,pixel_only,True,0.0518965018054869,0.586877276633826,16,True,True,pass
7,10,rphi_only,True,0.05189637328148387,0.5916382651474467,16,True,True,pass
7,10,z_only,False,0.2526036496372577,0.7885892095663352,12,False,False,final_ds_fail
7,10,full,False,0.24226748169542456,0.7931544460317661,12,False,False,final_ds_fail
7,11,pixel_only,True,0.051892409873463906,0.581682142651992,16,True,True,pass
7,11,rphi_only,True,0.05189208124223377,0.5814499346017589,16,True,True,pass
7,11,z_only,False,0.2522135594468649,0.9203019142932306,10,False,False,final_ds_fail
7,11,full,False,0.2418006643899668,0.9188382075960575,10,False,False,final_ds_fail
7,12,pixel_only,True,0.051895686888812805,0.7868434159869027,16,True,True,pass
7,12,rphi_only,True,0.05189593325963402,0.7949990276173752,16,True,True,pass
7,12,z_only,False,,,0,False,False,seed_ds_fail
7,12,full,False,,,0,False,False,seed_ds_fail
7,13,pixel_only,True,0.05188916918132203,0.5892936843600265,16,True,True,pass
7,13,rphi_only,True,0.05188921948078525,0.5889318600675334,16,True,True,pass
7,13,z_only,False,0.31329550769690456,1.0248464497901504,10,False,False,final_ds_fail
7,13,full,False,0.30715520115922335,1.0248163653291857,10,False,False,final_ds_fail
7,14,pixel_only,True,0.05189583303098771,0.6942939430103836,16,True,True,pass
7,14,rphi_only,True,0.051895705181044215,0.6875816257983633,16,True,True,pass
7,14,z_only,False,,,0,False,False,seed_ds_fail
7,14,full,False,,,0,False,False,seed_ds_fail
7,15,pixel_only,True,0.05189434769169135,0.6116087866043028,16,True,True,pass
7,15,rphi_only,True,0.051895053515368425,0.6119594708437446,16,True,True,pass
7,15,z_only,False,0.22979727886806656,0.6526702926629407,12,False,False,final_ds_fail
7,15,full,False,0.22432958772468342,0.6556564330996224,12,False,False,final_ds_fail
8,0,pixel_only,True,0.05189235622167547,0.8965408911602595,16,True,True,pass
8,0,rphi_only,True,0.05189239476886489,0.9017072333969123,16,True,True,pass
8,0,z_only,False,,,0,False,False,seed_ds_fail
8,0,full,False,,,0,False,False,seed_ds_fail
8,1,pixel_only,True,0.05189364927196712,0.7249645659980073,16,True,True,pass
8,1,rphi_only,True,0.05189391067942863,0.7245057767770728,16,True,True,pass
8,1,z_only,False,,,0,False,False,seed_ds_fail
8,1,full,False,,,0,False,False,seed_ds_fail
8,2,pixel_only,True,0.05188484672837014,0.6045982117788054,16,True,True,pass
8,2,rphi_only,True,0.05188305258705599,0.6067083897157161,16,True,True,pass
8,2,z_only,False,0.2182015293595673,0.8453875430860482,11,False,False,final_ds_fail
8,2,full,False,0.21237698795514104,0.845086109197993,11,False,False,final_ds_fail
8,3,pixel_only,True,0.0518939872365304,0.7271559025784697,16,True,True,pass
8,3,rphi_only,True,0.051894340300762266,0.7278363426528085,16,True,True,pass
8,3,z_only,False,,,0,False,False,seed_ds_fail
8,3,full,False,,,0,False,False,seed_ds_fail
8,4,pixel_only,True,0.05189530891803438,0.6351029895891872,16,True,True,pass
8,4,rphi_only,True,0.05189558340160271,0.6361208078957707,16,True,True,pass
8,4,z_only,False,0.2047512028486275,0.6180867400096086,10,False,False,final_ds_fail
8,4,full,False,0.20465662438965246,0.6238088184762516,10,False,False,final_ds_fail
8,5,pixel_only,True,0.05189570576292412,0.7272216742271052,16,True,True,pass
8,5,rphi_only,True,0.05189576884549838,0.719229279419332,16,True,True,pass
8,5,z_only,False,,,0,False,False,seed_ds_fail
8,5,full,False,,,0,False,False,seed_ds_fail
8,6,pixel_only,True,0.051895467588989934,0.6079478329125448,16,True,True,pass
8,6,rphi_only,True,0.051895652336545854,0.601152032735067,16,True,True,pass
8,6,z_only,False,0.22048400882801722,0.7479624840721265,10,False,False,final_ds_fail
8,6,full,False,0.22479356461001446,0.7449605948056194,10,False,False,final_ds_fail
8,7,pixel_only,True,0.051887508077080084,0.606896374174074,16,True,True,pass
8,7,rphi_only,True,0.05188655647805328,0.6098700119907537,16,True,True,pass
8,7,z_only,False,0.2877462962516934,0.7305108095334418,9,False,False,final_ds_fail
8,7,full,False,0.2836378541629759,0.7326351032309802,9,False,False,final_ds_fail
8,8,pixel_only,True,0.05189539371020332,0.6743667984692865,16,True,True,pass
8,8,rphi_only,True,0.051895425739094,0.6706519415175081,16,True,True,pass
8,8,z_only,False,0.36949421892507917,1.0521058082775268,9,False,False,final_ds_fail
8,8,full,False,,,0,False,False,seed_ds_fail
8,9,pixel_only,True,0.05189122613973578,0.5902107297413578,16,True,True,pass
8,9,rphi_only,True,0.051891656748482465,0.5969066250563186,16,True,True,pass
8,9,z_only,False,0.25505737362197883,1.1120083359288506,10,False,False,final_ds_fail
8,9,full,False,0.2588224411106389,1.1129990029610553,10,False,False,final_ds_fail
8,10,pixel_only,True,0.0518965018054869,0.586877276633826,16,True,True,pass
8,10,rphi_only,True,0.051896545664374995,0.588178700704705,16,True,True,pass
8,10,z_only,False,0.32437383454859203,0.7550495467933882,10,False,False,final_ds_fail
8,10,full,False,0.3302667134146825,0.7554445178097964,10,False,False,final_ds_fail
8,11,pixel_only,True,0.051892409873463906,0.581682142651992,16,True,True,pass
8,11,rphi_only,True,0.05189182743834414,0.5797183063561198,16,True,True,pass
8,11,z_only,False,0.2478453655531727,0.7619877662530151,10,False,False,final_ds_fail
8,11,full,False,0.24292162549544274,0.7621350674359361,10,False,False,final_ds_fail
8,12,pixel_only,True,0.051895686888812805,0.7868434159869027,16,True,True,pass
8,12,rphi_only,True,0.051895639046632594,0.7978138415834355,16,True,True,pass
8,12,z_only,False,,,0,False,False,seed_ds_fail
8,12,full,False,,,0,False,False,seed_ds_fail
8,13,pixel_only,True,0.05188916918132203,0.5892936843600265,16,True,True,pass
8,13,rphi_only,True,0.05188895107091796,0.587089724071512,16,True,True,pass
8,13,z_only,False,0.2794262414783784,0.6673943521112086,11,False,False,final_ds_fail
8,13,full,False,0.2836572235249771,0.6648666317559441,11,False,False,final_ds_fail
8,14,pixel_only,True,0.05189583303098771,0.6942939430103836,16,True,True,pass
8,14,rphi_only,True,0.05189563847670811,0.6947243671086709,16,True,True,pass
8,14,z_only,False,,,0,False,False,seed_ds_fail
8,14,full,False,,,0,False,False,seed_ds_fail
8,15,pixel_only,True,0.05189434769169135,0.6116087866043028,16,True,True,pass
8,15,rphi_only,True,0.05189445669776432,0.6133131045419304,16,True,True,pass
8,15,z_only,False,0.26286708452128554,0.9192480856931572,9,False,False,final_ds_fail
8,15,full,False,0.27141892224853686,0.91940426331399,9,False,False,final_ds_fail
9,0,pixel_only,True,0.05189235622167547,0.8965408911602595,16,True,True,pass
9,0,rphi_only,True,0.05189241024547612,0.9022222188257254,16,True,True,pass
9,0,z_only,False,0.27183224324253924,0.9012126499022977,11,False,False,final_ds_fail
9,0,full,False,0.2704395291174795,0.9094813015712645,11,False,False,final_ds_fail
9,1,pixel_only,True,0.05189364927196712,0.7249645659980073,16,True,True,pass
9,1,rphi_only,True,0.05189406885647956,0.7177606530403956,16,True,True,pass
9,1,z_only,False,0.24860689034826794,0.7519968868965344,12,False,False,final_ds_fail
9,1,full,False,0.24970186975591255,0.7494959621305903,12,False,False,final_ds_fail
9,2,pixel_only,True,0.05188484672837014,0.6045982117788054,16,True,True,pass
9,2,rphi_only,True,0.051886471699424,0.5995202925255206,16,True,True,pass
9,2,z_only,False,0.256943326030576,0.4841740675962068,13,False,False,final_ds_fail
9,2,full,False,0.26162958272833675,0.47230655505681834,13,False,False,final_ds_fail
9,3,pixel_only,True,0.0518939872365304,0.7271559025784697,16,True,True,pass
9,3,rphi_only,True,0.05189295339873269,0.7222551047359862,16,True,True,pass
9,3,z_only,False,,,0,False,False,seed_ds_fail
9,3,full,False,,,0,False,False,seed_ds_fail
9,4,pixel_only,True,0.05189530891803438,0.6351029895891872,16,True,True,pass
9,4,rphi_only,True,0.051894694517077886,0.6399382974701922,16,True,True,pass
9,4,z_only,False,0.20088634504402988,0.5357625877908037,8,False,False,final_ds_fail
9,4,full,False,0.20888433197791162,0.5351093398230543,8,False,False,final_ds_fail
9,5,pixel_only,True,0.05189570576292412,0.7272216742271052,16,True,True,pass
9,5,rphi_only,True,0.05189547819171997,0.7494493124924149,16,True,True,pass
9,5,z_only,False,,,0,False,False,seed_ds_fail
9,5,full,False,,,0,False,False,seed_ds_fail
9,6,pixel_only,True,0.051895467588989934,0.6079478329125448,16,True,True,pass
9,6,rphi_only,True,0.051895820453592624,0.6141762472122827,16,True,True,pass
9,6,z_only,False,0.276446201969128,0.8515235284515477,9,False,False,final_ds_fail
9,6,full,False,0.2931922547634823,0.851128288402187,9,False,False,final_ds_fail
9,7,pixel_only,True,0.051887508077080084,0.606896374174074,16,True,True,pass
9,7,rphi_only,True,0.05188814580779519,0.6055145556374988,16,True,True,pass
9,7,z_only,False,0.3281415068110793,0.8066776022708245,11,False,False,final_ds_fail
9,7,full,False,,,0,False,False,seed_ds_fail
9,8,pixel_only,True,0.05189539371020332,0.6743667984692865,16,True,True,pass
9,8,rphi_only,True,0.051895378909692126,0.6693652699075416,16,True,True,pass
9,8,z_only,False,0.23781056129197176,0.792462309370648,9,False,False,final_ds_fail
9,8,full,False,0.23831050383042796,0.7888911874187201,9,False,False,final_ds_fail
9,9,pixel_only,True,0.05189122613973578,0.5902107297413578,16,True,True,pass
9,9,rphi_only,True,0.05189124222372242,0.5931141776520705,16,True,True,pass
9,9,z_only,False,0.2668479585636964,0.7088033664426757,10,False,False,final_ds_fail
9,9,full,False,0.2768255144908565,0.7068351750386159,10,False,False,final_ds_fail
9,10,pixel_only,True,0.0518965018054869,0.586877276633826,16,True,True,pass
9,10,rphi_only,True,0.05189639662564999,0.5859971806819051,16,True,True,pass
9,10,z_only,False,0.25365096375928137,0.5506186909577057,9,False,False,final_ds_fail
9,10,full,False,0.2679875558330662,0.5497756706371785,9,False,False,final_ds_fail
9,11,pixel_only,True,0.051892409873463906,0.581682142651992,16,True,True,pass
9,11,rphi_only,True,0.051892423381698735,0.5819074888221236,16,True,True,pass
9,11,z_only,False,0.2462626447101259,0.7962603756820946,10,False,False,final_ds_fail
9,11,full,False,0.2419468858541976,0.7959331997828848,10,False,False,final_ds_fail
9,12,pixel_only,True,0.051895686888812805,0.7868434159869027,16,True,True,pass
9,12,rphi_only,True,0.05189579638240719,0.7967619285930481,16,True,True,pass
9,12,z_only,False,,,0,False,False,seed_ds_fail
9,12,full,False,,,0,False,False,seed_ds_fail
9,13,pixel_only,True,0.05188916918132203,0.5892936843600265,16,True,True,pass
9,13,rphi_only,True,0.051888256825576864,0.5904002987898714,16,True,True,pass
9,13,z_only,False,0.2431090002845675,1.0357381594952404,10,False,False,final_ds_fail
9,13,full,False,0.241140894369109,1.0355160889972048,10,False,False,final_ds_fail
9,14,pixel_only,True,0.05189583303098771,0.6942939430103836,16,True,True,pass
9,14,rphi_only,True,0.051895931078439476,0.7037067301537034,16,True,True,pass
9,14,z_only,False,,,0,False,False,seed_ds_fail
9,14,full,False,,,0,False,False,seed_ds_fail
9,15,pixel_only,True,0.05189434769169135,0.6116087866043028,16,True,True,pass
9,15,rphi_only,True,0.05189501444548989,0.6023052166875453,16,True,True,pass
9,15,z_only,False,0.2449073719039858,0.6915216346465923,11,False,False,final_ds_fail
9,15,full,False,0.2506782362436728,0.6863990734877095,11,False,False,final_ds_fail
10,0,pixel_only,True,0.05189235622167547,0.8965408911602595,16,True,True,pass
10,0,rphi_only,True,0.05189245782243804,0.9081961373843932,16,True,True,pass
10,0,z_only,False,,,0,False,False,seed_ds_fail
10,0,full,False,,,0,False,False,seed_ds_fail
10,1,pixel_only,True,0.05189364927196712,0.7249645659980073,16,True,True,pass
10,1,rphi_only,True,0.051894159693453366,0.7227132176540246,16,True,True,pass
10,1,z_only,False,0.23179209854626412,0.7061691253974054,14,True,False,final_ds_fail
10,1,full,False,0.23206613218553834,0.7006924977442492,14,True,False,final_ds_fail
10,2,pixel_only,True,0.05188484672837014,0.6045982117788054,16,True,True,pass
10,2,rphi_only,True,0.05188287091190854,0.596057338325852,16,True,True,pass
10,2,z_only,False,0.24827165305011295,1.032153131770269,9,False,False,final_ds_fail
10,2,full,False,0.24094831682855797,1.0319670232831044,9,False,False,final_ds_fail
10,3,pixel_only,True,0.0518939872365304,0.7271559025784697,16,True,True,pass
10,3,rphi_only,True,0.05189340487408508,0.7315171376370304,16,True,True,pass
10,3,z_only,False,,,0,False,False,seed_ds_fail
10,3,full,False,,,0,False,False,seed_ds_fail
10,4,pixel_only,True,0.05189530891803438,0.6351029895891872,16,True,True,pass
10,4,rphi_only,True,0.051895593365956026,0.6464884143541935,16,True,True,pass
10,4,z_only,False,0.25194735561311393,0.7941584498246489,9,False,False,final_ds_fail
10,4,full,False,0.2387230452163199,0.7951518390021691,9,False,False,final_ds_fail
10,5,pixel_only,True,0.05189570576292412,0.7272216742271052,16,True,True,pass
10,5,rphi_only,True,0.05189555920566813,0.7172882070069609,16,True,True,pass
10,5,z_only,False,,,0,False,False,seed_ds_fail
10,5,full,False,,,0,False,False,seed_ds_fail
10,6,pixel_only,True,0.051895467588989934,0.6079478329125448,16,True,True,pass
10,6,rphi_only,True,0.05189440841320368,0.5994714572873849,16,True,True,pass
10,6,z_only,False,0.2509532716348438,0.9928290679352264,10,False,False,final_ds_fail
10,6,full,False,0.2462648944176285,0.9899304599052287,10,False,False,final_ds_fail
10,7,pixel_only,True,0.051887508077080084,0.606896374174074,16,True,True,pass
10,7,rphi_only,True,0.05188398063063521,0.6058419274645286,16,True,True,pass
10,7,z_only,False,,,0,False,False,seed_ds_fail
10,7,full,False,0.3537265843141812,1.1044260936708363,11,False,False,final_ds_fail
10,8,pixel_only,True,0.05189539371020332,0.6743667984692865,16,True,True,pass
10,8,rphi_only,True,0.05189543006993596,0.675251977290049,16,True,True,pass
10,8,z_only,False,,,0,False,False,seed_ds_fail
10,8,full,False,,,0,False,False,seed_ds_fail
10,9,pixel_only,True,0.05189122613973578,0.5902107297413578,16,True,True,pass
10,9,rphi_only,True,0.05189196043828841,0.5850891685926581,16,True,True,pass
10,9,z_only,False,0.2789812757000701,0.7144397923456512,10,False,False,final_ds_fail
10,9,full,False,0.277839007892592,0.7145935343085104,10,False,False,final_ds_fail
10,10,pixel_only,True,0.0518965018054869,0.586877276633826,16,True,True,pass
10,10,rphi_only,True,0.05189664755568548,0.5827635263320126,16,True,True,pass
10,10,z_only,False,0.287507727444502,0.8985352481532969,11,False,False,final_ds_fail
10,10,full,False,0.28137685339826835,0.8999226751817894,11,False,False,final_ds_fail
10,11,pixel_only,True,0.051892409873463906,0.581682142651992,16,True,True,pass
10,11,rphi_only,True,0.05189268129804507,0.5849881753091793,16,True,True,pass
10,11,z_only,False,0.162467171042627,0.5872637061619939,14,True,False,final_ds_fail
10,11,full,False,0.16202266710927835,0.5912627079281817,14,True,False,final_ds_fail
10,12,pixel_only,True,0.051895686888812805,0.7868434159869027,16,True,True,pass
10,12,rphi_only,True,0.05189587062966375,0.7952689020441946,16,True,True,pass
10,12,z_only,False,0.2824127503322018,0.8899613565939429,10,False,False,final_ds_fail
10,12,full,False,0.2884495045446475,0.8941959934238134,10,False,False,final_ds_fail
10,13,pixel_only,True,0.05188916918132203,0.5892936843600265,16,True,True,pass
10,13,rphi_only,True,0.05189036130068443,0.5993553142541943,16,True,True,pass
10,13,z_only,False,0.3134275333478683,1.2967226607945357,10,False,False,final_ds_fail
10,13,full,False,0.31149483849973936,1.2970211205922253,10,False,False,final_ds_fail
10,14,pixel_only,True,0.05189583303098771,0.6942939430103836,16,True,True,pass
10,14,rphi_only,True,0.05189556073507974,0.6943246900955272,16,True,True,pass
10,14,z_only,False,0.22534455276157733,0.7282968353742132,11,False,False,final_ds_fail
10,14,full,False,0.22592264240211518,0.7271073925689586,11,False,False,final_ds_fail
10,15,pixel_only,True,0.05189434769169135,0.6116087866043028,16,True,True,pass
10,15,rphi_only,True,0.05189398984345804,0.6041098653425576,16,True,True,pass
10,15,z_only,False,0.2548472442613067,0.6750403164435864,9,False,False,final_ds_fail
10,15,full,False,0.25744824890764895,0.6774312040564731,9,False,False,final_ds_fail
11,0,pixel_only,True,0.05189235622167547,0.8965408911602595,16,True,True,pass
11,0,rphi_only,True,0.05189229383067356,0.8906379862500169,16,True,True,pass
11,0,z_only,False,0.22750042190742392,0.963177179218975,11,False,False,final_ds_fail
11,0,full,False,0.22825635385998566,0.9545783255405175,11,False,False,final_ds_fail
11,1,pixel_only,True,0.05189364927196712,0.7249645659980073,16,True,True,pass
11,1,rphi_only,True,0.05189337114882684,0.7250472295792009,16,True,True,pass
11,1,z_only,False,,,0,False,False,seed_ds_fail
11,1,full,False,,,0,False,False,seed_ds_fail
11,2,pixel_only,True,0.05188484672837014,0.6045982117788054,16,True,True,pass
11,2,rphi_only,True,0.051885791563546925,0.6145882249686714,16,True,True,pass
11,2,z_only,False,0.2919141582588391,0.8515499859722506,10,False,False,final_ds_fail
11,2,full,False,0.26445742457518145,0.850902057176519,9,False,False,final_ds_fail
11,3,pixel_only,True,0.0518939872365304,0.7271559025784697,16,True,True,pass
11,3,rphi_only,True,0.05189333898224757,0.7359298924758809,16,True,True,pass
11,3,z_only,False,,,0,False,False,seed_ds_fail
11,3,full,False,,,0,False,False,seed_ds_fail
11,4,pixel_only,True,0.05189530891803438,0.6351029895891872,16,True,True,pass
11,4,rphi_only,True,0.05189575020124296,0.6443753685470657,16,True,True,pass
11,4,z_only,False,0.259351098270803,1.4883291043998446,9,False,False,final_ds_fail
11,4,full,False,0.2545297516525529,1.4885141599001213,9,False,False,final_ds_fail
11,5,pixel_only,True,0.05189570576292412,0.7272216742271052,16,True,True,pass
11,5,rphi_only,True,0.05189542740665896,0.7219305366572533,16,True,True,pass
11,5,z_only,False,,,0,False,False,seed_ds_fail
11,5,full,False,,,0,False,False,seed_ds_fail
11,6,pixel_only,True,0.051895467588989934,0.6079478329125448,16,True,True,pass
11,6,rphi_only,True,0.051895658241752005,0.6101783538518158,16,True,True,pass
11,6,z_only,False,0.2795092459436643,0.7525090196473077,9,False,False,final_ds_fail
11,6,full,False,0.28255516646370976,0.752459842372966,9,False,False,final_ds_fail
11,7,pixel_only,True,0.051887508077080084,0.606896374174074,16,True,True,pass
11,7,rphi_only,True,0.051889349072822125,0.608199144905074,16,True,True,pass
11,7,z_only,False,0.249774227052829,0.9241040947462171,10,False,False,final_ds_fail
11,7,full,False,0.25481621330807147,0.9249352782148575,10,False,False,final_ds_fail
11,8,pixel_only,True,0.05189539371020332,0.6743667984692865,16,True,True,pass
11,8,rphi_only,True,0.05189538497383111,0.6760934089614475,16,True,True,pass
11,8,z_only,False,0.264438702878796,0.533039581168868,10,False,False,final_ds_fail
11,8,full,False,0.266019457696392,0.5361493095608838,10,False,False,final_ds_fail
11,9,pixel_only,True,0.05189122613973578,0.5902107297413578,16,True,True,pass
11,9,rphi_only,True,0.05189182452373396,0.594081334948613,16,True,True,pass
11,9,z_only,False,0.2322085807145206,1.2062149926636123,9,False,False,final_ds_fail
11,9,full,False,0.264136603856933,1.2341055224185649,10,False,False,final_ds_fail
11,10,pixel_only,True,0.0518965018054869,0.586877276633826,16,True,True,pass
11,10,rphi_only,True,0.051896450266140794,0.5858031641174446,16,True,True,pass
11,10,z_only,False,0.21145965551725499,0.7184200596531108,8,False,False,final_ds_fail
11,10,full,False,0.2097546432095581,0.7162233468869903,8,False,False,final_ds_fail
11,11,pixel_only,True,0.051892409873463906,0.581682142651992,16,True,True,pass
11,11,rphi_only,True,0.05189326741506009,0.5875543838943369,16,True,True,pass
11,11,z_only,False,0.23121490557994254,1.0882791557108629,10,False,False,final_ds_fail
11,11,full,False,0.2378640273484062,1.0882283536808974,10,False,False,final_ds_fail
11,12,pixel_only,True,0.051895686888812805,0.7868434159869027,16,True,True,pass
11,12,rphi_only,True,0.05189567981093394,0.7784667817315896,16,True,True,pass
11,12,z_only,False,,,0,False,False,seed_ds_fail
11,12,full,False,,,0,False,False,seed_ds_fail
11,13,pixel_only,True,0.05188916918132203,0.5892936843600265,16,True,True,pass
11,13,rphi_only,True,0.05188954427799628,0.5908921361930862,16,True,True,pass
11,13,z_only,False,0.3009648843979715,1.235345838603247,10,False,False,final_ds_fail
11,13,full,False,0.31117294837935033,1.2359019892158327,10,False,False,final_ds_fail
11,14,pixel_only,True,0.05189583303098771,0.6942939430103836,16,True,True,pass
11,14,rphi_only,True,0.05189580518457216,0.696860297948769,16,True,True,pass
11,14,z_only,False,0.2938985131668616,0.7493581151515561,13,False,False,final_ds_fail
11,14,full,False,0.29295675993962045,0.7568304891336632,13,False,False,final_ds_fail
11,15,pixel_only,True,0.05189434769169135,0.6116087866043028,16,True,True,pass
11,15,rphi_only,True,0.05189463778743727,0.6130818119226549,16,True,True,pass
11,15,z_only,False,0.2628399928644006,0.8529553993675681,9,False,False,final_ds_fail
11,15,full,False,0.2670568536014903,0.8532717220342353,9,False,False,final_ds_fail
12,0,pixel_only,True,0.05189235622167547,0.8965408911602595,16,True,True,pass
12,0,rphi_only,True,0.051892432234308124,0.9043340557277386,16,True,True,pass
12,0,z_only,False,,,0,False,False,seed_ds_fail
12,0,full,False,,,0,False,False,seed_ds_fail
12,1,pixel_only,True,0.05189364927196712,0.7249645659980073,16,True,True,pass
12,1,rphi_only,True,0.051893956450885154,0.7248180042800872,16,True,True,pass
12,1,z_only,False,0.36545823623375995,1.565908508466383,9,False,False,final_ds_fail
12,1,full,False,0.36195604853428687,1.566980723404853,9,False,False,final_ds_fail
12,2,pixel_only,True,0.05188484672837014,0.6045982117788054,16,True,True,pass
12,2,rphi_only,True,0.051884116092448425,0.6048174921097192,16,True,True,pass
12,2,z_only,False,0.2892931760154497,0.7553603275771514,10,False,False,final_ds_fail
12,2,full,False,0.27307596153954433,0.7567666954253112,10,False,False,final_ds_fail
12,3,pixel_only,True,0.0518939872365304,0.7271559025784697,16,True,True,pass
12,3,rphi_only,True,0.051894219086153826,0.7224518213075599,16,True,True,pass
12,3,z_only,False,0.37696837989030296,0.7543242457452265,11,False,False,final_ds_fail
12,3,full,False,,,0,False,False,seed_ds_fail
12,4,pixel_only,True,0.05189530891803438,0.6351029895891872,16,True,True,pass
12,4,rphi_only,True,0.051895158117971275,0.6382718015780545,16,True,True,pass
12,4,z_only,False,0.26567155488665756,1.0379828705409708,9,False,False,final_ds_fail
12,4,full,False,0.24189560243168756,0.9573723161388497,8,False,False,final_ds_fail
12,5,pixel_only,True,0.05189570576292412,0.7272216742271052,16,True,True,pass
12,5,rphi_only,True,0.05189569956098306,0.7237189506892168,16,True,True,pass
12,5,z_only,False,,,0,False,False,seed_ds_fail
12,5,full,False,,,0,False,False,seed_ds_fail
12,6,pixel_only,True,0.051895467588989934,0.6079478329125448,16,True,True,pass
12,6,rphi_only,True,0.051895352801584506,0.6136020598246547,16,True,True,pass
12,6,z_only,False,0.24341201490894435,0.9780417256167633,10,False,False,final_ds_fail
12,6,full,False,0.248360549887387,0.9800448708777996,10,False,False,final_ds_fail
12,7,pixel_only,True,0.051887508077080084,0.606896374174074,16,True,True,pass
12,7,rphi_only,True,0.0518875808896662,0.6092081330487675,16,True,True,pass
12,7,z_only,False,0.28313707053887316,0.9322480289111861,10,False,False,final_ds_fail
12,7,full,False,0.28376204472323513,0.9332629476632558,10,False,False,final_ds_fail
12,8,pixel_only,True,0.05189539371020332,0.6743667984692865,16,True,True,pass
12,8,rphi_only,True,0.05189524975357113,0.6725078581088876,16,True,True,pass
12,8,z_only,False,0.2901079259001059,1.2788032690345899,9,False,False,final_ds_fail
12,8,full,False,0.2681795062477703,1.2806311224263485,9,False,False,final_ds_fail
12,9,pixel_only,True,0.05189122613973578,0.5902107297413578,16,True,True,pass
12,9,rphi_only,True,0.051890483945526464,0.5916808125173308,16,True,True,pass
12,9,z_only,False,0.2797521318869827,0.8809221857426099,10,False,False,final_ds_fail
12,9,full,False,0.29256868309859557,0.8806015861148053,10,False,False,final_ds_fail
12,10,pixel_only,True,0.0518965018054869,0.586877276633826,16,True,True,pass
12,10,rphi_only,True,0.05189638467887935,0.5892584916256007,16,True,True,pass
12,10,z_only,False,0.2975754667735242,0.46454725659584595,10,False,False,final_ds_fail
12,10,full,False,0.30449743529223694,0.4652982046019214,10,False,False,final_ds_fail
12,11,pixel_only,True,0.051892409873463906,0.581682142651992,16,True,True,pass
12,11,rphi_only,True,0.05189216016122337,0.5777791057388025,16,True,True,pass
12,11,z_only,False,0.25840663727692914,0.8047170562723396,10,False,False,final_ds_fail
12,11,full,False,0.25256781572447917,0.8043000295908618,10,False,False,final_ds_fail
12,12,pixel_only,True,0.051895686888812805,0.7868434159869027,16,True,True,pass
12,12,rphi_only,True,0.05189572146010918,0.7772292230301224,16,True,True,pass
12,12,z_only,False,,,0,False,False,seed_ds_fail
12,12,full,False,,,0,False,False,seed_ds_fail
12,13,pixel_only,True,0.05188916918132203,0.5892936843600265,16,True,True,pass
12,13,rphi_only,True,0.05189037268705276,0.5922935590240459,16,True,True,pass
12,13,z_only,False,0.3121258508198763,1.1232845292246336,10,False,False,final_ds_fail
12,13,full,False,0.3037133653283993,1.123159247326443,10,False,False,final_ds_fail
12,14,pixel_only,True,0.05189583303098771,0.6942939430103836,16,True,True,pass
12,14,rphi_only,True,0.05189588687756838,0.6986308792472548,16,True,True,pass
12,14,z_only,False,0.3130300830860244,0.8826439370858089,11,False,False,final_ds_fail
12,14,full,False,0.3064536491330739,0.8880010274477429,11,False,False,final_ds_fail
12,15,pixel_only,True,0.05189434769169135,0.6116087866043028,16,True,True,pass
12,15,rphi_only,True,0.0518940939517527,0.6111606254790427,16,True,True,pass
12,15,z_only,False,0.2578352701152842,1.1448444462754632,9,False,False,final_ds_fail
12,15,full,False,0.26770721476446335,1.1448174624065763,9,False,False,final_ds_fail
13,0,pixel_only,True,0.05189235622167547,0.8965408911602595,16,True,True,pass
13,0,rphi_only,True,0.05189235737291558,0.8982200845495022,16,True,True,pass
13,0,z_only,False,,,0,False,False,seed_ds_fail
13,0,full,False,,,0,False,False,seed_ds_fail
13,1,pixel_only,True,0.05189364927196712,0.7249645659980073,16,True,True,pass
13,1,rphi_only,True,0.05189289824095222,0.7238831078361584,16,True,True,pass
13,1,z_only,False,0.22842788099921654,1.4382415803939745,10,False,False,final_ds_fail
13,1,full,False,0.22789253777032636,1.4366288614711515,10,False,False,final_ds_fail
13,2,pixel_only,True,0.05188484672837014,0.6045982117788054,16,True,True,pass
13,2,rphi_only,True,0.0518810049864264,0.6034505766000717,16,True,True,pass
13,2,z_only,False,0.23121264316342827,0.6379725675871647,10,False,False,final_ds_fail
13,2,full,False,0.23388092958205792,0.6390446728222533,10,False,False,final_ds_fail
13,3,pixel_only,True,0.0518939872365304,0.7271559025784697,16,True,True,pass
13,3,rphi_only,True,0.05189424913438643,0.7130572835850485,16,True,True,pass
13,3,z_only,False,0.22913529126420276,0.754425927091814,13,False,False,final_ds_fail
13,3,full,False,0.2372704067733247,0.7362980916033786,13,False,False,final_ds_fail
13,4,pixel_only,True,0.05189530891803438,0.6351029895891872,16,True,True,pass
13,4,rphi_only,True,0.05189479631468236,0.63319466038302,16,True,True,pass
13,4,z_only,False,0.24445233730877292,1.1001605487290442,9,False,False,final_ds_fail
13,4,full,False,0.24805352156999003,1.1013626013708446,9,False,False,final_ds_fail
13,5,pixel_only,True,0.05189570576292412,0.7272216742271052,16,True,True,pass
13,5,rphi_only,True,0.05189571895017385,0.7271933685138258,16,True,True,pass
13,5,z_only,False,0.3207830994869789,0.7451541494245011,13,False,False,final_ds_fail
13,5,full,False,0.3203233702952984,0.7475230980050088,13,False,False,final_ds_fail
13,6,pixel_only,True,0.051895467588989934,0.6079478329125448,16,True,True,pass
13,6,rphi_only,True,0.051894708294274644,0.6044257328898316,16,True,True,pass
13,6,z_only,False,0.2797159825536113,0.9232609341283096,9,False,False,final_ds_fail
13,6,full,False,0.2794447360143836,0.9234352182776612,9,False,False,final_ds_fail
13,7,pixel_only,True,0.051887508077080084,0.606896374174074,16,True,True,pass
13,7,rphi_only,True,0.05188755251896196,0.6038205070739107,16,True,True,pass
13,7,z_only,False,,,0,False,False,seed_ds_fail
13,7,full,False,,,0,False,False,seed_ds_fail
13,8,pixel_only,True,0.05189539371020332,0.6743667984692865,16,True,True,pass
13,8,rphi_only,True,0.05189546256184272,0.6822780975243025,16,True,True,pass
13,8,z_only,False,0.34484443661191216,0.5350398359549858,10,False,False,final_ds_fail
13,8,full,False,0.33952557159758223,0.5372581397172135,10,False,False,final_ds_fail
13,9,pixel_only,True,0.05189122613973578,0.5902107297413578,16,True,True,pass
13,9,rphi_only,True,0.051892106291522806,0.5894412299909492,16,True,True,pass
13,9,z_only,False,0.23424322302086995,0.493900540456273,14,False,True,final_ds_fail
13,9,full,False,0.23790560173140282,0.4910836120453457,14,False,True,final_ds_fail
13,10,pixel_only,True,0.0518965018054869,0.586877276633826,16,True,True,pass
13,10,rphi_only,True,0.05189661295685252,0.5856627045255266,16,True,True,pass
13,10,z_only,False,0.289623542446271,1.112415062884834,11,False,False,final_ds_fail
13,10,full,False,0.2838393286188809,1.1150496431427437,11,False,False,final_ds_fail
13,11,pixel_only,True,0.051892409873463906,0.581682142651992,16,True,True,pass
13,11,rphi_only,True,0.0518939844213375,0.5919980818211448,16,True,True,pass
13,11,z_only,False,0.22003128239469807,0.563640305900015,9,False,False,final_ds_fail
13,11,full,False,0.22639343423272063,0.5647886802885497,9,False,False,final_ds_fail
13,12,pixel_only,True,0.051895686888812805,0.7868434159869027,16,True,True,pass
13,12,rphi_only,True,0.05189589716577926,0.7954755404778092,16,True,True,pass
13,12,z_only,False,,,0,False,False,seed_ds_fail
13,12,full,False,,,0,False,False,seed_ds_fail
13,13,pixel_only,True,0.05188916918132203,0.5892936843600265,16,True,True,pass
13,13,rphi_only,True,0.05188806649807287,0.5835250945198919,16,True,True,pass
13,13,z_only,False,0.2249336682866264,0.4680334032845095,12,False,False,final_ds_fail
13,13,full,False,0.2290295685913774,0.4505080066463649,12,False,False,final_ds_fail
13,14,pixel_only,True,0.05189583303098771,0.6942939430103836,16,True,True,pass
13,14,rphi_only,True,0.051895653400310646,0.6939329419431732,16,True,True,pass
13,14,z_only,False,,,0,False,False,seed_ds_fail
13,14,full,False,,,0,False,False,seed_ds_fail
13,15,pixel_only,True,0.05189434769169135,0.6116087866043028,16,True,True,pass
13,15,rphi_only,True,0.05189481637675351,0.6027336862328374,16,True,True,pass
13,15,z_only,False,0.27736028474226754,0.4874570463929661,10,False,False,final_ds_fail
13,15,full,False,0.27383986974402463,0.4916937663170846,10,False,False,final_ds_fail
14,0,pixel_only,True,0.05189235622167547,0.8965408911602595,16,True,True,pass
14,0,rphi_only,True,0.05189230296653483,0.8913615214460274,16,True,True,pass
14,0,z_only,False,,,0,False,False,seed_ds_fail
14,0,full,False,,,0,False,False,seed_ds_fail
14,1,pixel_only,True,0.05189364927196712,0.7249645659980073,16,True,True,pass
14,1,rphi_only,True,0.051893442655009454,0.7254906532488432,16,True,True,pass
14,1,z_only,False,0.13516961927018697,0.7068779388167094,14,True,False,final_ds_fail
14,1,full,False,0.13478340686497725,0.6998680815781891,14,True,False,final_ds_fail
14,2,pixel_only,True,0.05188484672837014,0.6045982117788054,16,True,True,pass
14,2,rphi_only,True,0.05188529756771277,0.610712695342315,16,True,True,pass
14,2,z_only,False,0.2502935770983003,1.2391744526532693,10,False,False,final_ds_fail
14,2,full,False,0.26789893639009893,1.2437976490825937,10,False,False,final_ds_fail
14,3,pixel_only,True,0.0518939872365304,0.7271559025784697,16,True,True,pass
14,3,rphi_only,True,0.05189381521583152,0.7279243983565626,16,True,True,pass
14,3,z_only,False,,,0,False,False,seed_ds_fail
14,3,full,False,,,0,False,False,seed_ds_fail
14,4,pixel_only,True,0.05189530891803438,0.6351029895891872,16,True,True,pass
14,4,rphi_only,True,0.051895169550240886,0.6296530079720333,16,True,True,pass
14,4,z_only,False,0.27569047767861626,0.9662073198654623,10,False,False,final_ds_fail
14,4,full,False,0.27688453631056686,0.9645779082956423,10,False,False,final_ds_fail
14,5,pixel_only,True,0.05189570576292412,0.7272216742271052,16,True,True,pass
14,5,rphi_only,True,0.05189539874449852,0.7287575820852729,16,True,True,pass
14,5,z_only,False,,,0,False,False,seed_ds_fail
14,5,full,False,,,0,False,False,seed_ds_fail
14,6,pixel_only,True,0.051895467588989934,0.6079478329125448,16,True,True,pass
14,6,rphi_only,True,0.05189619628636504,0.6096570368452662,16,True,True,pass
14,6,z_only,False,0.19396634515901315,1.0457590308123639,10,False,False,final_ds_fail
14,6,full,False,0.19493347941879627,1.04697147600986,10,False,False,final_ds_fail
14,7,pixel_only,True,0.051887508077080084,0.606896374174074,16,True,True,pass
14,7,rphi_only,True,0.05188934856904308,0.6013445950555186,16,True,True,pass
14,7,z_only,False,0.3060867800673876,0.4947524260041778,12,False,False,final_ds_fail
14,7,full,False,0.2966031626577165,0.4931360972835322,12,False,False,final_ds_fail
14,8,pixel_only,True,0.05189539371020332,0.6743667984692865,16,True,True,pass
14,8,rphi_only,True,0.05189522462615395,0.6673625882443881,16,True,True,pass
14,8,z_only,False,0.27809987365700906,0.6070210382623071,12,False,False,final_ds_fail
14,8,full,False,0.27893469314885827,0.5982529656025536,12,False,False,final_ds_fail
14,9,pixel_only,True,0.05189122613973578,0.5902107297413578,16,True,True,pass
14,9,rphi_only,True,0.051890384815410244,0.5905714034310285,16,True,True,pass
14,9,z_only,False,0.20416478697377755,0.49213798326194064,11,False,False,final_ds_fail
14,9,full,False,0.19792687300451894,0.5959122542991643,13,False,False,final_ds_fail
14,10,pixel_only,True,0.0518965018054869,0.586877276633826,16,True,True,pass
14,10,rphi_only,True,0.05189569603931248,0.5832723823535885,16,True,True,pass
14,10,z_only,False,0.2531590723518694,0.4853897251233543,12,False,False,final_ds_fail
14,10,full,False,0.2430265734580263,0.48764045318165394,12,False,False,final_ds_fail
14,11,pixel_only,True,0.051892409873463906,0.581682142651992,16,True,True,pass
14,11,rphi_only,True,0.05189403451599268,0.583114711161869,16,True,True,pass
14,11,z_only,False,0.23510373964439693,0.8402440674240562,10,False,False,final_ds_fail
14,11,full,False,0.23469991810429616,0.8382675864809943,10,False,False,final_ds_fail
14,12,pixel_only,True,0.051895686888812805,0.7868434159869027,16,True,True,pass
14,12,rphi_only,True,0.05189546823788565,0.7851135159391173,16,True,True,pass
14,12,z_only,False,,,0,False,False,seed_ds_fail
14,12,full,False,,,0,False,False,seed_ds_fail
14,13,pixel_only,True,0.05188916918132203,0.5892936843600265,16,True,True,pass
14,13,rphi_only,True,0.05188891137164484,0.5950172998821952,16,True,True,pass
14,13,z_only,False,0.29832579923863983,0.7836724140925291,9,False,False,final_ds_fail
14,13,full,False,0.31383901748592236,1.0364099589733424,10,False,False,final_ds_fail
14,14,pixel_only,True,0.05189583303098771,0.6942939430103836,16,True,True,pass
14,14,rphi_only,True,0.05189573217874229,0.6993873735358673,16,True,True,pass
14,14,z_only,False,0.3174790277757638,0.8414544378212272,11,False,False,final_ds_fail
14,14,full,False,0.3090989833929199,0.8565914663846205,11,False,False,final_ds_fail
14,15,pixel_only,True,0.05189434769169135,0.6116087866043028,16,True,True,pass
14,15,rphi_only,True,0.05189380664841699,0.6137363859471254,16,True,True,pass
14,15,z_only,False,0.2513190310718725,0.5346862394952513,9,False,False,final_ds_fail
14,15,full,False,0.26507917237607365,0.534828289724885,9,False,False,final_ds_fail
15,0,pixel_only,True,0.05189235622167547,0.8965408911602595,16,True,True,pass
15,0,rphi_only,True,0.05189238248938469,0.8991374568086096,16,True,True,pass
15,0,z_only,False,0.2761280538959407,1.0186452934960566,11,False,False,final_ds_fail
15,0,full,False,0.2790897257470151,1.0195189304393337,11,False,False,final_ds_fail
15,1,pixel_only,True,0.05189364927196712,0.7249645659980073,16,True,True,pass
15,1,rphi_only,True,0.05189362022885373,0.722785645894198,16,True,True,pass
15,1,z_only,False,,,0,False,False,seed_ds_fail
15,1,full,False,,,0,False,False,seed_ds_fail
15,2,pixel_only,True,0.05188484672837014,0.6045982117788054,16,True,True,pass
15,2,rphi_only,True,0.051884723311372234,0.6076831866853926,16,True,True,pass
15,2,z_only,False,0.2624999782960509,0.5193302130403971,10,False,False,final_ds_fail
15,2,full,False,0.29278517069099275,0.514850501066473,11,False,False,final_ds_fail
15,3,pixel_only,True,0.0518939872365304,0.7271559025784697,16,True,True,pass
15,3,rphi_only,True,0.05189482237541527,0.7255890035806764,16,True,True,pass
15,3,z_only,False,,,0,False,False,seed_ds_fail
15,3,full,False,,,0,False,False,seed_ds_fail
15,4,pixel_only,True,0.05189530891803438,0.6351029895891872,16,True,True,pass
15,4,rphi_only,True,0.0518947724782564,0.6318052159515547,16,True,True,pass
15,4,z_only,False,0.26336726554672746,0.8476725870447378,9,False,False,final_ds_fail
15,4,full,False,0.2644828804878356,0.8467564335566313,9,False,False,final_ds_fail
15,5,pixel_only,True,0.05189570576292412,0.7272216742271052,16,True,True,pass
15,5,rphi_only,True,0.051895668120173835,0.7295576545977297,16,True,True,pass
15,5,z_only,False,,,0,False,False,seed_ds_fail
15,5,full,False,,,0,False,False,seed_ds_fail
15,6,pixel_only,True,0.051895467588989934,0.6079478329125448,16,True,True,pass
15,6,rphi_only,True,0.05189548005226543,0.5930062214859636,16,True,True,pass
15,6,z_only,False,0.2436987739492923,0.871508356253571,8,False,False,final_ds_fail
15,6,full,False,0.2863269850822032,0.8402871824112929,10,False,False,final_ds_fail
15,7,pixel_only,True,0.051887508077080084,0.606896374174074,16,True,True,pass
15,7,rphi_only,True,0.051888150874477026,0.6019521699495457,16,True,True,pass
15,7,z_only,False,0.3429876588111325,0.9201457056057162,10,False,False,final_ds_fail
15,7,full,False,0.3295732987794243,0.9176871105117028,10,False,False,final_ds_fail
15,8,pixel_only,True,0.05189539371020332,0.6743667984692865,16,True,True,pass
15,8,rphi_only,True,0.05189544306544221,0.6707728285753519,16,True,True,pass
15,8,z_only,False,0.33807157533067683,0.6343943886943985,8,False,False,final_ds_fail
15,8,full,False,0.34259643311950977,0.6358419507427691,8,False,False,final_ds_fail
15,9,pixel_only,True,0.05189122613973578,0.5902107297413578,16,True,True,pass
15,9,rphi_only,True,0.05189076893332166,0.5828571749336631,16,True,True,pass
15,9,z_only,False,0.25452207322154924,0.48366724421487134,11,False,False,final_ds_fail
15,9,full,False,0.24711839787292278,0.4194505720318343,9,False,False,final_ds_fail
15,10,pixel_only,True,0.0518965018054869,0.586877276633826,16,True,True,pass
15,10,rphi_only,True,0.051896698050113946,0.5901140880868121,16,True,True,pass
15,10,z_only,False,0.259911272096721,1.330093040083173,11,False,False,final_ds_fail
15,10,full,False,0.26216777533004804,1.3317502444799232,11,False,False,final_ds_fail
15,11,pixel_only,True,0.051892409873463906,0.581682142651992,16,True,True,pass
15,11,rphi_only,True,0.05189101515594161,0.5794782222173952,16,True,True,pass
15,11,z_only,False,0.2176563448331954,0.8487006559134362,10,False,False,final_ds_fail
15,11,full,False,0.22179106083890476,0.8473570828104815,10,False,False,final_ds_fail
15,12,pixel_only,True,0.051895686888812805,0.7868434159869027,16,True,True,pass
15,12,rphi_only,True,0.0518957821262913,0.7768822129168026,16,True,True,pass
15,12,z_only,False,0.32246870926467464,1.0534611267191198,12,False,False,final_ds_fail
15,12,full,False,0.32403947708717284,1.0424166885950132,12,False,False,final_ds_fail
15,13,pixel_only,True,0.05188916918132203,0.5892936843600265,16,True,True,pass
15,13,rphi_only,True,0.051888868232215814,0.5838394473992415,16,True,True,pass
15,13,z_only,False,0.20373097507808918,1.085333626297169,11,False,False,final_ds_fail
15,13,full,False,0.20509022825290274,1.0794024012496424,11,False,False,final_ds_fail
15,14,pixel_only,True,0.05189583303098771,0.6942939430103836,16,True,True,pass
15,14,rphi_only,True,0.05189587698876519,0.6978794619341198,16,True,True,pass
15,14,z_only,False,0.3136388943482609,0.8420838710538423,10,False,False,final_ds_fail
15,14,full,False,0.30405014250531937,0.8499983321122961,10,False,False,final_ds_fail
15,15,pixel_only,True,0.05189434769169135,0.6116087866043028,16,True,True,pass
15,15,rphi_only,True,0.05189418074995153,0.614329317463788,16,True,True,pass
15,15,z_only,False,0.23783009053854845,1.0197853157924732,9,False,False,final_ds_fail
15,15,full,False,0.2341373204098975,1.022415381798788,9,False,False,final_ds_fail
16,0,pixel_only,True,0.05189235622167547,0.8965408911602595,16,True,True,pass
16,0,rphi_only,True,0.051892422336717016,0.9038188191797231,16,True,True,pass
16,0,z_only,False,,,0,False,False,seed_ds_fail
16,0,full,False,,,0,False,False,seed_ds_fail
16,1,pixel_only,True,0.05189364927196712,0.7249645659980073,16,True,True,pass
16,1,rphi_only,True,0.051893319072145415,0.7285146650738206,16,True,True,pass
16,1,z_only,False,,,0,False,False,seed_ds_fail
16,1,full,False,,,0,False,False,seed_ds_fail
16,2,pixel_only,True,0.05188484672837014,0.6045982117788054,16,True,True,pass
16,2,rphi_only,True,0.05188421886397209,0.6092449636273622,16,True,True,pass
16,2,z_only,False,0.2644221253925551,1.0719627218670653,10,False,False,final_ds_fail
16,2,full,False,0.26391273074545174,1.0727427301748553,10,False,False,final_ds_fail
16,3,pixel_only,True,0.0518939872365304,0.7271559025784697,16,True,True,pass
16,3,rphi_only,True,0.05189434671469847,0.7268566704289513,16,True,True,pass
16,3,z_only,False,,,0,False,False,seed_ds_fail
16,3,full,False,,,0,False,False,seed_ds_fail
16,4,pixel_only,True,0.05189530891803438,0.6351029895891872,16,True,True,pass
16,4,rphi_only,True,0.051895447238731206,0.6330514106300051,16,True,True,pass
16,4,z_only,False,0.26864906058101534,1.1635991963932022,9,False,False,final_ds_fail
16,4,full,False,0.2699820832002807,1.1634796004485504,9,False,False,final_ds_fail
16,5,pixel_only,True,0.05189570576292412,0.7272216742271052,16,True,True,pass
16,5,rphi_only,True,0.051895828030646976,0.7279261470423399,16,True,True,pass
16,5,z_only,False,0.3533113555242517,0.858538722531808,9,False,False,final_ds_fail
16,5,full,False,0.33977701113872566,0.8723645426702584,9,False,False,final_ds_fail
16,6,pixel_only,True,0.051895467588989934,0.6079478329125448,16,True,True,pass
16,6,rphi_only,True,0.051895426903042476,0.5980562220918524,16,True,True,pass
16,6,z_only,False,0.2796643517475533,0.765118951311617,9,False,False,final_ds_fail
16,6,full,False,0.2730898690749846,0.7651128554600478,9,False,False,final_ds_fail
16,7,pixel_only,True,0.051887508077080084,0.606896374174074,16,True,True,pass
16,7,rphi_only,True,0.05188944998014048,0.6029390664304719,16,True,True,pass
16,7,z_only,False,0.2934556285998858,0.6949822508220974,10,False,False,final_ds_fail
16,7,full,False,0.3042503157220022,0.687718361015627,10,False,False,final_ds_fail
16,8,pixel_only,True,0.05189539371020332,0.6743667984692865,16,True,True,pass
16,8,rphi_only,True,0.0518951376971887,0.6729580215412473,16,True,True,pass
16,8,z_only,False,,,0,False,False,seed_ds_fail
16,8,full,False,,,0,False,False,seed_ds_fail
16,9,pixel_only,True,0.05189122613973578,0.5902107297413578,16,True,True,pass
16,9,rphi_only,True,0.051891173221658364,0.5850150854837959,16,True,True,pass
16,9,z_only,False,0.2350811015675769,0.6116687287617064,9,False,False,final_ds_fail
16,9,full,False,0.23493671261269855,0.616701672375702,9,False,False,final_ds_fail
16,10,pixel_only,True,0.0518965018054869,0.586877276633826,16,True,True,pass
16,10,rphi_only,True,0.051896014008444014,0.5874501144646486,16,True,True,pass
16,10,z_only,False,0.23515102199338828,0.6107252722626944,13,False,False,final_ds_fail
16,10,full,False,0.23475241400509125,0.6112444043612185,13,False,False,final_ds_fail
16,11,pixel_only,True,0.051892409873463906,0.581682142651992,16,True,True,pass
16,11,rphi_only,True,0.05189195204359488,0.5842593120748609,16,True,True,pass
16,11,z_only,False,0.261340514635035,0.5267045420659815,10,False,False,final_ds_fail
16,11,full,False,0.269655411906639,0.5275206854036564,10,False,False,final_ds_fail
16,12,pixel_only,True,0.051895686888812805,0.7868434159869027,16,True,True,pass
16,12,rphi_only,True,0.05189570259466173,0.772542194726735,16,True,True,pass
16,12,z_only,False,,,0,False,False,seed_ds_fail
16,12,full,False,,,0,False,False,seed_ds_fail
16,13,pixel_only,True,0.05188916918132203,0.5892936843600265,16,True,True,pass
16,13,rphi_only,True,0.051889730272725254,0.5918914570189648,16,True,True,pass
16,13,z_only,False,0.31319312333567206,1.1043541687241196,10,False,False,final_ds_fail
16,13,full,False,0.3165180041258139,1.10448762347489,10,False,False,final_ds_fail
16,14,pixel_only,True,0.05189583303098771,0.6942939430103836,16,True,True,pass
16,14,rphi_only,True,0.051895812855641564,0.6866715160173826,16,True,True,pass
16,14,z_only,False,,,0,False,False,seed_ds_fail
16,14,full,False,,,0,False,False,seed_ds_fail
16,15,pixel_only,True,0.05189434769169135,0.6116087866043028,16,True,True,pass
16,15,rphi_only,True,0.05189431678762025,0.609509344405422,16,True,True,pass
16,15,z_only,False,0.21559774842943533,1.2946286210823121,10,False,False,final_ds_fail
16,15,full,False,0.2090464479238473,1.2949324766397163,10,False,False,final_ds_fail
17,0,pixel_only,True,0.05189235622167547,0.8965408911602595,16,True,True,pass
17,0,rphi_only,True,0.05189230927251282,0.8919443231599339,16,True,True,pass
17,0,z_only,False,,,0,False,False,seed_ds_fail
17,0,full,False,,,0,False,False,seed_ds_fail
17,1,pixel_only,True,0.05189364927196712,0.7249645659980073,16,True,True,pass
17,1,rphi_only,True,0.05189318653747043,0.7305034903263012,16,True,True,pass
17,1,z_only,False,,,0,False,False,seed_ds_fail
17,1,full,False,,,0,False,False,seed_ds_fail
17,2,pixel_only,True,0.05188484672837014,0.6045982117788054,16,True,True,pass
17,2,rphi_only,True,0.0518843905628573,0.605639662840942,16,True,True,pass
17,2,z_only,False,0.1960100197330104,1.2807565897921982,10,False,False,final_ds_fail
17,2,full,False,0.20422076169478948,1.2801709284452158,10,False,False,final_ds_fail
17,3,pixel_only,True,0.0518939872365304,0.7271559025784697,16,True,True,pass
17,3,rphi_only,True,0.05189437517209234,0.7366377237005783,16,True,True,pass
17,3,z_only,False,,,0,False,False,seed_ds_fail
17,3,full,False,,,0,False,False,seed_ds_fail
17,4,pixel_only,True,0.05189530891803438,0.6351029895891872,16,True,True,pass
17,4,rphi_only,True,0.05189512397237319,0.6352977787994963,16,True,True,pass
17,4,z_only,False,0.2234719101606363,0.7462959840693876,10,False,False,final_ds_fail
17,4,full,False,0.24694436746845577,0.8398281054747587,11,False,False,final_ds_fail
17,5,pixel_only,True,0.05189570576292412,0.7272216742271052,16,True,True,pass
17,5,rphi_only,True,0.051895714654620534,0.7266416278928142,16,True,True,pass
17,5,z_only,False,,,0,False,False,seed_ds_fail
17,5,full,False,,,0,False,False,seed_ds_fail
17,6,pixel_only,True,0.051895467588989934,0.6079478329125448,16,True,True,pass
17,6,rphi_only,True,0.05189545091776286,0.600945007158552,16,True,True,pass
17,6,z_only,False,0.2794123718936454,0.8415323623767227,9,False,False,final_ds_fail
17,6,full,False,0.27866329479313245,0.8415442357192509,9,False,False,final_ds_fail
17,7,pixel_only,True,0.051887508077080084,0.606896374174074,16,True,True,pass
17,7,rphi_only,True,0.051888693354403465,0.6062449870947636,16,True,True,pass
17,7,z_only,False,,,0,False,False,seed_ds_fail
17,7,full,False,,,0,False,False,seed_ds_fail
17,8,pixel_only,True,0.05189539371020332,0.6743667984692865,16,True,True,pass
17,8,rphi_only,True,0.051895409451157795,0.6760664608127694,16,True,True,pass
17,8,z_only,False,,,0,False,False,seed_ds_fail
17,8,full,False,,,0,False,False,seed_ds_fail
17,9,pixel_only,True,0.05189122613973578,0.5902107297413578,16,True,True,pass
17,9,rphi_only,True,0.051890966409634136,0.5886823754719843,16,True,True,pass
17,9,z_only,False,0.28077805222940766,0.7080599889791759,10,False,False,final_ds_fail
17,9,full,False,0.26517828856966935,0.7081431287503873,10,False,False,final_ds_fail
17,10,pixel_only,True,0.0518965018054869,0.586877276633826,16,True,True,pass
17,10,rphi_only,True,0.05189627486733169,0.5874475500902555,16,True,True,pass
17,10,z_only,False,0.23365424518739114,1.078157068983795,10,False,False,final_ds_fail
17,10,full,False,0.23408325528306284,1.0780493263517,10,False,False,final_ds_fail
17,11,pixel_only,True,0.051892409873463906,0.581682142651992,16,True,True,pass
17,11,rphi_only,True,0.05189162917394134,0.5796910688829374,16,True,True,pass
17,11,z_only,False,0.22247616566362427,1.4716438015143076,9,False,False,final_ds_fail
17,11,full,False,0.22381016330648076,1.471581607500134,9,False,False,final_ds_fail
17,12,pixel_only,True,0.051895686888812805,0.7868434159869027,16,True,True,pass
17,12,rphi_only,True,0.051895513160913516,0.782205692199215,16,True,True,pass
17,12,z_only,False,,,0,False,False,seed_ds_fail
17,12,full,False,,,0,False,False,seed_ds_fail
17,13,pixel_only,True,0.05188916918132203,0.5892936843600265,16,True,True,pass
17,13,rphi_only,True,0.051887122962397655,0.5957806551655298,16,True,True,pass
17,13,z_only,False,0.26358409887835293,0.47304049326394537,11,False,False,final_ds_fail
17,13,full,False,0.22741711193470573,0.48731565634909807,10,False,False,final_ds_fail
17,14,pixel_only,True,0.05189583303098771,0.6942939430103836,16,True,True,pass
17,14,rphi_only,True,0.051895922404348184,0.7011319720541341,16,True,True,pass
17,14,z_only,False,,,0,False,False,seed_ds_fail
17,14,full,False,,,0,False,False,seed_ds_fail
17,15,pixel_only,True,0.05189434769169135,0.6116087866043028,16,True,True,pass
17,15,rphi_only,True,0.05189471323334159,0.6093995889712676,16,True,True,pass
17,15,z_only,False,0.20980736765367805,0.516725523418105,8,False,False,final_ds_fail
17,15,full,False,0.20462637813159296,0.513330218618574,8,False,False,final_ds_fail
18,0,pixel_only,True,0.05189235622167547,0.8965408911602595,16,True,True,pass
18,0,rphi_only,True,0.051892317083130746,0.8937943775386499,16,True,True,pass
18,0,z_only,False,,,0,False,False,seed_ds_fail
18,0,full,False,,,0,False,False,seed_ds_fail
18,1,pixel_only,True,0.05189364927196712,0.7249645659980073,16,True,True,pass
18,1,rphi_only,True,0.051893140971324005,0.7236265222281978,16,True,True,pass
18,1,z_only,False,0.2758765679373394,0.7553185362466905,11,False,False,final_ds_fail
18,1,full,False,0.27594509787163063,0.7541552255364246,11,False,False,final_ds_fail
18,2,pixel_only,True,0.05188484672837014,0.6045982117788054,16,True,True,pass
18,2,rphi_only,True,0.05188558748320238,0.5952969200845045,16,True,True,pass
18,2,z_only,False,0.27930326854918597,0.7411347475105015,9,False,False,final_ds_fail
18,2,full,False,0.28448769299479926,0.7414300693862649,9,False,False,final_ds_fail
18,3,pixel_only,True,0.0518939872365304,0.7271559025784697,16,True,True,pass
18,3,rphi_only,True,0.05189423605510852,0.733599169641906,16,True,True,pass
18,3,z_only,False,,,0,False,False,seed_ds_fail
18,3,full,False,,,0,False,False,seed_ds_fail
18,4,pixel_only,True,0.05189530891803438,0.6351029895891872,16,True,True,pass
18,4,rphi_only,True,0.0518953722510809,0.6426933905391081,16,True,True,pass
18,4,z_only,False,0.24467899605132704,1.1957234865846906,9,False,False,final_ds_fail
18,4,full,False,0.255049023419642,1.1965590786806473,9,False,False,final_ds_fail
18,5,pixel_only,True,0.05189570576292412,0.7272216742271052,16,True,True,pass
18,5,rphi_only,True,0.051895902566971144,0.7435349587174587,16,True,True,pass
18,5,z_only,False,,,0,False,False,seed_ds_fail
18,5,full,False,,,0,False,False,seed_ds_fail
18,6,pixel_only,True,0.051895467588989934,0.6079478329125448,16,True,True,pass
18,6,rphi_only,True,0.05189510396972951,0.6099082461979551,16,True,True,pass
18,6,z_only,False,0.24552843286131754,1.3623610674915865,9,False,False,final_ds_fail
18,6,full,False,0.2379840576006939,1.3617395044739715,9,False,False,final_ds_fail
18,7,pixel_only,True,0.051887508077080084,0.606896374174074,16,True,True,pass
18,7,rphi_only,True,0.051887791281803,0.605424081494904,16,True,True,pass
18,7,z_only,False,,,0,False,False,seed_ds_fail
18,7,full,False,,,0,False,False,seed_ds_fail
18,8,pixel_only,True,0.05189539371020332,0.6743667984692865,16,True,True,pass
18,8,rphi_only,True,0.05189547926055285,0.690616379969401,16,True,True,pass
18,8,z_only,False,0.3250544894396096,0.6914605587187658,9,False,False,final_ds_fail
18,8,full,False,0.3511473426140822,0.6727027027109144,10,False,False,final_ds_fail
18,9,pixel_only,True,0.05189122613973578,0.5902107297413578,16,True,True,pass
18,9,rphi_only,True,0.051889820459011894,0.591926678559988,16,True,True,pass
18,9,z_only,False,0.26536826976760125,1.0824890139652963,11,False,False,final_ds_fail
18,9,full,False,0.265861081866311,1.0820748531633468,11,False,False,final_ds_fail
18,10,pixel_only,True,0.0518965018054869,0.586877276633826,16,True,True,pass
18,10,rphi_only,True,0.05189653373857391,0.5859366848312996,16,True,True,pass
18,10,z_only,False,0.3378057203266173,1.051791290268025,11,False,False,final_ds_fail
18,10,full,False,0.31530505665724473,1.1084551760194479,10,False,False,final_ds_fail
18,11,pixel_only,True,0.051892409873463906,0.581682142651992,16,True,True,pass
18,11,rphi_only,True,0.05189250384931889,0.5781986853384804,16,True,True,pass
18,11,z_only,False,0.24169655730099057,0.9487644932191167,10,False,False,final_ds_fail
18,11,full,False,0.23583061587445903,0.9480318160753802,10,False,False,final_ds_fail
18,12,pixel_only,True,0.051895686888812805,0.7868434159869027,16,True,True,pass
18,12,rphi_only,True,0.05189563920604038,0.7722427147559418,16,True,True,pass
18,12,z_only,False,,,0,False,False,seed_ds_fail
18,12,full,False,,,0,False,False,seed_ds_fail
18,13,pixel_only,True,0.05188916918132203,0.5892936843600265,16,True,True,pass
18,13,rphi_only,True,0.051888475366711206,0.5878078148111759,16,True,True,pass
18,13,z_only,False,0.3128299618785018,1.0442504576725578,10,False,False,final_ds_fail
18,13,full,False,0.32476726474439166,1.0445360386642455,10,False,False,final_ds_fail
18,14,pixel_only,True,0.05189583303098771,0.6942939430103836,16,True,True,pass
18,14,rphi_only,True,0.05189590246243072,0.6984864466920131,16,True,True,pass
18,14,z_only,False,,,0,False,False,seed_ds_fail
18,14,full,False,,,0,False,False,seed_ds_fail
18,15,pixel_only,True,0.05189434769169135,0.6116087866043028,16,True,True,pass
18,15,rphi_only,True,0.05189419314992059,0.6036182002824868,16,True,True,pass
18,15,z_only,False,0.22879030738122494,1.1126971921957658,9,False,False,final_ds_fail
18,15,full,False,0.21995881323914407,1.1107325207781003,9,False,False,final_ds_fail
19,0,pixel_only,True,0.05189235622167547,0.8965408911602595,16,True,True,pass
19,0,rphi_only,True,0.051892461534882424,0.9079060699419608,16,True,True,pass
19,0,z_only,False,,,0,False,False,seed_ds_fail
19,0,full,False,,,0,False,False,seed_ds_fail
19,1,pixel_only,True,0.05189364927196712,0.7249645659980073,16,True,True,pass
19,1,rphi_only,True,0.051893567500601846,0.7184842068496154,16,True,True,pass
19,1,z_only,False,,,0,False,False,seed_ds_fail
19,1,full,False,,,0,False,False,seed_ds_fail
19,2,pixel_only,True,0.05188484672837014,0.6045982117788054,16,True,True,pass
19,2,rphi_only,True,0.05188431276444832,0.5992143442925059,16,True,True,pass
19,2,z_only,False,0.22664740544415538,0.8246250847485566,8,False,False,final_ds_fail
19,2,full,False,0.25642208992232934,0.9165082356195335,9,False,False,final_ds_fail
19,3,pixel_only,True,0.0518939872365304,0.7271559025784697,16,True,True,pass
19,3,rphi_only,True,0.05189384548714183,0.7236922124542734,16,True,True,pass
19,3,z_only,False,,,0,False,False,seed_ds_fail
19,3,full,False,,,0,False,False,seed_ds_fail
19,4,pixel_only,True,0.05189530891803438,0.6351029895891872,16,True,True,pass
19,4,rphi_only,True,0.05189554034365236,0.6341034906461654,16,True,True,pass
19,4,z_only,False,0.2356923571604513,1.0507191199073584,9,False,False,final_ds_fail
19,4,full,False,0.221261207083855,1.0528720008259798,9,False,False,final_ds_fail
19,5,pixel_only,True,0.05189570576292412,0.7272216742271052,16,True,True,pass
19,5,rphi_only,True,0.05189541762758193,0.712814500001566,16,True,True,pass
19,5,z_only,False,,,0,False,False,seed_ds_fail
19,5,full,False,,,0,False,False,seed_ds_fail
19,6,pixel_only,True,0.051895467588989934,0.6079478329125448,16,True,True,pass
19,6,rphi_only,True,0.051895549096588625,0.6149830644410527,16,True,True,pass
19,6,z_only,False,0.2696748764529087,0.5299232824965782,10,False,False,final_ds_fail
19,6,full,False,0.2740634069818764,0.5300872660424655,10,False,False,final_ds_fail
19,7,pixel_only,True,0.051887508077080084,0.606896374174074,16,True,True,pass
19,7,rphi_only,True,0.05188433688109856,0.6093788509686996,16,True,True,pass
19,7,z_only,False,0.20959056207445712,0.6260245224196698,13,False,False,final_ds_fail
19,7,full,False,0.2088771675201042,0.627322121024933,13,False,False,final_ds_fail
19,8,pixel_only,True,0.05189539371020332,0.6743667984692865,16,True,True,pass
19,8,rphi_only,True,0.051895416622561565,0.669294420490304,16,True,True,pass
19,8,z_only,False,0.22243022576202642,0.7199190796260732,8,False,False,final_ds_fail
19,8,full,False,0.227450107529483,0.717564668234227,8,False,False,final_ds_fail
19,9,pixel_only,True,0.05189122613973578,0.5902107297413578,16,True,True,pass
19,9,rphi_only,True,0.051891496388764585,0.5872859745204058,16,True,True,pass
19,9,z_only,False,0.2401384795638698,1.0582718981446075,10,False,False,final_ds_fail
19,9,full,False,0.22460861865821932,1.05501628289263,10,False,False,final_ds_fail
19,10,pixel_only,True,0.0518965018054869,0.586877276633826,16,True,True,pass
19,10,rphi_only,True,0.05189664205601159,0.5868364267506229,16,True,True,pass
19,10,z_only,False,0.2870173855567336,1.1344250579696387,11,False,False,final_ds_fail
19,10,full,False,0.28010930544130785,1.136756760306441,11,False,False,final_ds_fail
19,11,pixel_only,True,0.051892409873463906,0.581682142651992,16,True,True,pass
19,11,rphi_only,True,0.051892106405720465,0.5807643463189606,16,True,True,pass
19,11,z_only,False,0.21835148256854905,0.9292928062752698,10,False,False,final_ds_fail
19,11,full,False,0.220086118828289,0.9282554062044196,10,False,False,final_ds_fail
19,12,pixel_only,True,0.051895686888812805,0.7868434159869027,16,True,True,pass
19,12,rphi_only,True,0.05189563871886134,0.7919627076574655,16,True,True,pass
19,12,z_only,False,,,0,False,False,seed_ds_fail
19,12,full,False,,,0,False,False,seed_ds_fail
19,13,pixel_only,True,0.05188916918132203,0.5892936843600265,16,True,True,pass
19,13,rphi_only,True,0.05188819981873158,0.5896456305497922,16,True,True,pass
19,13,z_only,False,0.3123889516390523,0.7144225851990366,10,False,False,final_ds_fail
19,13,full,False,0.3260345103237659,0.7143608879365003,10,False,False,final_ds_fail
19,14,pixel_only,True,0.05189583303098771,0.6942939430103836,16,True,True,pass
19,14,rphi_only,True,0.05189565451443418,0.6835284138402133,16,True,True,pass
19,14,z_only,False,0.23267383928698324,1.0699903088495097,9,False,False,final_ds_fail
19,14,full,False,0.23496384682148136,1.0663013482205987,9,False,False,final_ds_fail
19,15,pixel_only,True,0.05189434769169135,0.6116087866043028,16,True,True,pass
19,15,rphi_only,True,0.05189461413447832,0.6154780119430477,16,True,True,pass
19,15,z_only,False,0.24488616179838138,0.9061159060260674,9,False,False,final_ds_fail
19,15,full,False,0.2469947935867128,0.9085572656711196,9,False,False,final_ds_fail
