event,n_valid_seeds,min_seed_ds,median_seed_ds,max_seed_ds
48,1,0.2716883359305849,0.2716883359305849,0.2716883359305849
63,1,0.2427196394969,0.2427196394969,0.2427196394969
77,1,0.17585805172442653,0.17585805172442653,0.17585805172442653
89,1,0.4398218186707089,0.4398218186707089,0.4398218186707089
109,1,0.16179006302047574,0.16179006302047574,0.16179006302047574
132,1,0.2970617388637549,0.2970617388637549,0.2970617388637549
135,1,0.35612264475959887,0.35612264475959887,0.35612264475959887
155,1,0.3469357272797046,0.3469357272797046,0.3469357272797046
165,1,0.24050423046846897,0.24050423046846897,0.24050423046846897
207,1,0.459969298087528,0.459969298087528,0.459969298087528
214,1,0.23531061737520645,0.23531061737520645,0.23531061737520645
224,1,0.23030703222250198,0.23030703222250198,0.23030703222250198
228,1,0.1503272733719008,0.1503272733719008,0.1503272733719008
242,1,0.21455054270936094,0.21455054270936094,0.21455054270936094
275,1,0.3518703399990072,0.3518703399990072,0.3518703399990072
376,1,0.24945394286255376,0.24945394286255376,0.24945394286255376
394,1,0.22896265367389632,0.22896265367389632,0.22896265367389632
405,1,0.08541443048229175,0.08541443048229175,0.08541443048229175
425,1,0.30939110705844525,0.30939110705844525,0.30939110705844525
524,1,0.14349842119280412,0.14349842119280412,0.14349842119280412
599,1,0.3126488882993142,0.3126488882993142,0.3126488882993142
605,1,0.4445568811015691,0.4445568811015691,0.4445568811015691
631,1,0.021198002265978788,0.021198002265978788,0.021198002265978788
657,1,0.3319430027563173,0.3319430027563173,0.3319430027563173
658,1,0.02188981213909421,0.02188981213909421,0.02188981213909421
665,1,0.13842851647769697,0.13842851647769697,0.13842851647769697
679,1,0.4366800237456981,0.4366800237456981,0.4366800237456981
726,1,0.2565945259810163,0.2565945259810163,0.2565945259810163
733,1,0.24328869099756262,0.24328869099756262,0.24328869099756262
747,1,0.4417153414073687,0.4417153414073687,0.4417153414073687
774,1,0.4804519303591234,0.4804519303591234,0.4804519303591234
830,1,0.323954926685058,0.323954926685058,0.323954926685058
873,1,0.32894172619922424,0.32894172619922424,0.32894172619922424
925,1,0.44075973401027085,0.44075973401027085,0.44075973401027085
934,1,0.34202824744149884,0.34202824744149884,0.34202824744149884
987,1,0.27383301474823835,0.27383301474823835,0.27383301474823835
990,1,0.45900337399386537,0.45900337399386537,0.45900337399386537
1008,1,0.14963680920808953,0.14963680920808953,0.14963680920808953
1013,1,0.23417310892925175,0.23417310892925175,0.23417310892925175
1061,1,0.30259553492995606,0.30259553492995606,0.30259553492995606
1068,1,0.4029775149182785,0.4029775149182785,0.4029775149182785
1070,1,0.21835944143741623,0.21835944143741623,0.21835944143741623
1079,1,0.37964271432865176,0.37964271432865176,0.37964271432865176
1091,1,0.26566060073635117,0.26566060073635117,0.26566060073635117
1157,1,0.4087785897784506,0.4087785897784506,0.4087785897784506
1164,1,0.12778704376814912,0.12778704376814912,0.12778704376814912
1181,1,0.3996827648221053,0.3996827648221053,0.3996827648221053
1189,1,0.22272446859651537,0.22272446859651537,0.22272446859651537
1194,1,0.3843342423413467,0.3843342423413467,0.3843342423413467
1224,1,0.13388055557363665,0.13388055557363665,0.13388055557363665
1259,1,0.3946674893266287,0.3946674893266287,0.3946674893266287
1278,1,0.27990884020953594,0.27990884020953594,0.27990884020953594
1281,1,0.4947311300309712,0.4947311300309712,0.4947311300309712
1287,1,0.272213574394706,0.272213574394706,0.272213574394706
1300,1,0.3918929803842744,0.3918929803842744,0.3918929803842744
1322,1,0.42674646806127153,0.42674646806127153,0.42674646806127153
1344,1,0.4120025860500664,0.4120025860500664,0.4120025860500664
1365,1,0.4927058453212186,0.4927058453212186,0.4927058453212186
1380,1,0.26034856850557403,0.26034856850557403,0.26034856850557403
1438,1,0.302089478046411,0.302089478046411,0.302089478046411
1456,1,0.02027146288853191,0.02027146288853191,0.02027146288853191
1473,1,0.07789451554440259,0.07789451554440259,0.07789451554440259
1507,1,0.3632671083067018,0.3632671083067018,0.3632671083067018
1518,1,0.10735201029975881,0.10735201029975881,0.10735201029975881
1525,1,0.19367222304114073,0.19367222304114073,0.19367222304114073
1603,1,0.1678924236530285,0.1678924236530285,0.1678924236530285
1610,1,0.31740027235876545,0.31740027235876545,0.31740027235876545
1676,1,0.36978056848638596,0.36978056848638596,0.36978056848638596
1703,1,0.2669937289752535,0.2669937289752535,0.2669937289752535
1712,1,0.43111296949415834,0.43111296949415834,0.43111296949415834
1735,1,0.2491836136057555,0.2491836136057555,0.2491836136057555
1749,1,0.30195959336446065,0.30195959336446065,0.30195959336446065
1771,1,0.4341738145527264,0.4341738145527264,0.4341738145527264
1785,1,0.11741258808606894,0.11741258808606894,0.11741258808606894
1786,1,0.3575622111255889,0.3575622111255889,0.3575622111255889
1802,1,0.11614163605519794,0.11614163605519794,0.11614163605519794
1900,1,0.00785401190449927,0.00785401190449927,0.00785401190449927
1902,1,0.32642038936950524,0.32642038936950524,0.32642038936950524
1909,1,0.49167235037108664,0.49167235037108664,0.49167235037108664
1920,1,0.48492438487492506,0.48492438487492506,0.48492438487492506
1925,1,0.18499522251439435,0.18499522251439435,0.18499522251439435
1927,1,0.3381916892352849,0.3381916892352849,0.3381916892352849
1968,1,0.4629814394366011,0.4629814394366011,0.4629814394366011
1974,1,0.37256033596068666,0.37256033596068666,0.37256033596068666
1983,1,0.49904248956911085,0.49904248956911085,0.49904248956911085
2045,1,0.12295480561547975,0.12295480561547975,0.12295480561547975
2129,1,0.4720601661714477,0.4720601661714477,0.4720601661714477
2139,1,0.19347993600370342,0.19347993600370342,0.19347993600370342
2145,1,0.3821389093013009,0.3821389093013009,0.3821389093013009
2168,1,0.29116109138399227,0.29116109138399227,0.29116109138399227
2213,1,0.24804511498003276,0.24804511498003276,0.24804511498003276
2231,1,0.4499469263278335,0.4499469263278335,0.4499469263278335
2265,1,0.3588527642777188,0.3588527642777188,0.3588527642777188
2271,1,0.3041821297770672,0.3041821297770672,0.3041821297770672
2274,1,0.31402534123828607,0.31402534123828607,0.31402534123828607
2302,1,0.41747268287867534,0.41747268287867534,0.41747268287867534
2326,1,0.32187464517510567,0.32187464517510567,0.32187464517510567
2330,1,0.08741306352486658,0.08741306352486658,0.08741306352486658
2363,1,0.3688427676834969,0.3688427676834969,0.3688427676834969
2368,1,0.30509373119243427,0.30509373119243427,0.30509373119243427
2381,1,0.3986179105357557,0.3986179105357557,0.3986179105357557
2397,1,0.4357984736663929,0.4357984736663929,0.4357984736663929
2404,1,0.31635657814922596,0.31635657814922596,0.31635657814922596
2409,1,0.23684410362829594,0.23684410362829594,0.23684410362829594
2422,1,0.27959669010996085,0.27959669010996085,0.27959669010996085
2450,1,0.21698699789367598,0.21698699789367598,0.21698699789367598
2482,1,0.3529891904080887,0.3529891904080887,0.3529891904080887
2483,1,0.30811596480579156,0.30811596480579156,0.30811596480579156
2487,1,0.2876745465193058,0.2876745465193058,0.2876745465193058
2505,1,0.15270190235768347,0.15270190235768347,0.15270190235768347
2516,1,0.4556916047624478,0.4556916047624478,0.4556916047624478
2530,1,0.4906897487024818,0.4906897487024818,0.4906897487024818
2567,1,0.4748762434498109,0.4748762434498109,0.4748762434498109
2586,1,0.35909747685256904,0.35909747685256904,0.35909747685256904
2602,1,0.3291559825156466,0.3291559825156466,0.3291559825156466
2640,1,0.21752217656774983,0.21752217656774983,0.21752217656774983
2643,1,0.4649043637401325,0.4649043637401325,0.4649043637401325
2644,1,0.12566848524408097,0.12566848524408097,0.12566848524408097
2655,1,0.20538289904101345,0.20538289904101345,0.20538289904101345
2684,1,0.2151625066738406,0.2151625066738406,0.2151625066738406
2687,1,0.16202449926496088,0.16202449926496088,0.16202449926496088
2709,1,0.4511455806473381,0.4511455806473381,0.4511455806473381
2717,1,0.330639662521199,0.330639662521199,0.330639662521199
2720,1,0.3786906889836409,0.3786906889836409,0.3786906889836409
2743,1,0.4699331622557605,0.4699331622557605,0.4699331622557605
2752,1,0.40895298645734346,0.40895298645734346,0.40895298645734346
2755,1,0.4568265408754999,0.4568265408754999,0.4568265408754999
2772,1,0.4534872798404317,0.4534872798404317,0.4534872798404317
2777,1,0.31602457120889754,0.31602457120889754,0.31602457120889754
2779,1,0.2571526431140749,0.2571526431140749,0.2571526431140749
2806,1,0.3706249576660186,0.3706249576660186,0.3706249576660186
2818,1,0.46869349025855594,0.46869349025855594,0.46869349025855594
2819,1,0.23923699615247115,0.23923699615247115,0.23923699615247115
2825,1,0.42338121999658723,0.42338121999658723,0.42338121999658723
2915,1,0.11942470420001423,0.11942470420001423,0.11942470420001423
2944,1,0.101419895425799,0.101419895425799,0.101419895425799
2994,1,0.35870827058812826,0.35870827058812826,0.35870827058812826
3015,1,0.24109266835391294,0.24109266835391294,0.24109266835391294
3016,1,0.2939038721936082,0.2939038721936082,0.2939038721936082
3025,1,0.24814872637921742,0.24814872637921742,0.24814872637921742
3057,1,0.23622064216994598,0.23622064216994598,0.23622064216994598
3060,1,0.10153203482759307,0.10153203482759307,0.10153203482759307
3096,1,0.06727232010364047,0.06727232010364047,0.06727232010364047
3145,1,0.466598575417673,0.466598575417673,0.466598575417673
3159,1,0.1230387004433575,0.1230387004433575,0.1230387004433575
3183,1,0.33955684328435826,0.33955684328435826,0.33955684328435826
3203,1,0.3928672102995872,0.3928672102995872,0.3928672102995872
3216,1,0.3037433660334918,0.3037433660334918,0.3037433660334918
3245,1,0.47885945827675447,0.47885945827675447,0.47885945827675447
3260,1,0.4738611914570453,0.4738611914570453,0.4738611914570453
3284,1,0.11655452948907077,0.11655452948907077,0.11655452948907077
3328,1,0.4429173761246193,0.4429173761246193,0.4429173761246193
3338,1,0.17809024485871358,0.17809024485871358,0.17809024485871358
3345,1,0.16074452636578668,0.16074452636578668,0.16074452636578668
3348,1,0.41453835190045524,0.41453835190045524,0.41453835190045524
3361,1,0.4077401867472228,0.4077401867472228,0.4077401867472228
3382,1,0.18170748155847394,0.18170748155847394,0.18170748155847394
3383,1,0.31499470180746714,0.31499470180746714,0.31499470180746714
3403,1,0.4152781904422822,0.4152781904422822,0.4152781904422822
3442,1,0.2879397764560288,0.2879397764560288,0.2879397764560288
3454,1,0.3102158623340692,0.3102158623340692,0.3102158623340692
3471,1,0.40552119537979564,0.40552119537979564,0.40552119537979564
3485,1,0.009193689518652712,0.009193689518652712,0.009193689518652712
3488,1,0.2971380503468511,0.2971380503468511,0.2971380503468511
3500,1,0.0922180507807135,0.0922180507807135,0.0922180507807135
3517,1,0.3760460894210202,0.3760460894210202,0.3760460894210202
3532,1,0.18418346262235075,0.18418346262235075,0.18418346262235075
3536,1,0.17924143012114055,0.17924143012114055,0.17924143012114055
3543,1,0.11350541518145932,0.11350541518145932,0.11350541518145932
3548,1,0.40123330161262766,0.40123330161262766,0.40123330161262766
3562,1,0.07917732131968508,0.07917732131968508,0.07917732131968508
3578,1,0.3444999134118357,0.3444999134118357,0.3444999134118357
3585,1,0.3255535868631588,0.3255535868631588,0.3255535868631588
3587,1,0.10053742229043874,0.10053742229043874,0.10053742229043874
3607,1,0.14433482654277585,0.14433482654277585,0.14433482654277585
3683,1,0.4142136997272599,0.4142136997272599,0.4142136997272599
3724,1,0.223435947268075,0.223435947268075,0.223435947268075
3726,1,0.13658212486340673,0.13658212486340673,0.13658212486340673
3741,1,0.2363869830643476,0.2363869830643476,0.2363869830643476
3773,1,0.3041321701112853,0.3041321701112853,0.3041321701112853
3781,1,0.07208947941267754,0.07208947941267754,0.07208947941267754
3795,1,0.34873429746256734,0.34873429746256734,0.34873429746256734
3797,1,0.26487579157769997,0.26487579157769997,0.26487579157769997
3827,1,0.18041612002736596,0.18041612002736596,0.18041612002736596
3828,1,0.0941871002202471,0.0941871002202471,0.0941871002202471
3832,1,0.3020148953687233,0.3020148953687233,0.3020148953687233
3851,1,0.2634271202279977,0.2634271202279977,0.2634271202279977
3865,1,0.3528783820421289,0.3528783820421289,0.3528783820421289
3869,1,0.24865234334194966,0.24865234334194966,0.24865234334194966
3926,1,0.345967328765557,0.345967328765557,0.345967328765557
3936,1,0.2584699849871967,0.2584699849871967,0.2584699849871967
3940,1,0.2548131293013053,0.2548131293013053,0.2548131293013053
3942,1,0.2379779063301508,0.2379779063301508,0.2379779063301508
3957,1,0.41685808551235126,0.41685808551235126,0.41685808551235126
3967,1,0.25318116728957746,0.25318116728957746,0.25318116728957746
3986,1,0.39198023782095875,0.39198023782095875,0.39198023782095875
3988,1,0.22550738842165263,0.22550738842165263,0.22550738842165263
4018,1,0.45180058802086326,0.45180058802086326,0.45180058802086326
4050,1,0.03185892469115998,0.03185892469115998,0.03185892469115998
4080,1,0.44426216740884056,0.44426216740884056,0.44426216740884056
4112,1,0.45482484556544367,0.45482484556544367,0.45482484556544367
4115,1,0.45640185607050754,0.45640185607050754,0.45640185607050754
4121,1,0.2701965676267437,0.2701965676267437,0.2701965676267437
4135,1,0.23161564162625475,0.23161564162625475,0.23161564162625475
4170,1,0.3746969804293616,0.3746969804293616,0.3746969804293616
4181,1,0.34135615379613227,0.34135615379613227,0.34135615379613227
4184,1,0.44899332983559487,0.44899332983559487,0.44899332983559487
4201,1,0.407274321130546,0.407274321130546,0.407274321130546
4207,1,0.28956131326340495,0.28956131326340495,0.28956131326340495
4224,1,0.33536892229769383,0.33536892229769383,0.33536892229769383
4244,1,0.11662285717539736,0.11662285717539736,0.11662285717539736
4262,1,0.23463443429578545,0.23463443429578545,0.23463443429578545
4279,1,0.441397053293296,0.441397053293296,0.441397053293296
4309,1,0.12703311248360177,0.12703311248360177,0.12703311248360177
4337,1,0.3896259360850004,0.3896259360850004,0.3896259360850004
4369,1,0.22721477694752784,0.22721477694752784,0.22721477694752784
4401,1,0.44058465262966545,0.44058465262966545,0.44058465262966545
4402,1,0.20851473718398267,0.20851473718398267,0.20851473718398267
4429,1,0.4671282517080567,0.4671282517080567,0.4671282517080567
4454,1,0.49260849302521587,0.49260849302521587,0.49260849302521587
4458,1,0.16279173395472443,0.16279173395472443,0.16279173395472443
4464,1,0.4837785851849667,0.4837785851849667,0.4837785851849667
4476,1,0.40086247891026733,0.40086247891026733,0.40086247891026733
4510,1,0.38891906235854173,0.38891906235854173,0.38891906235854173
4543,1,0.47372031807193304,0.47372031807193304,0.47372031807193304
4556,1,0.3988107334693449,0.3988107334693449,0.3988107334693449
4568,1,0.25149432158406787,0.25149432158406787,0.25149432158406787
4572,1,0.32316022254287896,0.32316022254287896,0.32316022254287896
4573,1,0.39184127215153325,0.39184127215153325,0.39184127215153325
4625,1,0.2709994494887035,0.2709994494887035,0.2709994494887035
4632,1,0.46163084009383754,0.46163084009383754,0.46163084009383754
4648,1,0.03417256254969643,0.03417256254969643,0.03417256254969643
4687,1,0.14887879013011296,0.14887879013011296,0.14887879013011296
4729,1,0.42010311244556914,0.42010311244556914,0.42010311244556914
4730,1,0.404244414306936,0.404244414306936,0.404244414306936
4736,1,0.2576181689814755,0.2576181689814755,0.2576181689814755
4768,1,0.2776989068427424,0.2776989068427424,0.2776989068427424
4790,1,0.0017490861738371519,0.0017490861738371519,0.0017490861738371519
4792,1,0.42914860793032,0.42914860793032,0.42914860793032
4800,1,0.26445321712748704,0.26445321712748704,0.26445321712748704
4806,1,0.3578776310754656,0.3578776310754656,0.3578776310754656
4820,1,0.416035523302563,0.416035523302563,0.416035523302563
4835,1,0.39339606677777866,0.39339606677777866,0.39339606677777866
4872,1,0.3189356429157693,0.3189356429157693,0.3189356429157693
4904,1,0.44283907834315506,0.44283907834315506,0.44283907834315506
4949,1,0.4488062777280107,0.4488062777280107,0.4488062777280107
4960,1,0.2004261261335503,0.2004261261335503,0.2004261261335503
4968,1,0.378831622891324,0.378831622891324,0.378831622891324
4998,1,0.442356072307084,0.442356072307084,0.442356072307084
5001,1,0.25869931317657746,0.25869931317657746,0.25869931317657746
5052,1,0.38368376998879344,0.38368376998879344,0.38368376998879344
5064,1,0.41841378365136267,0.41841378365136267,0.41841378365136267
5067,1,0.41834807964189913,0.41834807964189913,0.41834807964189913
5076,1,0.49293499234053384,0.49293499234053384,0.49293499234053384
5108,1,0.4144835135881927,0.4144835135881927,0.4144835135881927
5123,1,0.18202838893829978,0.18202838893829978,0.18202838893829978
5129,1,0.22009137480975335,0.22009137480975335,0.22009137480975335
5139,1,0.3477337332491005,0.3477337332491005,0.3477337332491005
5157,1,0.07448259948806454,0.07448259948806454,0.07448259948806454
5168,1,0.22193543763719228,0.22193543763719228,0.22193543763719228
5182,1,0.4719314869632255,0.4719314869632255,0.4719314869632255
5190,1,0.4737867518694087,0.4737867518694087,0.4737867518694087
5212,1,0.4527322636647957,0.4527322636647957,0.4527322636647957
5215,1,0.3985698274242742,0.3985698274242742,0.3985698274242742
5225,1,0.1315063599374745,0.1315063599374745,0.1315063599374745
5246,1,0.32050150165383506,0.32050150165383506,0.32050150165383506
5249,1,0.31417610942707536,0.31417610942707536,0.31417610942707536
5257,1,0.4983860297361302,0.4983860297361302,0.4983860297361302
5275,1,0.19193879616577195,0.19193879616577195,0.19193879616577195
5303,1,0.33217773910348586,0.33217773910348586,0.33217773910348586
5347,1,0.08975406649327351,0.08975406649327351,0.08975406649327351
5401,1,0.09789556304691233,0.09789556304691233,0.09789556304691233
5413,1,0.2982433126076548,0.2982433126076548,0.2982433126076548
5432,1,0.24676611180789554,0.24676611180789554,0.24676611180789554
5436,1,0.42549717223620226,0.42549717223620226,0.42549717223620226
5446,1,0.37417488015658495,0.37417488015658495,0.37417488015658495
5506,1,0.18723509930913113,0.18723509930913113,0.18723509930913113
5517,1,0.29542138965036036,0.29542138965036036,0.29542138965036036
5569,1,0.24081202093732185,0.24081202093732185,0.24081202093732185
5571,1,0.2747900583399129,0.2747900583399129,0.2747900583399129
5573,1,0.047217994762906945,0.047217994762906945,0.047217994762906945
5581,1,0.39103023238108936,0.39103023238108936,0.39103023238108936
5614,1,0.156854951728678,0.156854951728678,0.156854951728678
5619,1,0.24162721652065275,0.24162721652065275,0.24162721652065275
5622,1,0.18514737086241645,0.18514737086241645,0.18514737086241645
5630,1,0.3357606154985879,0.3357606154985879,0.3357606154985879
5648,1,0.33689832520352153,0.33689832520352153,0.33689832520352153
5677,1,0.45227744230230865,0.45227744230230865,0.45227744230230865
5694,1,0.13275210956545286,0.13275210956545286,0.13275210956545286
5718,1,0.20729537037424295,0.20729537037424295,0.20729537037424295
5730,1,0.3588004567040863,0.3588004567040863,0.3588004567040863
5744,1,0.4839544222243771,0.4839544222243771,0.4839544222243771
5781,1,0.3428287835121143,0.3428287835121143,0.3428287835121143
5784,1,0.09849875428439722,0.09849875428439722,0.09849875428439722
5830,1,0.24260459110564125,0.24260459110564125,0.24260459110564125
5833,1,0.1339014812084881,0.1339014812084881,0.1339014812084881
5850,1,0.3910544589890817,0.3910544589890817,0.3910544589890817
5876,1,0.12825147898342665,0.12825147898342665,0.12825147898342665
5898,1,0.20355047068078985,0.20355047068078985,0.20355047068078985
5916,1,0.41172161423573556,0.41172161423573556,0.41172161423573556
5919,1,0.26583377834999633,0.26583377834999633,0.26583377834999633
5933,1,0.16547143641310094,0.16547143641310094,0.16547143641310094
5939,1,0.3865203882714256,0.3865203882714256,0.3865203882714256
5942,1,0.26225429371870007,0.26225429371870007,0.26225429371870007
5956,1,0.10165317996352985,0.10165317996352985,0.10165317996352985
5997,1,0.25679483673892023,0.25679483673892023,0.25679483673892023
6053,1,0.2206749759335517,0.2206749759335517,0.2206749759335517
6056,1,0.31959315336834127,0.31959315336834127,0.31959315336834127
6057,1,0.3206873751469718,0.3206873751469718,0.3206873751469718
6077,1,0.3407062622653228,0.3407062622653228,0.3407062622653228
6099,1,0.2633147862359912,0.2633147862359912,0.2633147862359912
6114,1,0.21641559581138128,0.21641559581138128,0.21641559581138128
6150,1,0.24277909948635976,0.24277909948635976,0.24277909948635976
6177,1,0.17289793927756164,0.17289793927756164,0.17289793927756164
6181,1,0.21424375359529804,0.21424375359529804,0.21424375359529804
6242,1,0.3174421928025564,0.3174421928025564,0.3174421928025564
6246,1,0.23478312769894,0.23478312769894,0.23478312769894
6248,1,0.35196765969164495,0.35196765969164495,0.35196765969164495
6256,1,0.10050475651464974,0.10050475651464974,0.10050475651464974
6300,1,0.17069876405703424,0.17069876405703424,0.17069876405703424
6371,1,0.3168241769258136,0.3168241769258136,0.3168241769258136
6417,1,0.3764428262685436,0.3764428262685436,0.3764428262685436
6426,1,0.4996679151390398,0.4996679151390398,0.4996679151390398
6427,1,0.2627963961646277,0.2627963961646277,0.2627963961646277
6432,1,0.3373177909950651,0.3373177909950651,0.3373177909950651
6435,1,0.19162069544226132,0.19162069544226132,0.19162069544226132
6446,1,0.306098232528772,0.306098232528772,0.306098232528772
6473,1,0.17856850707310604,0.17856850707310604,0.17856850707310604
6488,1,0.216177042530852,0.216177042530852,0.216177042530852
6503,1,0.4354681982970494,0.4354681982970494,0.4354681982970494
6524,1,0.2696820413594607,0.2696820413594607,0.2696820413594607
6526,1,0.1812684004796587,0.1812684004796587,0.1812684004796587
6530,1,0.45998454749179246,0.45998454749179246,0.45998454749179246
6539,1,0.21151989478190902,0.21151989478190902,0.21151989478190902
6547,1,0.16059487071270484,0.16059487071270484,0.16059487071270484
6550,1,0.27320204846552765,0.27320204846552765,0.27320204846552765
6552,1,0.24934920057994195,0.24934920057994195,0.24934920057994195
6564,1,0.27181086839872926,0.27181086839872926,0.27181086839872926
6578,1,0.467023750392457,0.467023750392457,0.467023750392457
6581,1,0.17038987674466624,0.17038987674466624,0.17038987674466624
6606,1,0.28672785678994406,0.28672785678994406,0.28672785678994406
6615,1,0.17172525881587813,0.17172525881587813,0.17172525881587813
6625,1,0.3579201581291664,0.3579201581291664,0.3579201581291664
6627,1,0.2390360057679899,0.2390360057679899,0.2390360057679899
6665,1,0.1569338536472541,0.1569338536472541,0.1569338536472541
6687,1,0.34465118626315766,0.34465118626315766,0.34465118626315766
6711,1,0.47597055481772166,0.47597055481772166,0.47597055481772166
6714,1,0.18310992643110516,0.18310992643110516,0.18310992643110516
6718,1,0.2921005998012371,0.2921005998012371,0.2921005998012371
6723,1,0.28077211284084275,0.28077211284084275,0.28077211284084275
6732,1,0.23925534461926812,0.23925534461926812,0.23925534461926812
6772,1,0.20449615328436635,0.20449615328436635,0.20449615328436635
6782,1,0.3196055593797265,0.3196055593797265,0.3196055593797265
6784,1,0.15019618614553465,0.15019618614553465,0.15019618614553465
6791,1,0.27220932715999213,0.27220932715999213,0.27220932715999213
6795,1,0.41912365275052454,0.41912365275052454,0.41912365275052454
6802,1,0.26931361448541263,0.26931361448541263,0.26931361448541263
6811,1,0.44612435755157814,0.44612435755157814,0.44612435755157814
6838,1,0.23256841523545563,0.23256841523545563,0.23256841523545563
6855,1,0.2477446677602936,0.2477446677602936,0.2477446677602936
6865,1,0.2508116424571463,0.2508116424571463,0.2508116424571463
6899,1,0.0026884204080440547,0.0026884204080440547,0.0026884204080440547
6907,1,0.377578912676029,0.377578912676029,0.377578912676029
6928,1,0.3025178247889119,0.3025178247889119,0.3025178247889119
6940,1,0.4751061016427454,0.4751061016427454,0.4751061016427454
6950,1,0.28452950323822074,0.28452950323822074,0.28452950323822074
6967,1,0.4248921475326278,0.4248921475326278,0.4248921475326278
6985,1,0.44688542352224847,0.44688542352224847,0.44688542352224847
6988,1,0.39581322755218273,0.39581322755218273,0.39581322755218273
6996,1,0.39398631451531396,0.39398631451531396,0.39398631451531396
7009,1,0.37321403192910124,0.37321403192910124,0.37321403192910124
7031,1,0.4306526139203747,0.4306526139203747,0.4306526139203747
7039,1,0.23614128039838067,0.23614128039838067,0.23614128039838067
7046,1,0.33425427858003254,0.33425427858003254,0.33425427858003254
7061,1,0.28825255066677147,0.28825255066677147,0.28825255066677147
7074,1,0.3331621494775332,0.3331621494775332,0.3331621494775332
7109,1,0.21363912411340083,0.21363912411340083,0.21363912411340083
7114,1,0.3867272870671324,0.3867272870671324,0.3867272870671324
7138,1,0.4428462560192614,0.4428462560192614,0.4428462560192614
7140,1,0.3164615323477803,0.3164615323477803,0.3164615323477803
7155,1,0.22924223677068228,0.22924223677068228,0.22924223677068228
7157,1,0.2208335559330186,0.2208335559330186,0.2208335559330186
7217,1,0.12863912441326847,0.12863912441326847,0.12863912441326847
7243,1,0.391698505533999,0.391698505533999,0.391698505533999
7258,1,0.3150094836044888,0.3150094836044888,0.3150094836044888
7290,1,0.37703496139875187,0.37703496139875187,0.37703496139875187
7297,1,0.2676773180577389,0.2676773180577389,0.2676773180577389
7304,1,0.2958556698636456,0.2958556698636456,0.2958556698636456
7306,1,0.27943517848217486,0.27943517848217486,0.27943517848217486
7315,1,0.47431688024489194,0.47431688024489194,0.47431688024489194
7327,1,0.3228707082658265,0.3228707082658265,0.3228707082658265
7328,1,0.10533042985639864,0.10533042985639864,0.10533042985639864
7354,1,0.27067162389975863,0.27067162389975863,0.27067162389975863
7369,1,0.1506081783620805,0.1506081783620805,0.1506081783620805
7371,1,0.4152467052988459,0.4152467052988459,0.4152467052988459
7378,1,0.30798853932501574,0.30798853932501574,0.30798853932501574
7384,1,0.2856728261942148,0.2856728261942148,0.2856728261942148
7424,1,0.3891690384006232,0.3891690384006232,0.3891690384006232
7425,1,0.07093168448237648,0.07093168448237648,0.07093168448237648
7470,1,0.3015862258619488,0.3015862258619488,0.3015862258619488
7476,1,0.19087037329466508,0.19087037329466508,0.19087037329466508
7479,1,0.37107475428639297,0.37107475428639297,0.37107475428639297
7480,1,0.36886947576571144,0.36886947576571144,0.36886947576571144
7486,1,0.24402225998678334,0.24402225998678334,0.24402225998678334
7504,1,0.32917858525911564,0.32917858525911564,0.32917858525911564
7519,1,0.19959191284286434,0.19959191284286434,0.19959191284286434
7530,1,0.20294389368569635,0.20294389368569635,0.20294389368569635
7534,1,0.32985368466324483,0.32985368466324483,0.32985368466324483
7540,1,0.18722242232269212,0.18722242232269212,0.18722242232269212
7590,1,0.411790442758848,0.411790442758848,0.411790442758848
7598,1,0.4035866885064489,0.4035866885064489,0.4035866885064489
7622,1,0.182494937510156,0.182494937510156,0.182494937510156
7631,1,0.15340741916935585,0.15340741916935585,0.15340741916935585
7654,1,0.4610618825637832,0.4610618825637832,0.4610618825637832
7655,1,0.4586603441412859,0.4586603441412859,0.4586603441412859
7686,1,0.15986980943414694,0.15986980943414694,0.15986980943414694
7691,1,0.24135799079512163,0.24135799079512163,0.24135799079512163
7715,1,0.20446276243706774,0.20446276243706774,0.20446276243706774
7720,1,0.1910203448321302,0.1910203448321302,0.1910203448321302
7723,1,0.3463698012565241,0.3463698012565241,0.3463698012565241
7751,1,0.34935598611028756,0.34935598611028756,0.34935598611028756
7757,1,0.33274095024686395,0.33274095024686395,0.33274095024686395
7788,1,0.17456925112657626,0.17456925112657626,0.17456925112657626
7800,1,0.47906157166474206,0.47906157166474206,0.47906157166474206
7801,1,0.09231769696850463,0.09231769696850463,0.09231769696850463
7812,1,0.09262573509033512,0.09262573509033512,0.09262573509033512
7818,1,0.4725712429501555,0.4725712429501555,0.4725712429501555
7841,1,0.426438693883372,0.426438693883372,0.426438693883372
7844,1,0.18450415545697213,0.18450415545697213,0.18450415545697213
7855,1,0.3279167371184368,0.3279167371184368,0.3279167371184368
7856,1,0.2141480427984073,0.2141480427984073,0.2141480427984073
7921,1,0.04282093367238744,0.04282093367238744,0.04282093367238744
7923,1,0.11609650439951459,0.11609650439951459,0.11609650439951459
7931,1,0.3218972811344939,0.3218972811344939,0.3218972811344939
7968,1,0.4244696883498815,0.4244696883498815,0.4244696883498815
7986,1,0.09679855605744768,0.09679855605744768,0.09679855605744768
8039,1,0.39477538130991896,0.39477538130991896,0.39477538130991896
8053,1,0.12804996661611712,0.12804996661611712,0.12804996661611712
8059,1,0.45119447923979034,0.45119447923979034,0.45119447923979034
8090,1,0.3907183034601482,0.3907183034601482,0.3907183034601482
8096,1,0.2710695540791409,0.2710695540791409,0.2710695540791409
8107,1,0.31909017774039977,0.31909017774039977,0.31909017774039977
8112,1,0.30297741236872133,0.30297741236872133,0.30297741236872133
8131,1,0.254585400781203,0.254585400781203,0.254585400781203
8159,1,0.08043549088558542,0.08043549088558542,0.08043549088558542
8190,1,0.4976908099087633,0.4976908099087633,0.4976908099087633
8200,1,0.34190663637875146,0.34190663637875146,0.34190663637875146
8212,1,0.3287072047737269,0.3287072047737269,0.3287072047737269
8216,1,0.31179096876409174,0.31179096876409174,0.31179096876409174
8274,1,0.2862455989487588,0.2862455989487588,0.2862455989487588
8276,1,0.2239653280843023,0.2239653280843023,0.2239653280843023
8305,1,0.38405984933014353,0.38405984933014353,0.38405984933014353
8307,1,0.26490861877219796,0.26490861877219796,0.26490861877219796
8322,1,0.28240434759580874,0.28240434759580874,0.28240434759580874
8325,1,0.37269479150658336,0.37269479150658336,0.37269479150658336
8347,1,0.3472257596146132,0.3472257596146132,0.3472257596146132
8376,1,0.38584537499311117,0.38584537499311117,0.38584537499311117
8390,1,0.4258786937563018,0.4258786937563018,0.4258786937563018
8396,1,0.41574173104807705,0.41574173104807705,0.41574173104807705
8446,1,0.45315974940280657,0.45315974940280657,0.45315974940280657
8448,1,0.3765792677878097,0.3765792677878097,0.3765792677878097
8476,1,0.40330952927770336,0.40330952927770336,0.40330952927770336
8488,1,0.293921573981283,0.293921573981283,0.293921573981283
8498,1,0.43942860862650246,0.43942860862650246,0.43942860862650246
8519,1,0.2579865913315054,0.2579865913315054,0.2579865913315054
8538,1,0.27733373053781907,0.27733373053781907,0.27733373053781907
8562,1,0.2305747149341856,0.2305747149341856,0.2305747149341856
8627,1,0.19615267964316874,0.19615267964316874,0.19615267964316874
8640,1,0.4436168470964149,0.4436168470964149,0.4436168470964149
8643,1,0.47112848486215186,0.47112848486215186,0.47112848486215186
8657,1,0.2360945606331621,0.2360945606331621,0.2360945606331621
8671,1,0.2473361519737748,0.2473361519737748,0.2473361519737748
8679,1,0.23661710479216225,0.23661710479216225,0.23661710479216225
8680,1,0.3623374165259009,0.3623374165259009,0.3623374165259009
8704,1,0.3464107879978026,0.3464107879978026,0.3464107879978026
8718,1,0.4964600254220216,0.4964600254220216,0.4964600254220216
8720,1,0.3935953221444468,0.3935953221444468,0.3935953221444468
8755,1,0.30475944843965014,0.30475944843965014,0.30475944843965014
8759,1,0.3454331037882639,0.3454331037882639,0.3454331037882639
8761,1,0.49321213184209856,0.49321213184209856,0.49321213184209856
8793,1,0.41440266566137074,0.41440266566137074,0.41440266566137074
8812,1,0.2408688807762763,0.2408688807762763,0.2408688807762763
8821,1,0.44903177439916936,0.44903177439916936,0.44903177439916936
8845,1,0.38619514071584177,0.38619514071584177,0.38619514071584177
8852,1,0.2858977962801878,0.2858977962801878,0.2858977962801878
8864,1,0.40911627745018847,0.40911627745018847,0.40911627745018847
8865,1,0.4343944719707893,0.4343944719707893,0.4343944719707893
8869,1,0.34803956845050815,0.34803956845050815,0.34803956845050815
8897,1,0.3074152364487726,0.3074152364487726,0.3074152364487726
8920,1,0.4457035062672622,0.4457035062672622,0.4457035062672622
8938,1,0.35216094285920674,0.35216094285920674,0.35216094285920674
8942,1,0.35232863630019473,0.35232863630019473,0.35232863630019473
8967,1,0.4201453398476722,0.4201453398476722,0.4201453398476722
8980,1,0.11090910722669367,0.11090910722669367,0.11090910722669367
8981,1,0.3886533752798006,0.3886533752798006,0.3886533752798006
9017,1,0.40428420693272377,0.40428420693272377,0.40428420693272377
9045,1,0.177956285588041,0.177956285588041,0.177956285588041
9091,1,0.45663224935604424,0.45663224935604424,0.45663224935604424
9118,1,0.12390015939286983,0.12390015939286983,0.12390015939286983
9119,1,0.29997441886885173,0.29997441886885173,0.29997441886885173
9158,1,0.45622082768162686,0.45622082768162686,0.45622082768162686
9161,1,0.22756010150674033,0.22756010150674033,0.22756010150674033
9184,1,0.3455501340565989,0.3455501340565989,0.3455501340565989
9199,1,0.2062323347990596,0.2062323347990596,0.2062323347990596
9204,1,0.30015159542659225,0.30015159542659225,0.30015159542659225
9237,1,0.3227576394869171,0.3227576394869171,0.3227576394869171
9288,1,0.3930910971274849,0.3930910971274849,0.3930910971274849
9318,1,0.09065461372402597,0.09065461372402597,0.09065461372402597
9327,1,0.28425004324532316,0.28425004324532316,0.28425004324532316
9334,1,0.20447631902875882,0.20447631902875882,0.20447631902875882
9351,1,0.4223235608691276,0.4223235608691276,0.4223235608691276
9376,1,0.46942631297704157,0.46942631297704157,0.46942631297704157
9468,1,0.39931567579127336,0.39931567579127336,0.39931567579127336
9498,1,0.19205767401897506,0.19205767401897506,0.19205767401897506
9501,1,0.43198278185307465,0.43198278185307465,0.43198278185307465
9504,1,0.3315140092205668,0.3315140092205668,0.3315140092205668
9505,1,0.4537490316830104,0.4537490316830104,0.4537490316830104
9520,1,0.20002715379035682,0.20002715379035682,0.20002715379035682
9526,1,0.36329185377612316,0.36329185377612316,0.36329185377612316
9527,1,0.20789601916949274,0.20789601916949274,0.20789601916949274
9552,1,0.2354341689494443,0.2354341689494443,0.2354341689494443
9589,1,0.38073763689071577,0.38073763689071577,0.38073763689071577
9591,1,0.14192045155337127,0.14192045155337127,0.14192045155337127
9611,1,0.2387184041570869,0.2387184041570869,0.2387184041570869
9619,1,0.3251185998923925,0.3251185998923925,0.3251185998923925
9638,1,0.44788493542764013,0.44788493542764013,0.44788493542764013
9639,1,0.2931551691299097,0.2931551691299097,0.2931551691299097
9665,1,0.14841356390058552,0.14841356390058552,0.14841356390058552
9737,1,0.4653331208732603,0.4653331208732603,0.4653331208732603
9739,1,0.4533690126932887,0.4533690126932887,0.4533690126932887
9768,1,0.46535860298984594,0.46535860298984594,0.46535860298984594
9780,1,0.3355131181923922,0.3355131181923922,0.3355131181923922
9787,1,0.09564592725700309,0.09564592725700309,0.09564592725700309
9791,1,0.29967998683286373,0.29967998683286373,0.29967998683286373
9806,1,0.27941311034401956,0.27941311034401956,0.27941311034401956
9819,1,0.0940667070483313,0.0940667070483313,0.0940667070483313
9831,1,0.10231304495426916,0.10231304495426916,0.10231304495426916
9899,1,0.46739017940996336,0.46739017940996336,0.46739017940996336
9921,1,0.06919540792557982,0.06919540792557982,0.06919540792557982
9933,1,0.13428438968594794,0.13428438968594794,0.13428438968594794
9934,1,0.49784901971980683,0.49784901971980683,0.49784901971980683
10000,1,0.2197648453659324,0.2197648453659324,0.2197648453659324
