event,found,delta_s,delta_w,n_hits
5.0,False,,,30
19.0,False,,,21
29.0,False,,,24
53.0,False,,,30
70.0,True,0.0002952664120570787,2.9285510019029144,24
76.0,False,,,25
87.0,False,,,22
88.0,False,,,22
100.0,False,,,27
111.0,True,0.00038852088044917174,5.990722251205456,24
125.0,False,,,21
127.0,False,,,22
138.0,False,,,29
143.0,False,,,27
154.0,False,,,26
169.0,False,,,27
181.0,False,,,25
193.0,False,,,28
212.0,False,,,22
237.0,False,,,24
250.0,True,0.0001631528080748715,1.9979047050761882,28
273.0,False,,,22
284.0,False,,,27
285.0,False,,,23
287.0,False,,,21
295.0,False,,,28
302.0,False,,,21
307.0,False,,,31
310.0,False,,,27
354.0,False,,,23
356.0,False,,,26
367.0,False,,,21
381.0,False,,,21
413.0,True,0.009790929164224998,3.2630310913567127,21
432.0,False,,,24
434.0,False,,,23
441.0,False,,,24
442.0,True,0.0038531817347464727,1.6945184822750925,25
443.0,False,,,25
448.0,False,,,26
454.0,False,,,22
468.0,False,,,27
470.0,False,,,31
474.0,False,,,29
506.0,False,,,23
533.0,False,,,23
535.0,False,,,29
541.0,True,1.8286275591724667e-05,0.6655540526468413,27
558.0,False,,,26
572.0,False,,,23
579.0,False,,,21
585.0,True,0.007388241486993236,2.2135503496376865,30
592.0,False,,,29
616.0,False,,,21
622.0,True,0.007240543414080519,2.4885052494440796,21
648.0,False,,,29
656.0,False,,,25
661.0,False,,,26
663.0,False,,,21
671.0,False,,,26
675.0,False,,,22
679.0,False,,,25
693.0,False,,,20
712.0,False,,,29
714.0,False,,,26
755.0,False,,,25
758.0,False,,,21
760.0,False,,,23
764.0,False,,,25
767.0,False,,,25
774.0,False,,,22
777.0,False,,,25
793.0,False,,,25
797.0,False,,,25
800.0,False,,,22
803.0,True,0.00020148898733111096,2.2438725888483004,32
810.0,False,,,24
832.0,False,,,22
833.0,False,,,28
835.0,False,,,21
850.0,False,,,25
851.0,False,,,26
861.0,False,,,24
866.0,False,,,24
882.0,False,,,21
886.0,False,,,34
914.0,False,,,24
917.0,False,,,21
939.0,False,,,25
948.0,False,,,24
962.0,False,,,24
966.0,False,,,23
1018.0,False,,,28
1034.0,False,,,20
1044.0,False,,,23
1048.0,False,,,23
1066.0,False,,,21
1088.0,False,,,21
1092.0,False,,,22
1116.0,False,,,25
1148.0,False,,,28
1163.0,False,,,24
1180.0,False,,,28
1186.0,False,,,23
1200.0,False,,,23
1203.0,False,,,23
1204.0,False,,,29
1205.0,False,,,18
1208.0,False,,,26
1217.0,False,,,22
1231.0,False,,,26
1253.0,True,5.4926505890068906e-05,1.1147263656002548,27
1254.0,False,,,22
1269.0,False,,,25
1270.0,False,,,26
1279.0,False,,,26
1286.0,False,,,25
1294.0,False,,,27
1302.0,False,,,23
1312.0,False,,,20
1352.0,False,,,28
1365.0,True,0.038426354096799606,6.947389674135909,23
1370.0,False,,,24
1371.0,False,,,29
1374.0,False,,,26
1379.0,False,,,24
1413.0,False,,,23
1421.0,True,0.001581061015204572,7.344464402390635,28
1428.0,True,8.93461908128713e-05,4.753414498576493,25
1433.0,False,,,22
1439.0,False,,,26
1444.0,False,,,23
1448.0,True,0.00012991919801716,2.9971879726617856,31
1452.0,False,,,29
1460.0,False,,,23
1466.0,True,0.0007781527952342468,8.405295122756868,26
1487.0,False,,,23
1488.0,False,,,23
1493.0,False,,,25
1503.0,False,,,29
1505.0,False,,,34
1518.0,True,0.00010349268095453239,2.9455091778070512,23
1545.0,False,,,23
1549.0,False,,,28
1554.0,True,0.0006999208431039773,5.747104661202834,32
1598.0,False,,,21
1630.0,False,,,25
1631.0,False,,,21
1655.0,True,0.0031585167111701008,7.622085387994861,26
1684.0,False,,,23
1687.0,False,,,22
1691.0,False,,,24
1709.0,False,,,23
1728.0,False,,,22
1738.0,False,,,29
1777.0,False,,,25
1791.0,False,,,25
1796.0,False,,,27
1799.0,False,,,24
1802.0,False,,,23
1813.0,False,,,26
1836.0,False,,,25
1838.0,False,,,25
1840.0,False,,,20
1866.0,False,,,22
1883.0,False,,,25
1886.0,False,,,26
1902.0,False,,,24
1913.0,False,,,27
1914.0,False,,,29
1918.0,False,,,22
1975.0,False,,,21
1980.0,False,,,22
1981.0,False,,,25
1983.0,False,,,24
1989.0,False,,,20
1992.0,False,,,31
2009.0,False,,,27
2012.0,False,,,27
2023.0,False,,,27
2032.0,False,,,21
2035.0,False,,,26
2041.0,False,,,18
2050.0,False,,,26
2075.0,False,,,26
2078.0,False,,,23
2096.0,False,,,24
2103.0,False,,,26
2108.0,False,,,21
2116.0,True,0.015757103841034976,4.090893660053198,27
2123.0,False,,,24
2131.0,False,,,26
2137.0,False,,,23
2145.0,False,,,24
2149.0,False,,,24
2165.0,True,0.005372019700406032,2.863731161141812,22
2182.0,False,,,23
2200.0,False,,,22
2204.0,False,,,22
2208.0,False,,,30
2215.0,False,,,24
2216.0,True,0.003153992000406227,8.601721851898349,26
2234.0,False,,,25
2237.0,True,2.6865012570567496e-05,0.6090308373507787,30
2239.0,True,0.08639660407619025,7.978554600722734,30
2244.0,False,,,24
2247.0,False,,,26
2282.0,True,0.0005812790170710952,6.266460349511857,26
2285.0,False,,,21
2307.0,False,,,27
2321.0,False,,,23
2322.0,False,,,22
2326.0,False,,,18
2335.0,True,0.0016168280500796117,7.120573958708982,21
2353.0,False,,,20
2358.0,False,,,26
2371.0,False,,,22
2381.0,True,0.04235553924385449,8.894277863054965,22
2392.0,False,,,25
2395.0,False,,,24
2396.0,False,,,20
2409.0,False,,,25
2418.0,True,0.00016492949274094485,2.112937326208515,26
2419.0,False,,,28
2421.0,False,,,27
2438.0,False,,,26
2440.0,False,,,23
2445.0,False,,,25
2448.0,False,,,24
2449.0,False,,,44
2450.0,True,0.003007499904427081,2.610160691095627,22
2462.0,False,,,20
2484.0,False,,,25
2485.0,False,,,24
2489.0,False,,,23
2492.0,False,,,22
2496.0,False,,,28
2521.0,False,,,20
2526.0,False,,,28
2529.0,False,,,23
2550.0,False,,,22
2566.0,False,,,25
2579.0,False,,,22
2596.0,False,,,22
2604.0,False,,,23
2609.0,False,,,20
2617.0,False,,,23
2638.0,False,,,21
2644.0,False,,,24
2663.0,False,,,27
2666.0,False,,,22
2673.0,True,0.0007046636625032555,7.009038787437601,27
2674.0,False,,,22
2677.0,False,,,25
2687.0,False,,,24
2689.0,False,,,21
2691.0,False,,,24
2704.0,False,,,26
2712.0,False,,,26
2741.0,False,,,24
2780.0,False,,,22
2810.0,True,5.2724622723514205e-05,1.1706844023003287,29
2832.0,False,,,21
2844.0,False,,,22
2854.0,False,,,21
2863.0,True,1.995916842197012e-05,0.7352276809739373,29
2869.0,False,,,26
2881.0,True,0.018597303187621695,3.769367327585093,26
2890.0,True,0.006603832300419863,1.236546813414131,27
2909.0,True,0.0004118104303743837,9.320026687807324,18
2920.0,False,,,20
2928.0,False,,,21
2931.0,False,,,27
2932.0,False,,,26
2941.0,False,,,30
2959.0,False,,,22
2967.0,False,,,24
2989.0,False,,,24
2993.0,False,,,26
3000.0,False,,,28
3002.0,False,,,24
3007.0,False,,,22
3016.0,False,,,22
3028.0,False,,,27
3039.0,True,0.0010531662573726715,7.261754367999581,26
3042.0,False,,,20
3045.0,False,,,29
3059.0,True,1.512597367620702e-05,0.397707510999191,27
3061.0,False,,,25
3080.0,False,,,25
3105.0,False,,,33
3107.0,False,,,26
3109.0,False,,,21
3123.0,False,,,22
3128.0,False,,,22
3132.0,False,,,21
3143.0,False,,,23
3157.0,False,,,29
3163.0,False,,,20
3177.0,False,,,28
3198.0,False,,,24
3226.0,False,,,24
3227.0,False,,,22
3269.0,False,,,28
3270.0,False,,,27
3274.0,False,,,25
3280.0,True,0.017030057806874978,3.903078096257927,23
3287.0,False,,,25
3293.0,False,,,23
3294.0,False,,,26
3303.0,False,,,25
3305.0,False,,,25
3312.0,False,,,22
3315.0,False,,,22
3321.0,True,0.00011289036576165019,1.6963689017351413,29
3322.0,False,,,23
3329.0,False,,,27
3335.0,False,,,25
3344.0,False,,,24
3345.0,True,0.03024488248848472,7.16002308047861,24
3347.0,True,0.0003459557972774046,5.489594691309142,26
3355.0,True,0.00043826081692374864,4.581540092121491,24
3371.0,True,0.00591152672600264,4.536896882997387,23
3393.0,False,,,25
3399.0,True,0.0006492179114207443,7.524814536843005,26
3400.0,True,0.00024848166460195224,4.734951034431,23
3402.0,False,,,24
3421.0,False,,,24
3423.0,False,,,23
3428.0,False,,,23
3441.0,False,,,24
3448.0,False,,,23
3449.0,False,,,24
3450.0,False,,,26
3452.0,False,,,25
3458.0,False,,,26
3461.0,False,,,27
3463.0,False,,,27
3477.0,False,,,26
3495.0,False,,,28
3497.0,False,,,30
3516.0,False,,,26
3521.0,False,,,26
3538.0,False,,,24
3541.0,False,,,19
3545.0,False,,,21
3560.0,False,,,24
3565.0,False,,,22
3573.0,False,,,23
3581.0,False,,,30
3585.0,False,,,22
3589.0,False,,,24
3604.0,False,,,26
3605.0,False,,,26
3611.0,False,,,26
3616.0,False,,,23
3648.0,False,,,28
3659.0,False,,,26
3688.0,True,0.0008839913339806077,6.720092292148814,23
3689.0,False,,,23
3740.0,True,0.0033133230499393096,9.914067121133732,25
3755.0,False,,,21
3756.0,False,,,24
3767.0,False,,,24
3801.0,False,,,25
3807.0,False,,,24
3810.0,False,,,25
3821.0,False,,,24
3825.0,False,,,25
3847.0,False,,,26
3854.0,True,0.004992109981224207,1.960055321210945,28
3859.0,False,,,24
3861.0,False,,,25
3866.0,True,6.111807862900413e-05,1.2193414671613811,27
3867.0,True,0.0003598912861370707,3.6196004956665293,26
3873.0,False,,,27
3915.0,False,,,26
3921.0,False,,,29
3934.0,False,,,25
3936.0,True,1.1256574665714922e-05,1.0836087425665608,29
3949.0,False,,,31
3952.0,True,0.01068810946512196,3.646351648612463,25
3965.0,False,,,27
3973.0,False,,,24
3977.0,False,,,20
3986.0,False,,,24
3996.0,True,6.501052883571021e-06,0.3612592241471415,30
4012.0,True,0.00505684567825603,1.3620096495063407,30
4035.0,False,,,18
4037.0,False,,,24
4053.0,False,,,34
4056.0,True,0.0007038150638669282,5.025116668654938,24
4063.0,False,,,25
4114.0,False,,,28
4120.0,False,,,30
4121.0,True,0.00041734549858740705,3.9740430188720617,23
4128.0,False,,,25
4136.0,False,,,21
4148.0,False,,,26
4159.0,False,,,24
4161.0,False,,,29
4165.0,False,,,28
4170.0,True,0.04588672534811024,9.437582952602103,22
4178.0,False,,,23
4181.0,False,,,25
4182.0,False,,,21
4200.0,False,,,27
4205.0,False,,,19
4263.0,False,,,29
4277.0,False,,,24
4296.0,False,,,23
4327.0,False,,,25
4334.0,False,,,21
4338.0,False,,,26
4347.0,False,,,25
4349.0,False,,,18
4358.0,False,,,20
4380.0,False,,,20
4382.0,False,,,19
4400.0,False,,,20
4412.0,False,,,26
4416.0,False,,,23
4426.0,True,3.109725749629193e-05,0.6218269938772599,29
4429.0,False,,,27
4444.0,True,5.1950113825069727e-05,1.0560612950271475,29
4452.0,False,,,23
4453.0,False,,,19
4472.0,False,,,22
4477.0,False,,,27
4488.0,False,,,22
4489.0,False,,,23
4490.0,False,,,22
4502.0,False,,,22
4512.0,True,0.0013202213744392143,6.510844449354397,24
4521.0,True,7.354889904501752e-05,1.453524371803027,29
4524.0,False,,,30
4531.0,False,,,23
4534.0,False,,,20
4535.0,False,,,20
4536.0,False,,,24
4550.0,False,,,32
4554.0,False,,,24
4580.0,False,,,23
4605.0,True,0.0008921499347667593,9.403414824881784,26
4614.0,False,,,23
4620.0,False,,,20
4622.0,False,,,22
4633.0,False,,,26
4644.0,False,,,24
4655.0,False,,,21
4664.0,False,,,21
4679.0,False,,,28
4706.0,False,,,23
4726.0,False,,,24
4743.0,False,,,22
4748.0,False,,,26
4749.0,False,,,21
4759.0,False,,,24
4761.0,False,,,28
4768.0,False,,,24
4777.0,False,,,24
4787.0,False,,,26
4789.0,False,,,21
4848.0,False,,,22
4854.0,False,,,29
4856.0,False,,,27
4876.0,False,,,25
4886.0,False,,,21
4893.0,False,,,22
4896.0,False,,,25
4921.0,False,,,23
4940.0,False,,,24
4953.0,False,,,23
4960.0,False,,,24
4961.0,False,,,22
4975.0,False,,,23
4989.0,False,,,23
4991.0,False,,,25
4992.0,False,,,22
4994.0,False,,,24
5010.0,False,,,22
5021.0,False,,,27
5037.0,False,,,24
5060.0,False,,,24
5061.0,True,0.004355182438553614,2.1373790814125164,27
5079.0,False,,,22
5084.0,False,,,21
5173.0,True,1.1616001107468059e-05,0.5125752977936537,25
5200.0,False,,,28
5204.0,False,,,25
5207.0,False,,,25
5227.0,True,4.944305561740971e-05,1.0404166537124238,26
5242.0,False,,,23
5270.0,False,,,25
5271.0,False,,,19
5273.0,False,,,23
5302.0,False,,,26
5328.0,False,,,26
5347.0,False,,,24
5363.0,True,0.03623650279635579,6.338829863279194,27
5370.0,False,,,23
5381.0,False,,,24
5382.0,False,,,34
5397.0,False,,,23
5400.0,False,,,23
5401.0,False,,,27
5419.0,False,,,26
5421.0,False,,,23
5423.0,False,,,21
5428.0,True,0.0012989443893101794,3.7467730128073935,23
5430.0,False,,,25
5432.0,False,,,24
5452.0,False,,,23
5453.0,False,,,22
5455.0,False,,,28
5456.0,False,,,24
5464.0,False,,,24
5469.0,False,,,23
5475.0,False,,,25
5500.0,True,6.511697206746953e-05,2.4940515348255796,28
5514.0,False,,,25
5548.0,False,,,24
5553.0,True,0.004865540883711562,3.1983584197573105,26
5566.0,False,,,21
5570.0,False,,,25
5573.0,True,0.00028479777801784946,3.5930669429837097,22
5591.0,False,,,24
5595.0,False,,,21
5611.0,False,,,24
5623.0,False,,,21
5637.0,False,,,23
5650.0,True,0.001561226509839752,7.28879525076948,31
5667.0,False,,,25
5675.0,False,,,28
5687.0,False,,,24
5702.0,False,,,31
5711.0,False,,,25
5716.0,False,,,25
5722.0,True,0.01168440174188673,5.092835804101187,22
5724.0,False,,,21
5735.0,False,,,26
5736.0,True,0.020943623059633987,5.9205529783479705,20
5754.0,False,,,25
5797.0,False,,,23
5810.0,False,,,24
5830.0,False,,,25
5853.0,True,0.02067946822950951,4.822607192574418,28
5861.0,False,,,26
5866.0,False,,,23
5871.0,False,,,22
5881.0,False,,,21
5886.0,False,,,25
5890.0,False,,,24
5895.0,False,,,22
5900.0,False,,,23
5909.0,False,,,25
5923.0,False,,,23
5947.0,False,,,28
5948.0,True,0.02709763394208623,5.4911419447024965,22
5961.0,False,,,24
5963.0,False,,,24
5964.0,False,,,27
5970.0,False,,,24
5980.0,False,,,32
5983.0,False,,,30
5984.0,False,,,22
6007.0,False,,,25
6012.0,False,,,26
6017.0,False,,,28
6023.0,False,,,24
6024.0,False,,,23
6039.0,False,,,27
6043.0,True,0.0018197700673995359,8.466471154184735,32
6073.0,False,,,23
6076.0,False,,,25
6101.0,False,,,26
6121.0,False,,,26
6123.0,False,,,27
6130.0,False,,,29
6155.0,False,,,26
6159.0,True,0.029254927402686485,4.675742564044499,27
6164.0,False,,,24
6169.0,True,2.1788820833383098e-05,0.5878938045879113,30
6171.0,False,,,25
6193.0,False,,,21
6202.0,False,,,24
6218.0,False,,,27
6220.0,False,,,28
6227.0,False,,,25
6231.0,False,,,25
6234.0,False,,,24
6245.0,False,,,22
6261.0,False,,,23
6279.0,False,,,25
6287.0,False,,,25
6290.0,False,,,25
6309.0,True,0.0009083477887056135,6.44394530683223,28
6317.0,False,,,31
6325.0,False,,,26
6333.0,False,,,27
6334.0,False,,,25
6350.0,False,,,25
6351.0,False,,,29
6357.0,False,,,19
6361.0,False,,,28
6363.0,False,,,23
6364.0,False,,,25
6370.0,False,,,25
6376.0,False,,,22
6390.0,False,,,27
6399.0,False,,,22
6400.0,False,,,25
6404.0,True,0.01545309361021529,4.444077563687148,22
6407.0,False,,,25
6422.0,False,,,26
6436.0,True,0.035654457925536,5.053950462976507,23
6438.0,False,,,21
6440.0,False,,,23
6462.0,False,,,21
6476.0,False,,,24
6491.0,False,,,26
6493.0,False,,,22
6519.0,False,,,27
6526.0,False,,,26
6529.0,False,,,26
6546.0,False,,,21
6550.0,False,,,23
6552.0,True,4.057720128086627e-05,1.2132447439051464,27
6553.0,False,,,28
6557.0,False,,,25
6558.0,False,,,23
6563.0,False,,,27
6568.0,False,,,22
6590.0,False,,,25
6660.0,False,,,26
6692.0,False,,,29
6700.0,False,,,26
6714.0,False,,,27
6715.0,False,,,29
6767.0,False,,,30
6780.0,False,,,29
6787.0,False,,,21
6799.0,False,,,23
6802.0,False,,,26
6818.0,False,,,23
6823.0,False,,,25
6825.0,False,,,28
6829.0,False,,,22
6842.0,False,,,25
6849.0,False,,,29
6885.0,False,,,22
6898.0,False,,,20
6900.0,False,,,24
6909.0,False,,,24
6922.0,False,,,24
6924.0,False,,,22
6931.0,False,,,23
6940.0,False,,,22
6945.0,True,0.004255228007209347,2.4799879382370946,29
6946.0,False,,,23
6947.0,False,,,26
6979.0,False,,,22
6992.0,False,,,24
7027.0,False,,,22
7035.0,False,,,26
7037.0,False,,,19
7043.0,False,,,30
7045.0,False,,,21
7046.0,False,,,25
7047.0,False,,,29
7053.0,False,,,21
7059.0,False,,,27
7066.0,False,,,26
7091.0,False,,,28
7133.0,False,,,29
7136.0,False,,,21
7146.0,False,,,29
7155.0,False,,,30
7172.0,False,,,24
7179.0,False,,,21
7188.0,False,,,24
7192.0,False,,,18
7206.0,False,,,23
7211.0,True,5.40265771635169e-05,1.1368792556119567,28
7252.0,False,,,19
7281.0,False,,,23
7294.0,False,,,25
7306.0,False,,,23
7307.0,False,,,27
7308.0,True,0.00035611661907626396,3.8594430646182762,25
7326.0,False,,,26
7327.0,False,,,25
7329.0,False,,,26
7331.0,True,0.0017568606241612945,2.7014102668219664,25
7336.0,False,,,28
7337.0,False,,,21
7351.0,False,,,22
7364.0,False,,,24
7385.0,False,,,26
7387.0,False,,,25
7424.0,False,,,20
7428.0,False,,,28
7430.0,False,,,24
7446.0,True,0.0011661880980375322,9.849814569423168,29
7468.0,False,,,24
7494.0,False,,,29
7500.0,False,,,24
7509.0,False,,,25
7528.0,False,,,22
7533.0,False,,,23
7541.0,False,,,22
7553.0,False,,,24
7582.0,False,,,34
7586.0,False,,,22
7590.0,False,,,22
7592.0,False,,,24
7599.0,False,,,24
7608.0,True,7.47283497290714e-05,1.639401758703799,26
7626.0,True,0.0010211713260613142,7.254797742746854,25
7635.0,False,,,23
7650.0,True,0.07430326650676986,8.239914073608748,21
7651.0,False,,,31
7675.0,False,,,23
7682.0,False,,,22
7697.0,False,,,26
7708.0,False,,,26
7716.0,False,,,28
7721.0,False,,,24
7724.0,False,,,26
7739.0,True,2.440027782413164e-05,0.8281528430077986,24
7746.0,False,,,26
7753.0,False,,,22
7768.0,False,,,22
7770.0,False,,,24
7779.0,False,,,27
7797.0,False,,,22
7800.0,True,0.007254200171048811,5.498342225584949,22
7825.0,False,,,24
7827.0,True,0.09093335426816446,8.708198340190332,27
7838.0,False,,,21
7853.0,False,,,30
7860.0,False,,,29
7861.0,True,0.00833919940742333,3.3460307164371113,21
7872.0,False,,,25
7874.0,False,,,24
7890.0,False,,,27
7892.0,False,,,26
7910.0,False,,,27
7916.0,False,,,26
7918.0,False,,,22
7922.0,False,,,24
7923.0,False,,,28
7953.0,True,3.552012620458428e-05,0.539712086249047,24
7972.0,False,,,25
7975.0,False,,,21
7982.0,False,,,25
7987.0,False,,,26
7993.0,False,,,27
8000.0,False,,,26
8031.0,False,,,22
8038.0,False,,,21
8066.0,False,,,26
8073.0,False,,,22
8092.0,True,0.001406379036970485,1.5237545819509941,21
8111.0,False,,,28
8119.0,False,,,21
8124.0,True,1.6510295867173622e-05,0.619584339412521,28
8125.0,False,,,24
8126.0,False,,,22
8166.0,False,,,25
8190.0,True,0.0002746693266028174,2.4699808755438384,23
8200.0,False,,,24
8219.0,False,,,24
8224.0,False,,,21
8228.0,False,,,27
8229.0,True,0.00034373049542948025,3.1317240249960476,22
8231.0,False,,,22
8239.0,False,,,30
8242.0,True,1.3610171645868177e-05,0.34296550360185296,23
8255.0,False,,,30
8276.0,True,5.649976996742145e-05,2.3026291629177646,29
8289.0,False,,,21
8293.0,False,,,25
8314.0,False,,,28
8329.0,False,,,29
8330.0,False,,,26
8334.0,True,9.546949680570593e-05,1.4745268929883917,29
8354.0,False,,,26
8356.0,False,,,25
8365.0,False,,,25
8378.0,False,,,24
8401.0,False,,,23
8405.0,False,,,22
8443.0,False,,,23
8449.0,False,,,19
8458.0,False,,,29
8461.0,False,,,24
8463.0,False,,,31
8472.0,False,,,23
8505.0,False,,,24
8518.0,False,,,25
8545.0,False,,,22
8554.0,False,,,20
8572.0,False,,,21
8587.0,False,,,23
8612.0,False,,,26
8620.0,False,,,25
8622.0,False,,,26
8634.0,False,,,28
8666.0,False,,,27
8671.0,False,,,27
8685.0,True,4.7406951169964386e-05,1.057600073702649,25
8693.0,True,9.854114816386605e-05,1.4677405486752468,34
8695.0,False,,,30
8705.0,False,,,23
8721.0,False,,,19
8722.0,True,0.0033363696992032787,1.5656047731105696,21
8772.0,False,,,21
8794.0,False,,,25
8799.0,True,0.0022956437895861295,7.204159718675436,32
8810.0,False,,,22
8811.0,True,2.130400568437872e-05,0.7004554249473304,27
8825.0,True,3.5512955468982126e-05,0.8189088894989482,34
8833.0,False,,,24
8837.0,False,,,27
8855.0,False,,,22
8863.0,False,,,25
8870.0,False,,,19
8882.0,False,,,22
8883.0,True,0.0185089547057634,3.995880723262991,25
8916.0,False,,,26
8926.0,False,,,22
8965.0,False,,,27
8973.0,False,,,22
8981.0,False,,,20
8984.0,False,,,24
8991.0,False,,,33
9005.0,False,,,23
9019.0,False,,,22
9026.0,False,,,29
9033.0,False,,,24
9036.0,True,0.05238541764515486,5.631643278894125,31
9059.0,False,,,25
9065.0,True,8.029099487341848e-05,4.404620335037804,26
9085.0,False,,,27
9090.0,False,,,28
9091.0,False,,,25
9105.0,False,,,25
9106.0,False,,,25
9113.0,False,,,23
9114.0,False,,,27
9116.0,False,,,23
9118.0,False,,,23
9140.0,True,0.04779689593768984,7.160741391775548,22
9171.0,False,,,23
9209.0,False,,,21
9234.0,False,,,22
9236.0,True,0.0014622359612409843,5.186114081652602,24
9239.0,False,,,28
9270.0,False,,,22
9272.0,False,,,27
9278.0,False,,,30
9280.0,False,,,21
9290.0,False,,,30
9293.0,False,,,24
9296.0,False,,,21
9329.0,False,,,28
9346.0,False,,,28
9351.0,False,,,27
9355.0,False,,,22
9367.0,False,,,24
9383.0,True,6.518185136538982e-05,3.6734683520462994,31
9385.0,False,,,29
9386.0,False,,,30
9398.0,False,,,28
9414.0,False,,,25
9415.0,False,,,26
9420.0,True,0.00048146519662411454,8.854101007662278,25
9439.0,False,,,26
9441.0,False,,,24
9452.0,False,,,26
9458.0,True,0.0029543816930050035,1.350074218755208,22
9463.0,False,,,24
9472.0,False,,,20
9495.0,False,,,26
9501.0,False,,,29
9502.0,False,,,22
9550.0,False,,,41
9554.0,True,5.9046223241414805e-05,1.1758954781690714,34
9565.0,False,,,22
9594.0,False,,,27
9601.0,False,,,31
9603.0,True,0.00022372602943171083,2.8662674227648908,23
9629.0,False,,,23
9640.0,False,,,26
9651.0,False,,,26
9657.0,False,,,24
9669.0,False,,,25
9698.0,False,,,25
9703.0,False,,,25
9705.0,True,0.012044209144741929,5.510841348191956,22
9718.0,False,,,32
9722.0,True,0.00023029359906299445,5.98228653271624,24
9728.0,False,,,27
9733.0,False,,,30
9748.0,False,,,29
9756.0,False,,,25
9757.0,False,,,28
9760.0,False,,,23
9769.0,False,,,26
9771.0,False,,,27
9779.0,False,,,28
9789.0,False,,,22
9802.0,False,,,23
9821.0,False,,,28
9855.0,False,,,29
9856.0,False,,,25
9896.0,False,,,29
9907.0,True,0.010491594362582506,2.585799346060249,29
9908.0,True,0.02541383649605473,3.7491070621277327,22
9909.0,False,,,20
9933.0,False,,,24
9935.0,False,,,25
9949.0,False,,,26
9962.0,False,,,23
9964.0,False,,,27
9967.0,False,,,22
9979.0,True,0.0002849919736580618,2.7647796729885146,26
9996.0,False,,,26
