event,layer,n1_distance_mm,passes_0p5
48.0,1304,0.27754137230271103,True
48.0,1304,0.3247867796649116,True
48.0,1302,0.23936586825383824,True
48.0,1302,0.3004422776561049,True
63.0,1304,1.2696914878221432,False
63.0,1304,0.028484255410717703,True
63.0,1302,0.3566998254850915,True
63.0,1302,0.7374227137606958,False
77.0,1304,0.46000907749909,True
77.0,1304,0.36109912882595363,True
77.0,1302,0.4335993243952108,True
77.0,1302,0.7359630807097326,False
89.0,1304,2.5067781519810626,False
89.0,1304,0.4807284751472155,True
89.0,1302,1.0088163539932207,False
89.0,1302,0.4319185840921105,True
109.0,1304,0.6592540850153852,False
109.0,1304,0.1604441011319827,True
109.0,1302,0.6049776867081164,False
109.0,1302,0.027139231982096865,True
132.0,1304,0.15020305611445572,True
132.0,1304,0.39767840474430033,True
132.0,1302,0.8081134227492182,False
132.0,1302,0.7237298968394167,False
135.0,1304,1.2561373475648767,False
135.0,1304,0.37915367628233965,True
135.0,1302,0.4750102622863131,True
135.0,1302,0.41075530857456405,True
155.0,1304,0.22706713982652343,True
155.0,1304,0.20211292162228958,True
155.0,1302,0.340978070112917,True
155.0,1302,0.35795039440998494,True
165.0,1304,0.4495884282212977,True
165.0,1304,0.30797690110512416,True
165.0,1302,0.1803655039486206,True
165.0,1302,0.09101226678016597,True
207.0,1304,0.44090983508900794,True
207.0,1304,1.514949309903173,False
207.0,1302,0.969237611444127,False
207.0,1302,0.13361640341518735,True
214.0,1304,1.3367724525986615,False
214.0,1304,0.08159547028959886,True
214.0,1302,0.6082459924554532,False
214.0,1302,0.5633745426508411,False
224.0,1304,1.5134393911270347,False
224.0,1304,1.0178416617132644,False
224.0,1302,0.6066093090242248,False
224.0,1302,2.267653871431852,False
228.0,1304,0.5203648996029268,False
228.0,1304,0.7737970731597056,False
228.0,1302,0.41048986096198065,True
228.0,1302,0.4924077694696137,True
242.0,1304,0.17362445445941402,True
242.0,1304,1.1181667985318227,False
242.0,1302,0.28181406505658313,True
242.0,1302,0.30632204426758275,True
275.0,1304,0.007663583482602725,True
275.0,1304,0.29947156901242,True
275.0,1302,0.8913069845196272,False
275.0,1302,0.4490556353496355,True
376.0,1304,0.6907879966782279,False
376.0,1304,0.4845658102712688,True
376.0,1302,0.4722294751729881,True
376.0,1302,0.3009706795627487,True
394.0,1304,0.793710803945177,False
394.0,1304,0.8445402891905109,False
394.0,1302,1.7950924768542473,False
394.0,1302,0.8963090648351401,False
405.0,1304,0.23939817050557777,True
405.0,1304,0.5482499943827084,False
405.0,1302,0.13317651896496108,True
405.0,1302,0.022481357165178784,True
425.0,1304,0.17150360206785736,True
425.0,1304,0.07324893389764985,True
425.0,1302,0.07424724488928248,True
425.0,1302,0.4442672887147764,True
470.0,1304,0.7059815361187942,False
470.0,1304,0.2893405738573108,True
470.0,1302,0.38683576537786196,True
470.0,1302,0.569189746407369,False
524.0,1304,1.078453190034345,False
524.0,1304,1.229628334983293,False
524.0,1302,0.10033538136949378,True
524.0,1302,0.00318348251717395,True
599.0,1304,0.5883327647505581,False
599.0,1304,0.7380426502816193,False
599.0,1302,0.04740500544264219,True
599.0,1302,0.2127258809845572,True
605.0,1304,0.17261031564248253,True
605.0,1304,0.26304141406365594,True
605.0,1302,0.5460884933156972,False
605.0,1302,0.5097869618022086,False
631.0,1304,0.718188646378972,False
631.0,1304,0.1151142996240534,True
631.0,1302,0.3643031767056261,True
631.0,1302,0.2746448953304671,True
657.0,1304,0.10587517067180494,True
657.0,1304,0.6351681240201472,False
657.0,1302,0.07212873867902103,True
657.0,1302,0.5396827139262637,False
658.0,1304,0.08806997200933256,True
658.0,1304,0.5529140851455623,False
658.0,1302,0.46039025144395035,True
658.0,1302,1.3384580644377946,False
665.0,1304,0.39467356425995204,True
665.0,1304,1.432534685175618,False
665.0,1302,0.6710756929915749,False
665.0,1302,0.1405964467043335,True
679.0,1304,0.6221107265613176,False
679.0,1304,1.4045976649899783,False
679.0,1302,0.9186261187650321,False
679.0,1302,2.891145502155825,False
726.0,1304,0.8647871424670093,False
726.0,1304,0.41705454683074544,True
726.0,1302,0.08611936120713798,True
726.0,1302,0.601637582281,False
733.0,1304,0.5689603628431056,False
733.0,1304,0.07046493234761222,True
733.0,1302,0.017378652131382344,True
733.0,1302,0.5428204285702154,False
747.0,1304,0.12145038034052848,True
747.0,1304,0.8556618700787268,False
747.0,1302,0.07478198643002,True
747.0,1302,1.6217815594350742,False
774.0,1304,0.3783682709784743,True
774.0,1304,0.2332864231686466,True
774.0,1302,0.12419001563629084,True
774.0,1302,0.6120374041925759,False
830.0,1304,0.8838078275068662,False
830.0,1304,0.6184051343554627,False
830.0,1302,1.0176008984786713,False
830.0,1302,0.8968168474037079,False
873.0,1304,0.8920428609478054,False
873.0,1304,1.0513795712153011,False
873.0,1302,0.83444348179071,False
873.0,1302,0.04276242207790197,True
925.0,1304,0.6128049906963018,False
925.0,1304,1.535788544016975,False
925.0,1302,1.3104830225909552,False
925.0,1302,0.3291810649554781,True
934.0,1304,0.394811538323044,True
934.0,1304,0.10607146959568792,True
934.0,1302,0.38459122328498013,True
934.0,1302,0.5505005403977181,False
987.0,1304,0.20656214096480163,True
987.0,1304,0.04114787866241672,True
987.0,1302,0.08245991056381222,True
987.0,1302,0.3266821795509065,True
990.0,1304,1.6153278670172286,False
990.0,1304,1.3785894735805888,False
990.0,1302,0.6565244682295311,False
990.0,1302,1.5353583059327864,False
1008.0,1304,0.16480098251821873,True
1008.0,1304,0.38520945236934323,True
1008.0,1302,0.07775415822451909,True
1008.0,1302,0.31932085299024393,True
1013.0,1304,0.019692340076099518,True
1013.0,1304,0.5601222503695003,False
1013.0,1302,0.5433936876528607,False
1013.0,1302,0.3272186580032919,True
1061.0,1304,0.9061478739598,False
1061.0,1304,0.5305936995846796,False
1061.0,1302,0.5751704839078768,False
1061.0,1302,0.1911147522340002,True
1068.0,1304,0.32248843817812,True
1068.0,1304,0.6522756482888957,False
1068.0,1302,0.474891339518761,True
1068.0,1302,0.046839832603394374,True
1070.0,1304,1.2945859251976688,False
1070.0,1304,0.8630260561936951,False
1070.0,1302,0.6810713270824762,False
1070.0,1302,0.7847873093128406,False
1079.0,1304,0.19384480086099493,True
1079.0,1304,0.5083330742388417,False
1079.0,1302,0.2943947131781028,True
1079.0,1302,0.17326966552316908,True
1091.0,1304,0.6345078470730848,False
1091.0,1304,1.2355839334714096,False
1091.0,1302,0.011979917185084859,True
1091.0,1302,2.0120558255318906,False
1157.0,1304,0.4464363849607595,True
1157.0,1304,0.22888785380187363,True
1157.0,1302,0.29250745146768975,True
1157.0,1302,0.6293740818768492,False
1164.0,1304,0.5168779851976704,False
1164.0,1304,1.5582200660424657,False
1164.0,1302,0.8035784589306076,False
1164.0,1302,0.4827159904484707,True
1181.0,1304,0.3529024604936771,True
1181.0,1304,1.0982393009896037,False
1181.0,1302,0.08421805008331651,True
1181.0,1302,1.4448334204428703,False
1189.0,1304,0.3585530312833723,True
1189.0,1304,0.577334716661648,False
1189.0,1302,0.0525408024346998,True
1189.0,1302,0.574487937063361,False
1194.0,1304,0.044135425729479864,True
1194.0,1304,1.8285766134499717,False
1194.0,1302,0.8880861684549625,False
1194.0,1302,0.39702907599655735,True
1224.0,1304,0.5052326219728839,False
1224.0,1304,0.3649545589769472,True
1224.0,1302,0.148914064531725,True
1224.0,1302,0.3104431986409446,True
1259.0,1304,0.9410935706428255,False
1259.0,1304,0.1932826843722265,True
1259.0,1302,0.42003931716202586,True
1259.0,1302,0.04690553667840354,True
1278.0,1304,0.5996062458198195,False
1278.0,1304,0.17965385538120576,True
1278.0,1302,0.23145637943322306,True
1278.0,1302,1.168746664200022,False
1281.0,1304,0.29271221357573385,True
1281.0,1304,0.27037682172009314,True
1281.0,1302,0.5023608330890338,False
1281.0,1302,0.01248794094713103,True
1287.0,1304,2.3216210146813583,False
1287.0,1304,2.0999890292256875,False
1287.0,1302,1.3109177819751143,False
1287.0,1302,0.7609226260722003,False
1300.0,1304,0.8306081052906322,False
1300.0,1304,0.7063291866836389,False
1300.0,1302,0.6334025024851764,False
1300.0,1302,0.3583213564412366,True
1322.0,1304,0.4527023590435408,True
1322.0,1304,0.6396097521955536,False
1322.0,1302,0.2990781553012514,True
1322.0,1302,0.4728289931248109,True
1344.0,1304,0.720782017140512,False
1344.0,1304,0.3255175152872067,True
1344.0,1302,0.09413786796136354,True
1344.0,1302,0.34691033291061607,True
1365.0,1304,0.7182098066876181,False
1365.0,1304,0.8686567201057624,False
1365.0,1302,0.4131210558782138,True
1365.0,1302,0.6491108682872226,False
1380.0,1304,0.7482895704003044,False
1380.0,1304,0.33079482319244036,True
1380.0,1302,0.308722040877598,True
1380.0,1302,0.8885667118129983,False
1438.0,1304,0.7416746167401314,False
1438.0,1304,0.36335419393999474,True
1438.0,1302,2.2505074239205896,False
1438.0,1302,0.11806923601803741,True
1456.0,1304,0.8768189651993261,False
1456.0,1304,0.9987826443784602,False
1456.0,1302,0.139542881495242,True
1456.0,1302,2.276595404118982,False
1473.0,1304,0.6328469810420105,False
1473.0,1304,1.5241485564344932,False
1473.0,1302,0.7586223805246006,False
1473.0,1302,1.4770189893323002,False
1507.0,1304,0.662922019847533,False
1507.0,1304,1.0976296059027904,False
1507.0,1302,0.8479026165607936,False
1507.0,1302,0.3598515084432691,True
1518.0,1304,1.4653442233762455,False
1518.0,1304,1.0390087888919917,False
1518.0,1302,1.0779770759182976,False
1518.0,1302,1.1584046839528757,False
1525.0,1304,1.0719943279357804,False
1525.0,1304,0.5628968885062472,False
1525.0,1302,0.1320937560510835,True
1525.0,1302,0.08153065913914151,True
1603.0,1304,0.5696746611850954,False
1603.0,1304,1.4865554339979667,False
1603.0,1302,0.38428491346148747,True
1603.0,1302,1.499100814271837,False
1610.0,1304,0.4434178042697994,True
1610.0,1304,0.08505724844872603,True
1610.0,1302,0.18131244158454177,True
1610.0,1302,0.3770665017490213,True
1676.0,1304,0.3030136493923231,True
1676.0,1304,0.3659693146517087,True
1676.0,1302,0.041692289918739876,True
1676.0,1302,0.13836444540350712,True
1703.0,1304,0.2092097428838496,True
1703.0,1304,0.07788392592096649,True
1703.0,1302,1.0478228762922506,False
1703.0,1302,0.9746679198372031,False
1712.0,1304,0.3156612750300617,True
1712.0,1304,1.2443557235598748,False
1712.0,1302,1.4893616217443797,False
1712.0,1302,1.4472992347502471,False
1735.0,1304,0.20091348663171693,True
1735.0,1304,1.6406230299378577,False
1735.0,1302,0.3576515255427383,True
1735.0,1302,0.028386393118347078,True
1749.0,1304,1.3992583650752575,False
1749.0,1304,0.4545996748317608,True
1749.0,1302,1.132898855271159,False
1749.0,1302,0.5535688184260851,False
1771.0,1304,0.9079654575003637,False
1771.0,1304,0.6480663937535426,False
1771.0,1302,1.2154551415998818,False
1771.0,1302,1.5514908661816829,False
1785.0,1304,0.5131001491478158,False
1785.0,1304,1.1186969586278903,False
1785.0,1302,0.1680600923744539,True
1785.0,1302,0.7364866584195096,False
1786.0,1304,0.001335814707130813,True
1786.0,1304,0.47249111755893564,True
1786.0,1302,1.0291793533314335,False
1786.0,1302,0.31342486964846716,True
1802.0,1304,0.6574001619958826,False
1802.0,1304,0.8093033972914694,False
1802.0,1302,0.0020048942535757413,True
1802.0,1302,0.4236759005123921,True
1900.0,1304,0.656834989749664,False
1900.0,1304,1.4733010806813402,False
1900.0,1302,0.41243474348450565,True
1900.0,1302,0.9457988311967501,False
1902.0,1304,0.8939594882777259,False
1902.0,1304,1.2291304360927304,False
1902.0,1302,0.24222232582514017,True
1902.0,1302,0.1818497877772736,True
1909.0,1304,1.3299951990914654,False
1909.0,1304,0.07989863564358114,True
1909.0,1302,1.2327389077868998,False
1909.0,1302,0.8448533186331841,False
1920.0,1304,0.7130593883437499,False
1920.0,1304,1.1118259840658786,False
1920.0,1302,1.8730006563622912,False
1920.0,1302,0.4595141565812233,True
1925.0,1304,0.14947409907882309,True
1925.0,1304,0.06756264662364778,True
1925.0,1302,0.7305942949379227,False
1925.0,1302,1.139281709858187,False
1927.0,1304,1.063400619513146,False
1927.0,1304,0.3688583493478332,True
1927.0,1302,0.3936298721080604,True
1927.0,1302,0.48555610327318344,True
1968.0,1304,0.3900773248103743,True
1968.0,1304,0.7863859823702627,False
1968.0,1302,0.7369723328872995,False
1968.0,1302,0.8400473734298076,False
1974.0,1304,0.5043188072276732,False
1974.0,1304,0.7574077785384359,False
1974.0,1302,0.025524983765911058,True
1974.0,1302,0.250041053205599,True
1983.0,1304,0.96501742823843,False
1983.0,1304,1.076587025509945,False
1983.0,1302,1.1265028637279937,False
1983.0,1302,0.7107759425347665,False
2045.0,1304,0.21668775209123953,True
2045.0,1304,0.7382943439504507,False
2045.0,1302,0.40905829430290114,True
2045.0,1302,0.3525659735375536,True
2129.0,1304,0.653112537368865,False
2129.0,1304,0.7254598884389156,False
2129.0,1302,0.8200810104031577,False
2129.0,1302,0.8262259002808295,False
2139.0,1304,0.9246800316820499,False
2139.0,1304,0.34626569970174786,True
2139.0,1302,0.032680141270471516,True
2139.0,1302,0.30208836088669827,True
2145.0,1304,0.29509101029600326,True
2145.0,1304,0.44638315510867743,True
2145.0,1302,2.8920393036097067,False
2145.0,1302,0.022457060302713758,True
2168.0,1304,0.29767283180370735,True
2168.0,1304,0.33417434826548276,True
2168.0,1302,0.12888669932688074,True
2168.0,1302,0.7791272113509586,False
2213.0,1304,0.9774973178085059,False
2213.0,1304,0.9146161158044067,False
2213.0,1302,0.10866137478565947,True
2213.0,1302,0.13242578383085107,True
2231.0,1304,2.9780902129330533,False
2231.0,1304,0.4555400037196813,True
2231.0,1302,2.454413118306177,False
2231.0,1302,0.05549280570626496,True
2265.0,1304,0.7348226146050696,False
2265.0,1304,0.39809893224753445,True
2265.0,1302,0.7270876706271499,False
2265.0,1302,1.2682865911830816,False
2271.0,1304,0.6881093167084874,False
2271.0,1304,0.35100708916833456,True
2271.0,1302,0.2611768585046874,True
2271.0,1302,0.9914962495786025,False
2274.0,1304,0.9405921348568541,False
2274.0,1304,0.5921305049316966,False
2274.0,1302,0.02139283004211043,True
2274.0,1302,0.40188247597680876,True
2302.0,1304,1.1622772255185814,False
2302.0,1304,0.1077315060091926,True
2302.0,1302,0.5649955870549124,False
2302.0,1302,0.9349872851597878,False
2326.0,1304,0.0670900467924398,True
2326.0,1304,0.2064033871782612,True
2326.0,1302,0.6609817666249311,False
2326.0,1302,0.08586307248726209,True
2330.0,1304,0.4202330599724458,True
2330.0,1304,0.6089698314552772,False
2330.0,1302,0.3049270408211275,True
2330.0,1302,0.5787188467056525,False
2363.0,1304,0.30604292000811745,True
2363.0,1304,0.011836092240567789,True
2363.0,1302,0.18347410943743345,True
2363.0,1302,0.1680744851536252,True
2368.0,1304,0.6489573530468282,False
2368.0,1304,1.1499083472367932,False
2368.0,1302,0.07539460845456174,True
2368.0,1302,0.4103369194004005,True
2381.0,1304,0.3071690786848292,True
2381.0,1304,1.1097724440791115,False
2381.0,1302,0.4460771157655896,True
2381.0,1302,0.2112289036054864,True
2397.0,1304,0.28643871264857573,True
2397.0,1304,1.09216989883134,False
2397.0,1302,0.6172211086470267,False
2397.0,1302,1.1848068866849495,False
2404.0,1304,0.044985324405626394,True
2404.0,1304,0.2402715312688358,True
2404.0,1302,0.05756223336354293,True
2404.0,1302,0.5020950537672572,False
2409.0,1304,0.8569177015700292,False
2409.0,1304,0.25707244377309013,True
2409.0,1302,0.28992923783195307,True
2409.0,1302,1.363429383340926,False
2422.0,1304,1.1633023654576837,False
2422.0,1304,0.9243363234006033,False
2422.0,1302,0.6672939877560153,False
2422.0,1302,0.6756370758052586,False
2450.0,1304,0.27886442096650527,True
2450.0,1304,0.5364792329688408,False
2450.0,1302,0.011541886343998753,True
2450.0,1302,0.2779118366013039,True
2482.0,1304,0.3213608455499657,True
2482.0,1304,0.3752620602694697,True
2482.0,1302,0.7022731979479673,False
2482.0,1302,0.3186113369109622,True
2483.0,1304,0.2842928932514034,True
2483.0,1304,1.4131757654058106,False
2483.0,1302,1.058921321698538,False
2483.0,1302,0.7966456407482472,False
2487.0,1304,1.4064790663897169,False
2487.0,1304,0.9631237778488108,False
2487.0,1302,0.1856998015325021,True
2487.0,1302,0.21697249910253139,True
2505.0,1304,0.11569094056699634,True
2505.0,1304,0.1694955172415527,True
2505.0,1302,0.8147847052815486,False
2505.0,1302,0.5898698332601542,False
2516.0,1304,0.4903575526923014,True
2516.0,1304,0.0625057889514845,True
2516.0,1302,0.4301929898713346,True
2516.0,1302,0.7242378377715935,False
2530.0,1304,1.9723973287704264,False
2530.0,1304,1.6443610189039084,False
2530.0,1302,0.7591557955460079,False
2530.0,1302,0.6992078179885186,False
2567.0,1304,1.2395795732850219,False
2567.0,1304,0.2289863264407994,True
2567.0,1302,0.3893018767426954,True
2567.0,1302,2.0033175726001495,False
2586.0,1304,0.13129968060741887,True
2586.0,1304,1.5794883243263047,False
2586.0,1302,0.027813991632473122,True
2586.0,1302,1.5613215459090595,False
2602.0,1304,0.9935926290565699,False
2602.0,1304,0.9017766639101005,False
2602.0,1302,0.00843397076125548,True
2602.0,1302,0.7184635427453461,False
2640.0,1304,0.7415239223105577,False
2640.0,1304,1.2491475826004288,False
2640.0,1302,0.9427328180772551,False
2640.0,1302,1.1945020992961217,False
2643.0,1304,0.4294486763933,True
2643.0,1304,0.4102416326769845,True
2643.0,1302,0.32277768932052625,True
2643.0,1302,0.8447805483172631,False
2644.0,1304,0.06663506014275147,True
2644.0,1304,0.34349301371655644,True
2644.0,1302,0.5432398279741147,False
2644.0,1302,0.38942199680480366,True
2655.0,1304,0.19617282675942516,True
2655.0,1304,1.2532343496506695,False
2655.0,1302,0.18235588283424642,True
2655.0,1302,0.5877386964582206,False
2684.0,1304,0.5282510984580225,False
2684.0,1304,0.2394011410714246,True
2684.0,1302,0.16604807634640723,True
2684.0,1302,0.21337437031312628,True
2687.0,1304,0.3492253619235379,True
2687.0,1304,0.29176529793632966,True
2687.0,1302,0.3255795359057476,True
2687.0,1302,0.5907633152063387,False
2709.0,1304,0.4431401781623519,True
2709.0,1304,0.10842272236272217,True
2709.0,1302,0.31362217819242616,True
2709.0,1302,1.5328719810677018,False
2717.0,1304,2.1025006284568564,False
2717.0,1304,1.8098166571180068,False
2717.0,1302,0.749304916573483,False
2717.0,1302,0.7734563644814573,False
2720.0,1304,0.29314125913547084,True
2720.0,1304,0.39286216346564157,True
2720.0,1302,0.15541430087183236,True
2720.0,1302,0.7587033001820013,False
2743.0,1304,0.08767718181653443,True
2743.0,1304,2.1550534803259476,False
2743.0,1302,1.2390869291985942,False
2743.0,1302,0.32280344868019695,True
2752.0,1304,0.10391651922263921,True
2752.0,1304,0.6673506801095872,False
2752.0,1302,0.1561770900364403,True
2752.0,1302,1.5126080023694484,False
2755.0,1304,0.12409399223758386,True
2755.0,1304,0.3088765795974843,True
2755.0,1302,1.2110893735655477,False
2755.0,1302,0.3743486911328792,True
2772.0,1304,1.8185519948816546,False
2772.0,1304,0.639964428146472,False
2772.0,1302,0.8304087789176111,False
2772.0,1302,1.1065031176625275,False
2777.0,1304,0.02872563322410678,True
2777.0,1304,0.3352188512516041,True
2777.0,1302,0.32758307787895324,True
2777.0,1302,0.17748729893484766,True
2779.0,1304,0.3285515425315193,True
2779.0,1304,1.4121975910997873,False
2779.0,1302,1.554365491290355,False
2779.0,1302,1.2422252846817845,False
2806.0,1304,0.206025007402024,True
2806.0,1304,0.19983575247443267,True
2806.0,1302,0.16691620863408912,True
2806.0,1302,0.8625924874332028,False
2818.0,1304,0.2137498875045065,True
2818.0,1304,0.8383502571308894,False
2818.0,1302,0.9103674619744861,False
2818.0,1302,0.10252190746282917,True
2819.0,1304,1.0918907955238786,False
2819.0,1304,0.8449839398403367,False
2819.0,1302,1.1011290874354427,False
2819.0,1302,0.28020671114707213,True
2825.0,1304,1.2620479597492689,False
2825.0,1304,0.009333447701777796,True
2825.0,1302,1.081228094380919,False
2825.0,1302,0.14454737518982802,True
2915.0,1304,1.0806848630921002,False
2915.0,1304,0.4434848140916573,True
2915.0,1302,0.14220999663334002,True
2915.0,1302,0.3489418426439044,True
2944.0,1304,0.08646310890987116,True
2944.0,1304,0.801005256999632,False
2944.0,1302,0.36902168622660864,True
2944.0,1302,0.5391606326278059,False
2994.0,1304,0.15863739528898746,True
2994.0,1304,0.6662414290314683,False
2994.0,1302,0.8427314239722755,False
2994.0,1302,0.4142955904496836,True
3015.0,1304,0.6889720389719044,False
3015.0,1304,1.2766125984875873,False
3015.0,1302,0.5235710447624815,False
3015.0,1302,0.16247885169482507,True
3016.0,1304,0.593470481271115,False
3016.0,1304,0.5717647591824886,False
3016.0,1302,0.43804742218990744,True
3016.0,1302,0.849169714982316,False
3025.0,1304,0.11446215219204146,True
3025.0,1304,0.1430406134271932,True
3025.0,1302,0.32288600305058496,True
3025.0,1302,0.2165153068142853,True
3057.0,1304,0.5916788042643218,False
3057.0,1304,0.23696009723930814,True
3057.0,1302,0.21983231774897252,True
3057.0,1302,0.2831227185569709,True
3060.0,1304,0.34546959262338545,True
3060.0,1304,0.3625018722502454,True
3060.0,1302,0.17182396736753253,True
3060.0,1302,0.33331762975798507,True
3096.0,1304,0.6659409384254842,False
3096.0,1304,0.33934052587201247,True
3096.0,1302,0.3054877155186256,True
3096.0,1302,0.9414756809569358,False
3145.0,1304,1.5090806204105418,False
3145.0,1304,0.3935448795508638,True
3145.0,1302,3.1355135310947553,False
3145.0,1302,1.9733805067383348,False
3159.0,1304,0.7836379036254494,False
3159.0,1304,0.6897206713025604,False
3159.0,1302,0.27830241462417993,True
3159.0,1302,0.8503466824118235,False
3183.0,1304,0.15328764024510966,True
3183.0,1304,0.6997267059018225,False
3183.0,1302,0.010448361642017722,True
3183.0,1302,0.07064113779136326,True
3203.0,1304,0.14057069324007124,True
3203.0,1304,0.5116444439021688,False
3203.0,1302,0.43447987911209923,True
3203.0,1302,1.081779008167041,False
3216.0,1304,0.9269496008617946,False
3216.0,1304,0.11987667309973558,True
3216.0,1302,0.3441057143598376,True
3216.0,1302,0.7500988056797055,False
3245.0,1304,0.16383446052384526,True
3245.0,1304,1.5558101976120053,False
3245.0,1302,0.3752047620538451,True
3245.0,1302,1.9713574505053957,False
3260.0,1304,1.223429861490884,False
3260.0,1304,1.0070536789127351,False
3260.0,1302,0.42361793596084885,True
3260.0,1302,0.5477255885152811,False
3284.0,1304,1.6983100175661778,False
3284.0,1304,0.13225260524548313,True
3284.0,1302,0.751580815490972,False
3284.0,1302,0.18608056101013024,True
3328.0,1304,0.4256677676852034,True
3328.0,1304,0.7723330034816172,False
3328.0,1302,0.9031590193339711,False
3328.0,1302,1.8996852583209622,False
3338.0,1304,0.1769776946252705,True
3338.0,1304,0.299465334850131,True
3338.0,1302,0.018029072244803546,True
3338.0,1302,0.016181288454375463,True
3345.0,1304,0.3332888777776059,True
3345.0,1304,0.6069138953507444,False
3345.0,1302,0.2204716041569129,True
3345.0,1302,0.09855804415845497,True
3348.0,1304,2.3590039256410513,False
3348.0,1304,1.5352157700760343,False
3348.0,1302,0.679114227605983,False
3348.0,1302,0.7672942349718156,False
3361.0,1304,0.027837990231910848,True
3361.0,1304,0.14460128453135224,True
3361.0,1302,0.02168081783427034,True
3361.0,1302,0.4354333541116859,True
3382.0,1304,0.18662360147345988,True
3382.0,1304,0.8420165407645992,False
3382.0,1302,0.9566579960011488,False
3382.0,1302,0.7819742681992143,False
3383.0,1304,0.7757565999005555,False
3383.0,1304,1.0501060702427827,False
3383.0,1302,0.4597242624611945,True
3383.0,1302,0.2764762944501125,True
3403.0,1304,0.046372417070794016,True
3403.0,1304,0.4920870870352173,True
3403.0,1302,0.7346022436822399,False
3403.0,1302,0.3520933567728437,True
3442.0,1304,0.09856374008729356,True
3442.0,1304,0.42474635680992845,True
3442.0,1302,0.03173812569861261,True
3442.0,1302,0.0005197377272709502,True
3454.0,1304,0.5866735794371671,False
3454.0,1304,1.4410576687485817,False
3454.0,1302,0.12329185810737799,True
3454.0,1302,0.037276229415553634,True
3471.0,1304,0.7593826161649857,False
3471.0,1304,0.3165658602156209,True
3471.0,1302,0.2900465671970346,True
3471.0,1302,0.33351606942567447,True
3485.0,1304,0.4530782082346189,True
3485.0,1304,0.026934024771184024,True
3485.0,1302,0.03117794876895796,True
3485.0,1302,0.25691021016612436,True
3488.0,1304,0.4834783815508861,True
3488.0,1304,0.16323997403280985,True
3488.0,1302,0.08443925824786326,True
3488.0,1302,0.8256224314390884,False
3500.0,1304,1.0158364574989989,False
3500.0,1304,0.9379805005915469,False
3500.0,1302,0.6303989110085878,False
3500.0,1302,0.8692800813761459,False
3517.0,1304,0.5489277481890816,False
3517.0,1304,0.7001858546036475,False
3517.0,1302,1.0974358213510158,False
3517.0,1302,0.03152633689437614,True
3532.0,1304,0.0020067470484519106,True
3532.0,1304,0.4215855614927233,True
3532.0,1302,0.9060113728548063,False
3532.0,1302,0.6052543707616148,False
3536.0,1304,1.4699604783966567,False
3536.0,1304,0.6982322490820084,False
3536.0,1302,0.16700908915917193,True
3536.0,1302,0.09195461149272924,True
3543.0,1304,0.3796128355849119,True
3543.0,1304,0.4302030184126122,True
3543.0,1302,0.453421501457885,True
3543.0,1302,0.44475572077024855,True
3548.0,1304,2.2802549777698347,False
3548.0,1304,0.7991230465803782,False
3548.0,1302,0.5721040770882893,False
3548.0,1302,0.4985624157155958,True
3562.0,1304,0.642749513182556,False
3562.0,1304,0.47148343981384183,True
3562.0,1302,0.29405529381097983,True
3562.0,1302,0.8535066546216382,False
3578.0,1304,0.08545009616784094,True
3578.0,1304,0.3877082568755567,True
3578.0,1302,0.25752486199485874,True
3578.0,1302,0.20776616073265292,True
3585.0,1304,0.7862656220950323,False
3585.0,1304,0.14557331813385319,True
3585.0,1302,0.9107612791354089,False
3585.0,1302,0.037661927603045806,True
3587.0,1304,0.030889873417618067,True
3587.0,1304,0.3736894203449071,True
3587.0,1302,0.656023018756417,False
3587.0,1302,0.5483052950512306,False
3607.0,1304,0.7484517968357045,False
3607.0,1304,0.19989092634293693,True
3607.0,1302,0.2236781904374724,True
3607.0,1302,0.09949555305087525,True
3683.0,1304,0.29135969638176396,True
3683.0,1304,0.15749962512630925,True
3683.0,1302,0.3063918965760474,True
3683.0,1302,0.2627212213412104,True
3724.0,1304,0.40132140736990823,True
3724.0,1304,0.793618738382827,False
3724.0,1302,0.6958907459118034,False
3724.0,1302,0.2561875458251221,True
3726.0,1304,0.713230332727279,False
3726.0,1304,0.29441764100922313,True
3726.0,1302,1.131471775476263,False
3726.0,1302,0.7297704713250484,False
3741.0,1304,1.080490426728082,False
3741.0,1304,1.3631720318461618,False
3741.0,1302,0.13962540734280057,True
3741.0,1302,1.4290841794832894,False
3773.0,1304,0.44584073438701677,True
3773.0,1304,0.10185239707555177,True
3773.0,1302,0.05712371195991645,True
3773.0,1302,0.29340627731877345,True
3781.0,1304,0.9334545725442136,False
3781.0,1304,0.011779781394786599,True
3781.0,1302,0.49483203942969844,True
3781.0,1302,0.006366474307780875,True
3795.0,1304,3.9172647094935362,False
3795.0,1304,1.3574542655958548,False
3795.0,1302,1.1574873255188958,False
3795.0,1302,0.8846698797879369,False
3797.0,1304,1.295504435049951,False
3797.0,1304,1.4190371994317892,False
3797.0,1302,0.17075758525854523,True
3797.0,1302,0.17071130905646076,True
3827.0,1304,0.10319305468468264,True
3827.0,1304,0.26477735465926455,True
3827.0,1302,0.2658334891190135,True
3827.0,1302,0.41673562599602043,True
3828.0,1304,0.5127489018881594,False
3828.0,1304,0.5043676223822702,False
3828.0,1302,0.3474532993443574,True
3828.0,1302,0.8022581523936638,False
3832.0,1304,0.2974004766524118,True
3832.0,1304,0.12285727153404484,True
3832.0,1302,0.01790178050219408,True
3832.0,1302,0.9106055495013818,False
3851.0,1304,0.7302569940224781,False
3851.0,1304,0.022606732946952444,True
3851.0,1302,0.9356895822009053,False
3851.0,1302,0.30984475067904504,True
3865.0,1304,0.25950382271567907,True
3865.0,1304,0.7013496938615522,False
3865.0,1302,0.26221795816996424,True
3865.0,1302,1.0254447172883034,False
3869.0,1304,0.5622211061061682,False
3869.0,1304,0.4610907366067049,True
3869.0,1302,0.03403827108519287,True
3869.0,1302,0.45644476654704735,True
3926.0,1304,0.67610903146243,False
3926.0,1304,0.12722242200135478,True
3926.0,1302,0.972677918536716,False
3926.0,1302,0.32399162198901243,True
3936.0,1304,0.3755255202454764,True
3936.0,1304,0.23113586251359572,True
3936.0,1302,0.30651161902709445,True
3936.0,1302,0.5671234918595252,False
3940.0,1304,1.6452777033533847,False
3940.0,1304,0.8635252608074356,False
3940.0,1302,0.7576632173349284,False
3940.0,1302,1.053518566907735,False
3942.0,1304,0.46975884406902557,True
3942.0,1304,0.07762319822823584,True
3942.0,1302,0.21845556816702752,True
3942.0,1302,0.4657589835936735,True
3957.0,1304,1.0541406218055749,False
3957.0,1304,1.4858765834883771,False
3957.0,1302,0.4538998451553562,True
3957.0,1302,0.20320861433593182,True
3967.0,1304,1.4061727501004806,False
3967.0,1304,2.924105545415443,False
3967.0,1302,0.7035812631446965,False
3967.0,1302,0.7188317535818123,False
3986.0,1304,1.4267834680761238,False
3986.0,1304,0.39247603190102665,True
3986.0,1302,0.920403310725944,False
3986.0,1302,0.3638231467895647,True
3988.0,1304,0.5284599788222006,False
3988.0,1304,0.21190144513675802,True
3988.0,1302,0.6045811266608562,False
3988.0,1302,0.19568083901090438,True
4018.0,1304,0.7418706932352204,False
4018.0,1304,0.1272422656078608,True
4018.0,1302,0.3585209680500706,True
4018.0,1302,0.6505594389918217,False
4050.0,1304,0.22314098241152244,True
4050.0,1304,0.7431255659373124,False
4050.0,1302,0.5146083324164719,False
4050.0,1302,0.510859710001377,False
4080.0,1304,0.026644228428799478,True
4080.0,1304,1.2795661319753737,False
4080.0,1302,0.9751063990993506,False
4080.0,1302,0.4903530840616149,True
4112.0,1304,3.1526971923730223,False
4112.0,1304,0.7714248483108307,False
4112.0,1302,0.43683460935521123,True
4112.0,1302,0.4168106950829648,True
4115.0,1304,1.0269952958767143,False
4115.0,1304,0.7916193119211019,False
4115.0,1302,0.23817200482176135,True
4115.0,1302,2.38473122071773,False
4121.0,1304,1.1108119502764517,False
4121.0,1304,0.20063078167252313,True
4121.0,1302,0.3724984057936105,True
4121.0,1302,0.09295469920395714,True
4135.0,1304,0.20916568386367576,True
4135.0,1304,0.19212037208889915,True
4135.0,1302,0.8311145480377564,False
4135.0,1302,0.3666211052925144,True
4170.0,1304,0.5017461614588451,False
4170.0,1304,0.7238768431689201,False
4170.0,1302,0.38638099139115584,True
4170.0,1302,0.5817501385005817,False
4181.0,1304,0.2934920042580878,True
4181.0,1304,0.2999486271392564,True
4181.0,1302,0.011252858862170912,True
4181.0,1302,0.10224123149702605,True
4184.0,1304,0.4601782050009429,True
4184.0,1304,0.43328939260292876,True
4184.0,1302,0.5551503960716523,False
4184.0,1302,0.2272511810543697,True
4201.0,1304,0.021976571482631185,True
4201.0,1304,0.23359697476606617,True
4201.0,1302,0.7960993478500091,False
4201.0,1302,0.11219244184233193,True
4207.0,1304,0.7398207032345688,False
4207.0,1304,1.5324625316877105,False
4207.0,1302,0.9196524242873767,False
4207.0,1302,0.5967729543891825,False
4224.0,1304,1.0256528073718099,False
4224.0,1304,1.9252635424715943,False
4224.0,1302,0.5461254614850091,False
4224.0,1302,2.036955969832118,False
4244.0,1304,0.024140118200508254,True
4244.0,1304,1.2972230244312868,False
4244.0,1302,0.8821833753350924,False
4244.0,1302,0.8862796817747212,False
4262.0,1304,0.6431128758882647,False
4262.0,1304,0.2968539341604618,True
4262.0,1302,0.3414468625527789,True
4262.0,1302,0.3083453540650895,True
4279.0,1304,0.010358869008518122,True
4279.0,1304,1.2825068441775174,False
4279.0,1302,0.4210566252025124,True
4279.0,1302,0.3030408990000207,True
4309.0,1304,0.4219309571762786,True
4309.0,1304,0.44604201247735453,True
4309.0,1302,1.7276310435529054,False
4309.0,1302,0.25401483357804894,True
4337.0,1304,1.8716188647644267,False
4337.0,1304,0.16193283170479522,True
4337.0,1302,0.39265576347566866,True
4337.0,1302,0.1313521748462767,True
4369.0,1304,1.00825676510014,False
4369.0,1304,1.1346217651436739,False
4369.0,1302,1.5171854467165091,False
4369.0,1302,0.23412424954125466,True
4401.0,1304,2.721586353086216,False
4401.0,1304,0.08709066588583228,True
4401.0,1302,0.8068454821544794,False
4401.0,1302,0.10626621416477708,True
4402.0,1304,0.5066796009518604,False
4402.0,1304,0.11173773172607973,True
4402.0,1302,0.6568049867012847,False
4402.0,1302,0.7496973196744008,False
4429.0,1304,0.2454172778758133,True
4429.0,1304,0.1944576188320394,True
4429.0,1302,0.8524023759615917,False
4429.0,1302,0.410773106408481,True
4454.0,1304,0.17761937386395096,True
4454.0,1304,1.065977620951869,False
4454.0,1302,1.202082003206821,False
4454.0,1302,0.7819530185868321,False
4458.0,1304,0.4021185608828644,True
4458.0,1304,1.9413969244155964,False
4458.0,1302,0.7093824878060568,False
4458.0,1302,1.570766671036481,False
4464.0,1304,1.3461510961523009,False
4464.0,1304,0.33831520704459117,True
4464.0,1302,2.2030300884321963,False
4464.0,1302,0.38912289566404207,True
4476.0,1304,0.6530801943194905,False
4476.0,1304,0.6601514524962726,False
4476.0,1302,0.602453130286934,False
4476.0,1302,0.7432688597066561,False
4510.0,1304,0.008043032202215536,True
4510.0,1304,0.0035556704684666747,True
4510.0,1302,0.7413512462717144,False
4510.0,1302,0.09689496960158471,True
4543.0,1304,1.4595960541308832,False
4543.0,1304,0.6741644127413724,False
4543.0,1302,0.46904849935213877,True
4543.0,1302,0.29940228562325805,True
4556.0,1304,0.1488741582658614,True
4556.0,1304,0.33109266114123403,True
4556.0,1302,0.44446419130946485,True
4556.0,1302,0.860532568268014,False
4568.0,1304,1.0907345049169583,False
4568.0,1304,0.6171769326427248,False
4568.0,1302,0.20992122545815797,True
4568.0,1302,0.30188914487294305,True
4572.0,1304,0.013207536854385799,True
4572.0,1304,0.06413419094243471,True
4572.0,1302,0.5502152938529206,False
4572.0,1302,0.5585612708249497,False
4573.0,1304,0.3036331674874924,True
4573.0,1304,0.9231620816182958,False
4573.0,1302,0.6205454657052907,False
4573.0,1302,0.5369319065475368,False
4625.0,1304,0.27012294187622693,True
4625.0,1304,1.6431533933951903,False
4625.0,1302,0.5584318350981151,False
4625.0,1302,0.24292863781578392,True
4632.0,1304,0.5220699209733439,False
4632.0,1304,0.19654280091445708,True
4632.0,1302,0.7900467470934301,False
4632.0,1302,0.14272836273575998,True
4648.0,1304,1.3174831589611875,False
4648.0,1304,0.5844611017528121,False
4648.0,1302,0.2900402671405175,True
4648.0,1302,1.0054100947870934,False
4687.0,1304,1.3666096134331778,False
4687.0,1304,0.7091022437155543,False
4687.0,1302,0.26143161695399514,True
4687.0,1302,0.6470116846319337,False
4729.0,1304,1.0452767696611034,False
4729.0,1304,1.1099447636377513,False
4729.0,1302,0.2979911840800151,True
4729.0,1302,0.11734137954975737,True
4730.0,1304,0.6781703141720762,False
4730.0,1304,0.0485353262150206,True
4730.0,1302,0.5027570181460248,False
4730.0,1302,0.16821019544255333,True
4736.0,1304,0.05795975877977641,True
4736.0,1304,0.7925184584707096,False
4736.0,1302,0.45203107015738503,True
4736.0,1302,0.32973582529208717,True
4768.0,1304,0.2727171939034624,True
4768.0,1304,0.0012603203413832276,True
4768.0,1302,0.8372499096645979,False
4768.0,1302,0.9597158020026386,False
4790.0,1304,0.6362693067181935,False
4790.0,1304,1.6568552379587154,False
4790.0,1302,1.0224992965662698,False
4790.0,1302,0.8041956407374696,False
4792.0,1304,2.0140458727621007,False
4792.0,1304,0.8294565686069357,False
4792.0,1302,0.4500907269968497,True
4792.0,1302,0.09286922547954844,True
4800.0,1304,0.7179564208492909,False
4800.0,1304,0.16955157657714195,True
4800.0,1302,0.4758218196085352,True
4800.0,1302,0.49284717615757945,True
4806.0,1304,0.0615893668826202,True
4806.0,1304,0.9589740105488087,False
4806.0,1302,0.06802191766949675,True
4806.0,1302,0.021353634249405368,True
4820.0,1304,0.4459187943235028,True
4820.0,1304,0.06467939353956823,True
4820.0,1302,0.38772794338513783,True
4820.0,1302,0.9836597744322408,False
4835.0,1304,0.23180708425102253,True
4835.0,1304,0.512807400919894,False
4835.0,1302,0.2296478378335847,True
4835.0,1302,0.35377428181583304,True
4872.0,1304,1.0733361280018283,False
4872.0,1304,1.5917910804526783,False
4872.0,1302,0.21557162370932526,True
4872.0,1302,0.21766501447468062,True
4904.0,1304,0.030625755766931415,True
4904.0,1304,0.19732238243965394,True
4904.0,1302,0.26229040270119075,True
4904.0,1302,0.08371241662608508,True
4949.0,1304,0.6444082853722758,False
4949.0,1304,1.0720796103115602,False
4949.0,1302,0.16823006824681672,True
4949.0,1302,0.17088860573448922,True
4960.0,1304,0.7461903678856415,False
4960.0,1304,0.2875180155514103,True
4960.0,1302,0.5300344550910615,False
4960.0,1302,0.3519087277971995,True
4968.0,1304,0.5408964115235838,False
4968.0,1304,0.8762608756956571,False
4968.0,1302,1.4025907383381029,False
4968.0,1302,0.6468146843666713,False
4998.0,1304,1.005714239076736,False
4998.0,1304,0.2228423230165598,True
4998.0,1302,0.5452763296920871,False
4998.0,1302,0.3302408494586524,True
5001.0,1304,0.7645867967858219,False
5001.0,1304,1.5838887829950223,False
5001.0,1302,1.6710320375485712,False
5001.0,1302,0.3231752412279505,True
5052.0,1304,0.9582681208649774,False
5052.0,1304,0.2502136143979894,True
5052.0,1302,1.8486020087734227,False
5052.0,1302,0.23889325652774615,True
5064.0,1304,0.04814545733009713,True
5064.0,1304,0.27534921405220636,True
5064.0,1302,0.18619663448407628,True
5064.0,1302,0.38030704573715385,True
5067.0,1304,0.29303331387544024,True
5067.0,1304,0.5468502251894232,False
5067.0,1302,0.3714914368460292,True
5067.0,1302,0.3723361626213244,True
5076.0,1304,0.29684735773125487,True
5076.0,1304,0.4332235595368351,True
5076.0,1302,0.30484002890048645,True
5076.0,1302,0.968846929279025,False
5108.0,1304,0.3004051950502756,True
5108.0,1304,0.6151796670755503,False
5108.0,1302,0.6149373719384436,False
5108.0,1302,0.3748983329743091,True
5123.0,1304,0.21335660990162172,True
5123.0,1304,0.23718870834030092,True
5123.0,1302,0.27048370280626255,True
5123.0,1302,0.1240310542221279,True
5129.0,1304,0.3401799556986067,True
5129.0,1304,0.3581280612648369,True
5129.0,1302,1.9962891426454348,False
5129.0,1302,0.7281005343451167,False
5139.0,1304,1.437731053050648,False
5139.0,1304,1.5247968214562027,False
5139.0,1302,0.19826427491602264,True
5139.0,1302,0.6154615117927906,False
5157.0,1304,0.3424513067959398,True
5157.0,1304,0.4999933920724781,True
5157.0,1302,0.2760223228052809,True
5157.0,1302,0.5982895207270201,False
5168.0,1304,1.176131948554721,False
5168.0,1304,1.1711392687189475,False
5168.0,1302,0.28583907370968353,True
5168.0,1302,0.8247430768207659,False
5182.0,1304,0.26858810281508805,True
5182.0,1304,0.1559915632775545,True
5182.0,1302,0.8306119994966995,False
5182.0,1302,0.5295069915887738,False
5190.0,1304,3.1018040809601404,False
5190.0,1304,0.6828096022791116,False
5190.0,1302,0.2597936561061524,True
5190.0,1302,1.4896504223646043,False
5212.0,1304,1.321267010521204,False
5212.0,1304,0.9065272944773904,False
5212.0,1302,1.0202948231068572,False
5212.0,1302,0.9842142105724271,False
5215.0,1304,0.20079334838405855,True
5215.0,1304,0.5218682228116601,False
5215.0,1302,0.790330748564411,False
5215.0,1302,0.3016380861746274,True
5225.0,1304,0.42018487283138056,True
5225.0,1304,0.17151077096006256,True
5225.0,1302,1.228046313613093,False
5225.0,1302,0.39400951567959375,True
5246.0,1304,0.550065791493247,False
5246.0,1304,1.1130741094462515,False
5246.0,1302,0.3534632794341665,True
5246.0,1302,0.5356126382151788,False
5249.0,1304,0.02368835548501595,True
5249.0,1304,0.6886472550576971,False
5249.0,1302,0.8690533360049187,False
5249.0,1302,1.4032252044086302,False
5257.0,1304,0.18021427031677045,True
5257.0,1304,0.1883324561604264,True
5257.0,1302,0.9324714177698741,False
5257.0,1302,0.39975294520053406,True
5275.0,1304,2.1225995917969382,False
5275.0,1304,1.549786177272843,False
5275.0,1302,0.238429232874165,True
5275.0,1302,0.9820260227978991,False
5303.0,1304,0.581331637322771,False
5303.0,1304,1.4193310220457913,False
5303.0,1302,0.9118514754773885,False
5303.0,1302,0.8814918378774589,False
5347.0,1304,0.009498822551678361,True
5347.0,1304,0.24840157274458313,True
5347.0,1302,0.19541541134003612,True
5347.0,1302,1.622449169724619,False
5401.0,1304,0.21072638475733052,True
5401.0,1304,0.18146668017861595,True
5401.0,1302,0.9876897735594365,False
5401.0,1302,0.1287710767334483,True
5413.0,1304,0.26877129866802413,True
5413.0,1304,0.42923695151209923,True
5413.0,1302,0.4498570252662301,True
5413.0,1302,0.4357759079911417,True
5432.0,1304,0.1542111319239985,True
5432.0,1304,0.3246460912774776,True
5432.0,1302,0.6710601241387173,False
5432.0,1302,0.3254820226304526,True
5436.0,1304,0.6309790029482667,False
5436.0,1304,0.5705822781641705,False
5436.0,1302,0.438738691471307,True
5436.0,1302,1.257730712355057,False
5446.0,1304,0.28697722927013863,True
5446.0,1304,0.8292260895833988,False
5446.0,1302,0.007827944032745527,True
5446.0,1302,1.1837991439185847,False
5506.0,1304,0.8822718140787178,False
5506.0,1304,0.18063796948506822,True
5506.0,1302,0.43722307180800746,True
5506.0,1302,0.3143223885203839,True
5517.0,1304,0.3077098011411404,True
5517.0,1304,0.3149996861846966,True
5517.0,1302,0.15940616698721713,True
5517.0,1302,0.4644112712812789,True
5569.0,1304,0.0037156944187459948,True
5569.0,1304,0.23483624775221507,True
5569.0,1302,0.5862023849281395,False
5569.0,1302,0.9574855888213681,False
5571.0,1304,1.0041464427176219,False
5571.0,1304,0.5511544014352209,False
5571.0,1302,1.063808949161681,False
5571.0,1302,0.7121399746745029,False
5573.0,1304,0.4437915612811571,True
5573.0,1304,0.29660929519862067,True
5573.0,1302,0.35718438170483147,True
5573.0,1302,0.2209408146464108,True
5581.0,1304,0.056967631038218815,True
5581.0,1304,0.3294717583592794,True
5581.0,1302,1.4991363704236849,False
5581.0,1302,0.30431915983395696,True
5614.0,1304,1.0830693593585516,False
5614.0,1304,1.1229424402792527,False
5614.0,1302,0.3222545189888752,True
5614.0,1302,0.4311629214731023,True
5619.0,1304,0.13621602108194275,True
5619.0,1304,0.04370578213774367,True
5619.0,1302,0.687415460004636,False
5619.0,1302,0.15211821472510673,True
5622.0,1304,0.9998902573876575,False
5622.0,1304,0.5636212039521754,False
5622.0,1302,0.5338105204595744,False
5622.0,1302,0.602659576899773,False
5630.0,1304,0.3054870440520369,True
5630.0,1304,0.10806485098235903,True
5630.0,1302,0.2847357382206374,True
5630.0,1302,0.41086735772403055,True
5648.0,1304,0.646701871440598,False
5648.0,1304,1.7582803643416183,False
5648.0,1302,0.24405762865850927,True
5648.0,1302,0.8806302455409579,False
5677.0,1304,0.8963785263099211,False
5677.0,1304,0.16765472621605626,True
5677.0,1302,0.4968836731270086,True
5677.0,1302,0.09233284593800295,True
5694.0,1304,1.2269199405031501,False
5694.0,1304,1.5156075928560246,False
5694.0,1302,0.21037094218600624,True
5694.0,1302,0.20315865830507795,True
5718.0,1304,0.4836472791565045,True
5718.0,1304,0.9351876966476312,False
5718.0,1302,0.37489244032814656,True
5718.0,1302,0.09812733081439652,True
5730.0,1304,0.17354315481167315,True
5730.0,1304,0.4403027487750985,True
5730.0,1302,0.08211013221601351,True
5730.0,1302,0.2513796699426243,True
5744.0,1304,0.3890018625119984,True
5744.0,1304,0.34449839562093376,True
5744.0,1302,1.4523014035455455,False
5744.0,1302,0.47167007672420114,True
5781.0,1304,2.461148212699237,False
5781.0,1304,0.7998481280634412,False
5781.0,1302,0.9429976231784676,False
5781.0,1302,1.9157811409055154,False
5784.0,1304,0.47158065641852964,True
5784.0,1304,0.7932429851153898,False
5784.0,1302,1.8677202208529344,False
5784.0,1302,2.0183733634386214,False
5830.0,1304,0.9834291821149402,False
5830.0,1304,0.3355761114002822,True
5830.0,1302,0.8077748617848015,False
5830.0,1302,1.4188195826348675,False
5833.0,1304,0.05530142670303103,True
5833.0,1304,0.6778559628862347,False
5833.0,1302,0.2120265532522993,True
5833.0,1302,0.04426071834941381,True
5850.0,1304,0.049922937304473676,True
5850.0,1304,0.5927731201762396,False
5850.0,1302,0.6951071477151667,False
5850.0,1302,0.2764636326523448,True
5876.0,1304,0.680599005062753,False
5876.0,1304,0.4474457912668388,True
5876.0,1302,0.31988404276797117,True
5876.0,1302,1.0166184304928956,False
5898.0,1304,0.537570823011249,False
5898.0,1304,0.7927504688608236,False
5898.0,1302,0.6201486837918392,False
5898.0,1302,0.005944578029455336,True
5916.0,1304,0.047613426262688816,True
5916.0,1304,0.1507101185461829,True
5916.0,1302,0.8115568008586426,False
5916.0,1302,0.85219563799296,False
5919.0,1304,1.1718224556335084,False
5919.0,1304,0.6805352113931226,False
5919.0,1302,1.0626173925437599,False
5919.0,1302,1.3966913478583416,False
5933.0,1304,0.6671581851380407,False
5933.0,1304,0.9951112448539196,False
5933.0,1302,0.6955197985065583,False
5933.0,1302,0.4420172744287629,True
5939.0,1304,0.22173359910502805,True
5939.0,1304,0.890439769108844,False
5939.0,1302,0.7691728165656202,False
5939.0,1302,0.5479458285164068,False
5942.0,1304,1.7759771023048616,False
5942.0,1304,0.18745674460148679,True
5942.0,1302,0.9416570955497001,False
5942.0,1302,0.5256946933971313,False
5956.0,1304,1.6320559528301133,False
5956.0,1304,2.0261382455134624,False
5956.0,1302,0.3135209963012276,True
5956.0,1302,0.03621419546615878,True
5974.0,1304,0.6287693852790435,False
5974.0,1304,0.2492696389585098,True
5974.0,1302,1.3919771838467034,False
5974.0,1302,0.5572308548335736,False
5997.0,1304,0.15848969038463565,True
5997.0,1304,0.847796249357002,False
5997.0,1302,1.4742736882594012,False
5997.0,1302,0.5496300405733362,False
6053.0,1304,1.3225887429301535,False
6053.0,1304,0.44805515965017967,True
6053.0,1302,0.10868913955365384,True
6053.0,1302,0.4843785233918977,True
6056.0,1304,0.34247207298531046,True
6056.0,1304,0.758788930044577,False
6056.0,1302,1.124478472961035,False
6056.0,1302,0.3752565872382098,True
6057.0,1304,0.025937938120409048,True
6057.0,1304,0.7209853835266634,False
6057.0,1302,0.9789473388857495,False
6057.0,1302,1.6100748343214837,False
6077.0,1304,0.6170623341834048,False
6077.0,1304,0.6141722957692751,False
6077.0,1302,1.3604301926984832,False
6077.0,1302,0.9116470340148372,False
6099.0,1304,1.6178330590966137,False
6099.0,1304,1.7493634619208702,False
6099.0,1302,1.4314484118074968,False
6099.0,1302,0.09759546835862264,True
6114.0,1304,1.6118333409816321,False
6114.0,1304,1.9546231055606251,False
6114.0,1302,2.6566391878097217,False
6114.0,1302,1.0941173582261297,False
6150.0,1304,0.4330060168200983,True
6150.0,1304,0.9137853959420299,False
6150.0,1302,0.13635744558553414,True
6150.0,1302,0.537848898279813,False
6177.0,1304,0.4959172617597406,True
6177.0,1304,0.47353326078770375,True
6177.0,1302,0.3516664887577311,True
6177.0,1302,0.01971212644503965,True
6181.0,1304,0.18498982557745175,True
6181.0,1304,0.48573343221678317,True
6181.0,1302,0.09349668973819898,True
6181.0,1302,0.33842254917534736,True
6242.0,1304,0.9504755120110916,False
6242.0,1304,0.11080448983054533,True
6242.0,1302,0.25692640694157404,True
6242.0,1302,0.4593121154415733,True
6246.0,1304,0.6696855182561537,False
6246.0,1304,0.937189277858735,False
6246.0,1302,0.2876443440504069,True
6246.0,1302,1.7009579264288872,False
6248.0,1304,0.002579813176855516,True
6248.0,1304,0.44524861047616177,True
6248.0,1302,0.057424698666711266,True
6248.0,1302,0.1672659943952022,True
6256.0,1304,0.6542174477746389,False
6256.0,1304,0.34874304869628536,True
6256.0,1302,0.23228254807014112,True
6256.0,1302,0.31227223176944047,True
6300.0,1304,0.5409570529507159,False
6300.0,1304,0.18074794842308958,True
6300.0,1302,0.06395859252443291,True
6300.0,1302,0.3797945816788311,True
6371.0,1304,0.03336521293323292,True
6371.0,1304,0.331139382895907,True
6371.0,1302,0.1924174981335759,True
6371.0,1302,0.3701764331556609,True
6417.0,1304,0.5059400680931705,False
6417.0,1304,0.9290139282101576,False
6417.0,1302,0.34345380462951236,True
6417.0,1302,0.42264846065350736,True
6426.0,1304,0.04339100921509023,True
6426.0,1304,1.0810250418059566,False
6426.0,1302,0.12073121453594454,True
6426.0,1302,0.973801926605218,False
6427.0,1304,0.10035224092885264,True
6427.0,1304,1.150931817207975,False
6427.0,1302,0.32488699949144334,True
6427.0,1302,0.16292426060934584,True
6432.0,1304,0.09985549395876296,True
6432.0,1304,0.11939467859992396,True
6432.0,1302,1.0082659277652308,False
6432.0,1302,0.24056072622439212,True
6435.0,1304,0.028262978469126652,True
6435.0,1304,0.11719045498641166,True
6435.0,1302,1.3201714978206867,False
6435.0,1302,0.06661217599075633,True
6446.0,1304,1.2023445064656726,False
6446.0,1304,0.04088452891759916,True
6446.0,1302,0.6986939544203817,False
6446.0,1302,1.429839486407911,False
6473.0,1304,0.44160095476533745,True
6473.0,1304,0.7337514698860447,False
6473.0,1302,0.1315509385673244,True
6473.0,1302,1.1757484082890173,False
6488.0,1304,2.031943085557313,False
6488.0,1304,0.9469429610705603,False
6488.0,1302,1.446863496265084,False
6488.0,1302,0.14781825189281889,True
6503.0,1304,0.9772670300812126,False
6503.0,1304,0.14319190385751376,True
6503.0,1302,0.23470721956147667,True
6503.0,1302,0.14730922259982537,True
6524.0,1304,0.1658594412243054,True
6524.0,1304,0.2139146123393516,True
6524.0,1302,1.7930449143450717,False
6524.0,1302,0.21826858235501076,True
6526.0,1304,1.1259161349178703,False
6526.0,1304,0.555503931372634,False
6526.0,1302,0.8065858428871683,False
6526.0,1302,1.07366596004279,False
6530.0,1304,0.22924360259418844,True
6530.0,1304,0.13026800379532927,True
6530.0,1302,0.010002216045840362,True
6530.0,1302,1.1766822128116572,False
6539.0,1304,0.8279210724612537,False
6539.0,1304,0.8392031300350997,False
6539.0,1302,0.48723644097833396,True
6539.0,1302,0.35251438187795614,True
6547.0,1304,0.9749123668262585,False
6547.0,1304,1.170698951858462,False
6547.0,1302,1.0381180675393458,False
6547.0,1302,2.1638056095366056,False
6550.0,1304,1.3334102913189485,False
6550.0,1304,0.44355786366518396,True
6550.0,1302,0.13059956638139175,True
6550.0,1302,0.14986726689405613,True
6552.0,1304,0.09340078129519971,True
6552.0,1304,0.0979226991035642,True
6552.0,1302,0.11357351736659309,True
6552.0,1302,0.043320487802619205,True
6564.0,1304,0.20029510612641055,True
6564.0,1304,0.6007482089431215,False
6564.0,1302,0.5138047373727108,False
6564.0,1302,0.24558623087147918,True
6578.0,1304,1.1881487022708972,False
6578.0,1304,0.16401244580536845,True
6578.0,1302,0.7601062179795842,False
6578.0,1302,1.3692986503261246,False
6581.0,1304,1.1154221099617068,False
6581.0,1304,1.698858780625831,False
6581.0,1302,0.47482921335662087,True
6581.0,1302,0.897421312371836,False
6606.0,1304,0.20381612605990382,True
6606.0,1304,0.49783197516411465,True
6606.0,1302,0.24659332741231121,True
6606.0,1302,0.7408828196630598,False
6615.0,1304,0.9980887820765498,False
6615.0,1304,1.332770469972837,False
6615.0,1302,0.5173984430961862,False
6615.0,1302,0.7379820942018851,False
6625.0,1304,0.14680185459291734,True
6625.0,1304,0.5484542166187383,False
6625.0,1302,0.34118921596068796,True
6625.0,1302,0.3373089229601859,True
6627.0,1304,0.4687942405447669,True
6627.0,1304,1.4323670498529704,False
6627.0,1302,0.07708920086198756,True
6627.0,1302,0.0947311853626839,True
6665.0,1304,1.1371121285891377,False
6665.0,1304,2.9603599708912807,False
6665.0,1302,2.357652651938962,False
6665.0,1302,1.1842420127066742,False
6687.0,1304,0.05584308517271483,True
6687.0,1304,0.35973138936981275,True
6687.0,1302,0.1145938305350315,True
6687.0,1302,0.0630032894228372,True
6711.0,1304,0.4402829802359131,True
6711.0,1304,0.8633001603263687,False
6711.0,1302,1.3824105746333797,False
6711.0,1302,1.470089746129471,False
6714.0,1304,0.4754385366733496,True
6714.0,1304,0.10466080029601148,True
6714.0,1302,0.5238829270543793,False
6714.0,1302,0.22046297245712246,True
6718.0,1304,0.6455778679266698,False
6718.0,1304,0.9127708057306653,False
6718.0,1302,0.24166570349141855,True
6718.0,1302,0.36313282647169504,True
6723.0,1304,1.768062351370357,False
6723.0,1304,0.018304375582045895,True
6723.0,1302,2.2500896471036826,False
6723.0,1302,1.4729237340522023,False
6732.0,1304,0.7745988899565024,False
6732.0,1304,0.15028509521124636,True
6732.0,1302,0.4927039613563257,True
6732.0,1302,0.3902109158349529,True
6772.0,1304,0.1659151715518668,True
6772.0,1304,0.10565650066136181,True
6772.0,1302,0.22840189693078294,True
6772.0,1302,0.8068297993191533,False
6782.0,1304,1.10169408995331,False
6782.0,1304,1.6966979686657182,False
6782.0,1302,0.5236206936739028,False
6782.0,1302,0.9854673322067741,False
6784.0,1304,0.6299639307391258,False
6784.0,1304,0.30176358886870863,True
6784.0,1302,1.115686370901093,False
6784.0,1302,0.8981769102067031,False
6791.0,1304,0.9374414323004134,False
6791.0,1304,1.452006734898386,False
6791.0,1302,0.49022031431881863,True
6791.0,1302,0.3481750762433064,True
6795.0,1304,1.154745619982,False
6795.0,1304,0.035737780006513745,True
6795.0,1302,0.362290726079269,True
6795.0,1302,0.46375910014671234,True
6802.0,1304,1.1823577410514472,False
6802.0,1304,0.11854586806108276,True
6802.0,1302,0.38806041703385546,True
6802.0,1302,0.43546936217833965,True
6811.0,1304,0.0996414498727942,True
6811.0,1304,0.24487102678052067,True
6811.0,1302,0.4950835993529349,True
6811.0,1302,0.6514625464779933,False
6838.0,1304,0.49132382759785154,True
6838.0,1304,0.5582002951454317,False
6838.0,1302,0.829539518228182,False
6838.0,1302,0.3784534660783254,True
6855.0,1304,0.4169112582439447,True
6855.0,1304,0.1336403656217289,True
6855.0,1302,0.49024235656460574,True
6855.0,1302,0.6542968804959052,False
6865.0,1304,0.6681253937843624,False
6865.0,1304,0.8267264990275237,False
6865.0,1302,0.29522155629603364,True
6865.0,1302,1.014471933090251,False
6899.0,1304,0.08262806888420289,True
6899.0,1304,0.32713213883080255,True
6899.0,1302,0.5387346000229594,False
6899.0,1302,0.24366393547786172,True
6907.0,1304,0.8477901209412756,False
6907.0,1304,0.6067762238286815,False
6907.0,1302,1.2576180876043135,False
6907.0,1302,1.8678761744724324,False
6928.0,1304,2.1035384502794248,False
6928.0,1304,0.573912786744975,False
6928.0,1302,0.6132257686785816,False
6928.0,1302,1.71106491178179,False
6940.0,1304,1.2060881278910085,False
6940.0,1304,1.0215522486538067,False
6940.0,1302,0.5967517795950572,False
6940.0,1302,0.30619642842556666,True
6950.0,1304,0.03635213928244652,True
6950.0,1304,0.09166800300202749,True
6950.0,1302,0.26803588446501614,True
6950.0,1302,0.29364609896378857,True
6967.0,1304,1.59954085044283,False
6967.0,1304,1.7097561304552986,False
6967.0,1302,1.0132932585198964,False
6967.0,1302,0.19858911928216966,True
6985.0,1304,0.3499397439928209,True
6985.0,1304,0.36148787548143574,True
6985.0,1302,0.04122932316291892,True
6985.0,1302,0.04386165393604578,True
6988.0,1304,0.5925728256424873,False
6988.0,1304,0.04865412073925874,True
6988.0,1302,1.0865426634330266,False
6988.0,1302,1.2261624375694709,False
6993.0,1304,0.48591375290512784,True
6993.0,1304,0.2210153850848404,True
6993.0,1302,0.2745854424414327,True
6993.0,1302,0.3268854858862123,True
6996.0,1304,0.7664349318251625,False
6996.0,1304,0.6246253405985063,False
6996.0,1302,0.24083105581125666,True
6996.0,1302,0.7443148044563271,False
7009.0,1304,0.18752304859950175,True
7009.0,1304,0.6860652946739587,False
7009.0,1302,0.4548815046526431,True
7009.0,1302,0.04558020584509654,True
7031.0,1304,0.04157688709078677,True
7031.0,1304,0.7918534646856729,False
7031.0,1302,0.11305276613597733,True
7031.0,1302,0.023148965159175982,True
7039.0,1304,0.08555353044521365,True
7039.0,1304,0.1091156165840784,True
7039.0,1302,0.0663109581588984,True
7039.0,1302,1.0862990983317298,False
7046.0,1304,0.2050888016324653,True
7046.0,1304,2.1902184610112494,False
7046.0,1302,0.1928292690512171,True
7046.0,1302,0.49702530033525494,True
7061.0,1304,0.8036214352109959,False
7061.0,1304,0.06410348645826358,True
7061.0,1302,0.012772996821614412,True
7061.0,1302,0.9797979190047269,False
7074.0,1304,0.11333304982423038,True
7074.0,1304,1.8690353340243813,False
7074.0,1302,1.6640527909746166,False
7074.0,1302,1.2055281533876492,False
7109.0,1304,0.117839861767034,True
7109.0,1304,0.05009515281805887,True
7109.0,1302,0.45430051308756075,True
7109.0,1302,0.3666459212214452,True
7114.0,1304,0.998940387774078,False
7114.0,1304,0.17041377248908426,True
7114.0,1302,0.5606460210176558,False
7114.0,1302,0.05434925818019263,True
7138.0,1304,1.6233480281253803,False
7138.0,1304,0.17572696225321907,True
7138.0,1302,0.7219650417160656,False
7138.0,1302,1.0031879445082776,False
7140.0,1304,0.3404292512837372,True
7140.0,1304,0.4538941022581476,True
7140.0,1302,0.07839661570345405,True
7140.0,1302,0.062072391881861,True
7155.0,1304,0.8643580608777917,False
7155.0,1304,0.4635808716113152,True
7155.0,1302,0.35617228045680394,True
7155.0,1302,0.02179779444733669,True
7157.0,1304,0.32562621649752094,True
7157.0,1304,1.6061625009503395,False
7157.0,1302,0.37370854169425544,True
7157.0,1302,0.22891571420051307,True
7217.0,1304,0.23946118166357203,True
7217.0,1304,0.044871615403939184,True
7217.0,1302,0.5264083432973663,False
7217.0,1302,0.946599938254682,False
7243.0,1304,0.5716322727516525,False
7243.0,1304,0.025607973285838165,True
7243.0,1302,0.8567751554044426,False
7243.0,1302,1.2021833307042875,False
7258.0,1304,1.2001858473742946,False
7258.0,1304,2.557397721008134,False
7258.0,1302,0.8496263547769703,False
7258.0,1302,1.7705729126768441,False
7290.0,1304,2.158908327276832,False
7290.0,1304,0.6190295646381777,False
7290.0,1302,0.06880190536910334,True
7290.0,1302,0.40516052225093296,True
7297.0,1304,0.28015421142740826,True
7297.0,1304,0.6972541745343711,False
7297.0,1302,0.025933450418728476,True
7297.0,1302,0.2020839239994384,True
7304.0,1304,0.2549403179466676,True
7304.0,1304,0.7721565599212552,False
7304.0,1302,0.7158541154536443,False
7304.0,1302,0.7707932117350484,False
7306.0,1304,0.36896334784021073,True
7306.0,1304,0.1402833559896865,True
7306.0,1302,0.6502401342939803,False
7306.0,1302,0.28429514882987855,True
7315.0,1304,0.4178594980678721,True
7315.0,1304,1.3164964228715008,False
7315.0,1302,1.2542658089886962,False
7315.0,1302,1.0605993041391832,False
7327.0,1304,1.6132559205117465,False
7327.0,1304,0.005534100710066042,True
7327.0,1302,0.2097402087096242,True
7327.0,1302,2.282140969993678,False
7328.0,1304,0.8261709176130765,False
7328.0,1304,1.8018450045125387,False
7328.0,1302,0.31690358783801503,True
7328.0,1302,0.9634925340089764,False
7354.0,1304,1.1452074128193945,False
7354.0,1304,0.5182563662646027,False
7354.0,1302,1.4701992283382108,False
7354.0,1302,2.1864049581540286,False
7369.0,1304,0.4751842620235203,True
7369.0,1304,0.661540041008712,False
7369.0,1302,0.07453948484117084,True
7369.0,1302,0.5271085988333309,False
7371.0,1304,1.6779969386224327,False
7371.0,1304,0.1836742910750203,True
7371.0,1302,0.37538061739778633,True
7371.0,1302,0.6228665113595032,False
7378.0,1304,0.8121831060283989,False
7378.0,1304,0.3360799006126419,True
7378.0,1302,0.9904776109444583,False
7378.0,1302,0.3040290239638237,True
7384.0,1304,1.3859394783236434,False
7384.0,1304,3.2868131611618083,False
7384.0,1302,1.6444445251210076,False
7384.0,1302,1.2531458290735256,False
7424.0,1304,0.006438296203281206,True
7424.0,1304,0.15511770386921728,True
7424.0,1302,0.9870119777958096,False
7424.0,1302,0.04316499350676409,True
7425.0,1304,0.9035188401566786,False
7425.0,1304,0.08341004489169153,True
7425.0,1302,0.24273907261066444,True
7425.0,1302,0.9954780366713274,False
7470.0,1304,0.8177651261450426,False
7470.0,1304,0.09334547998998972,True
7470.0,1302,0.3576089661687682,True
7470.0,1302,0.3357130749670761,True
7476.0,1304,0.6480903517987298,False
7476.0,1304,0.44567970576617477,True
7476.0,1302,0.4047542371053557,True
7476.0,1302,0.748121330512515,False
7479.0,1304,0.023365210042255634,True
7479.0,1304,0.35706372362518335,True
7479.0,1302,0.037247486872734284,True
7479.0,1302,0.0298212900355533,True
7480.0,1304,0.1714576472126738,True
7480.0,1304,0.05574839566604381,True
7480.0,1302,0.2840670858772215,True
7480.0,1302,0.9941699148571678,False
7486.0,1304,0.02597946064998689,True
7486.0,1304,0.09475824896339148,True
7486.0,1302,0.46772489807565854,True
7486.0,1302,0.008291347979940852,True
7504.0,1304,0.1121950083958341,True
7504.0,1304,1.244324284412665,False
7504.0,1302,1.2673187335948632,False
7504.0,1302,0.595771526858192,False
7519.0,1304,0.39208037984480826,True
7519.0,1304,0.8877877571093761,False
7519.0,1302,0.6296995157210921,False
7519.0,1302,0.4239876224685937,True
7530.0,1304,0.011975299338358746,True
7530.0,1304,1.0885287926212708,False
7530.0,1302,0.1514986859483302,True
7530.0,1302,0.028439679433851704,True
7534.0,1304,1.2394312413213902,False
7534.0,1304,0.9408893290580885,False
7534.0,1302,0.587246569951627,False
7534.0,1302,0.6359484762705362,False
7540.0,1304,0.23006481927246333,True
7540.0,1304,0.07420741356228967,True
7540.0,1302,1.9721527089121482,False
7540.0,1302,0.494310891776285,True
7590.0,1304,0.1391759893984767,True
7590.0,1304,0.20202568175259572,True
7590.0,1302,0.040825559223711665,True
7590.0,1302,0.4655061627792224,True
7598.0,1304,3.032568365415534,False
7598.0,1304,0.6571909395746717,False
7598.0,1302,0.6718469461827794,False
7598.0,1302,0.4737474105705128,True
7622.0,1304,0.5889945602273612,False
7622.0,1304,0.16458373067480747,True
7622.0,1302,0.3430137876930665,True
7622.0,1302,0.5111532720902618,False
7631.0,1304,0.17774209888813294,True
7631.0,1304,0.10873971666845575,True
7631.0,1302,0.465805647125865,True
7631.0,1302,0.43957157995957097,True
7654.0,1304,0.2813346358957689,True
7654.0,1304,0.2987038865678392,True
7654.0,1302,0.3947262511498036,True
7654.0,1302,0.11176260947938495,True
7655.0,1304,0.7242165996423352,False
7655.0,1304,0.23149769606575707,True
7655.0,1302,0.26119862025086626,True
7655.0,1302,0.04666432187364982,True
7686.0,1304,0.6814654671747018,False
7686.0,1304,1.3334689548376273,False
7686.0,1302,0.9282109858016843,False
7686.0,1302,1.629296834761312,False
7691.0,1304,0.1404711771313992,True
7691.0,1304,0.5410085028386953,False
7691.0,1302,0.44816779203645224,True
7691.0,1302,0.4036248589705918,True
7715.0,1304,0.06256758021359718,True
7715.0,1304,0.5641938278541722,False
7715.0,1302,0.1871721783089718,True
7715.0,1302,0.6359913148062991,False
7720.0,1304,0.5591730082219517,False
7720.0,1304,0.6313303500151995,False
7720.0,1302,0.23642999542080453,True
7720.0,1302,0.7968573048136234,False
7723.0,1304,0.8636608824509721,False
7723.0,1304,0.550875476904227,False
7723.0,1302,0.031118143155592755,True
7723.0,1302,0.33436249256078365,True
7751.0,1304,0.08608905029563237,True
7751.0,1304,0.20147277997444538,True
7751.0,1302,0.03651628511848605,True
7751.0,1302,0.3789192083676971,True
7757.0,1304,0.44983160116216714,True
7757.0,1304,0.014641905645440541,True
7757.0,1302,1.0666427527073876,False
7757.0,1302,0.8328517114491129,False
7788.0,1304,0.8418012666494505,False
7788.0,1304,1.6802663743755633,False
7788.0,1302,1.7777796275235231,False
7788.0,1302,0.09521749168193862,True
7800.0,1304,0.5260395821722841,False
7800.0,1304,1.5001488760099335,False
7800.0,1302,0.032268267086634356,True
7800.0,1302,0.33814592101017665,True
7801.0,1304,0.3536197451803414,True
7801.0,1304,0.44482765684020986,True
7801.0,1302,0.6933298159278307,False
7801.0,1302,0.3630351545853173,True
7812.0,1304,0.6357965084621188,False
7812.0,1304,0.6318929690500599,False
7812.0,1302,0.10665351411493852,True
7812.0,1302,0.011654926627382822,True
7818.0,1304,0.09459042408631008,True
7818.0,1304,0.5755744378628008,False
7818.0,1302,0.8097223339878866,False
7818.0,1302,0.2424398270112141,True
7841.0,1304,0.32872180163033093,True
7841.0,1304,0.01572228656567545,True
7841.0,1302,0.1275231425169329,True
7841.0,1302,0.8476652652485767,False
7844.0,1304,0.17149333646819312,True
7844.0,1304,0.08806583545778544,True
7844.0,1302,1.1762431639367066,False
7844.0,1302,0.7330466932803824,False
7855.0,1304,0.1081080745110261,True
7855.0,1304,0.6530872894982391,False
7855.0,1302,0.22628070742463594,True
7855.0,1302,0.40793477763034985,True
7856.0,1304,1.0719812787753997,False
7856.0,1304,0.23982310193338904,True
7856.0,1302,1.22361628495746,False
7856.0,1302,1.6074481737442319,False
7921.0,1304,0.0738811661822941,True
7921.0,1304,0.7179794226021209,False
7921.0,1302,0.04756477628957566,True
7921.0,1302,0.8711578448623031,False
7923.0,1304,0.8686981335647908,False
7923.0,1304,1.3538092717432646,False
7923.0,1302,0.46022056197493555,True
7923.0,1302,0.1567889700412775,True
7931.0,1304,0.8295401526407665,False
7931.0,1304,1.7111167147451953,False
7931.0,1302,0.8632903184802608,False
7931.0,1302,0.4271939835156712,True
7968.0,1304,0.15418269419328676,True
7968.0,1304,0.2249392282368782,True
7968.0,1302,0.11137635391673582,True
7968.0,1302,0.15265986165420767,True
7986.0,1304,0.7947970966971738,False
7986.0,1304,0.6141559437050922,False
7986.0,1302,0.11231090634812518,True
7986.0,1302,0.2198651281252607,True
8039.0,1304,0.7144343443067396,False
8039.0,1304,0.22505247214674234,True
8039.0,1302,0.5259511268731468,False
8039.0,1302,0.23276281385889624,True
8053.0,1304,0.7654155324376072,False
8053.0,1304,0.25567667700308616,True
8053.0,1302,0.05917145764865036,True
8053.0,1302,0.08753132865588255,True
8059.0,1304,0.4341850317400098,True
8059.0,1304,0.8316637218068194,False
8059.0,1302,2.352703222661164,False
8059.0,1302,0.3243112104811499,True
8090.0,1304,2.5335202715034635,False
8090.0,1304,1.4612562547767236,False
8090.0,1302,0.9762082235640696,False
8090.0,1302,0.2581030333233318,True
8096.0,1304,0.019237109605584033,True
8096.0,1304,0.6257295895028181,False
8096.0,1302,0.16426712030057866,True
8096.0,1302,0.4636759052179191,True
8107.0,1304,0.514269562650861,False
8107.0,1304,0.6199925971573874,False
8107.0,1302,0.5294641277757464,False
8107.0,1302,0.9269481848162122,False
8112.0,1304,0.10688826262302156,True
8112.0,1304,0.22606663135576457,True
8112.0,1302,0.38651467267556283,True
8112.0,1302,0.543515193532554,False
8131.0,1304,1.1747784360587192,False
8131.0,1304,0.42960241507122204,True
8131.0,1302,0.38973949771614963,True
8131.0,1302,0.9639707167901056,False
8159.0,1304,0.06679447855010283,True
8159.0,1304,0.22398616026094958,True
8159.0,1302,1.6381633659514119,False
8159.0,1302,0.6498826615552654,False
8190.0,1304,1.261474312658696,False
8190.0,1304,0.42171011032768024,True
8190.0,1302,0.6423440375253109,False
8190.0,1302,1.395089303002572,False
8200.0,1304,1.195002375340671,False
8200.0,1304,0.6642266202474592,False
8200.0,1302,0.4392494820919188,True
8200.0,1302,0.5018221651585131,False
8212.0,1304,0.42531968247611207,True
8212.0,1304,0.36690459754583793,True
8212.0,1302,0.17645642560075708,True
8212.0,1302,0.19666999395979987,True
8216.0,1304,0.09240483740829929,True
8216.0,1304,0.3466214542025966,True
8216.0,1302,0.3753196646336248,True
8216.0,1302,0.5851494015041001,False
8274.0,1304,0.19662496214153705,True
8274.0,1304,0.47965052879206865,True
8274.0,1302,0.4568373503924985,True
8274.0,1302,0.14798907696209934,True
8276.0,1304,0.31724386927564024,True
8276.0,1304,0.4002873779789257,True
8276.0,1302,1.0743184308056193,False
8276.0,1302,0.6291885375559995,False
8305.0,1304,0.516184809523885,False
8305.0,1304,0.06504315351046104,True
8305.0,1302,0.3679915389141314,True
8305.0,1302,0.05166804942880864,True
8307.0,1304,0.010636985844438406,True
8307.0,1304,0.5055001714926874,False
8307.0,1302,1.3184082436317974,False
8307.0,1302,0.20314500548975814,True
8322.0,1304,0.4447392003139579,True
8322.0,1304,0.2573583012921557,True
8322.0,1302,0.5445267292151558,False
8322.0,1302,0.6224267079331571,False
8325.0,1304,0.931523290715431,False
8325.0,1304,0.17383742296974414,True
8325.0,1302,2.1377310568926595,False
8325.0,1302,0.29954658076309787,True
8347.0,1304,1.4448245419981496,False
8347.0,1304,0.0603470758466799,True
8347.0,1302,1.435521050789514,False
8347.0,1302,1.4517836128599855,False
8376.0,1304,0.0957863214109503,True
8376.0,1304,1.8288889729022073,False
8376.0,1302,1.2000996359287588,False
8376.0,1302,0.4116993985227283,True
8390.0,1304,0.5763534085565978,False
8390.0,1304,0.17150542986347295,True
8390.0,1302,0.6668430699395617,False
8390.0,1302,0.1779574326219793,True
8396.0,1304,0.27349256468118033,True
8396.0,1304,0.12747338376788592,True
8396.0,1302,0.3190852085483284,True
8396.0,1302,0.9946883305024559,False
8446.0,1304,1.062192220888383,False
8446.0,1304,0.7111513643290186,False
8446.0,1302,0.9399052929555549,False
8446.0,1302,1.9740964609225655,False
8448.0,1304,0.6704015710728581,False
8448.0,1304,0.6067900588963735,False
8448.0,1302,1.3649828812173463,False
8448.0,1302,0.5401918786311982,False
8476.0,1304,0.2025356201537994,True
8476.0,1304,0.20658947025182006,True
8476.0,1302,0.3810965064304328,True
8476.0,1302,0.32425131033077764,True
8488.0,1304,0.055148411453850216,True
8488.0,1304,0.38254965290302656,True
8488.0,1302,0.25277262816654544,True
8488.0,1302,1.026389919494584,False
8498.0,1304,0.09244294177225197,True
8498.0,1304,0.165771490274629,True
8498.0,1302,0.21279069488523125,True
8498.0,1302,0.48583912095277687,True
8519.0,1304,1.1935456898964172,False
8519.0,1304,0.9378829949947047,False
8519.0,1302,0.17621861395651556,True
8519.0,1302,0.6521524173378295,False
8538.0,1304,0.4119051164309731,True
8538.0,1304,0.5196689241762069,False
8538.0,1302,0.5478149887862392,False
8538.0,1302,0.05412343262633976,True
8562.0,1304,0.30856855250992016,True
8562.0,1304,0.48613144225091365,True
8562.0,1302,0.007563488416223198,True
8562.0,1302,0.35904489892569336,True
8627.0,1304,0.21533992206840427,True
8627.0,1304,1.147071960766241,False
8627.0,1302,0.0009504509176851153,True
8627.0,1302,0.35313836528123654,True
8640.0,1304,1.292520401272513,False
8640.0,1304,0.12422167536516505,True
8640.0,1302,0.8116394707876607,False
8640.0,1302,0.1347256534115861,True
8643.0,1304,0.3074309798865302,True
8643.0,1304,0.8616224728833799,False
8643.0,1302,0.29019892988259405,True
8643.0,1302,0.4101158924686708,True
8657.0,1304,0.3633627772738651,True
8657.0,1304,0.7886244670003956,False
8657.0,1302,0.7399830317157918,False
8657.0,1302,0.3382446459531797,True
8671.0,1304,0.5516975751157147,False
8671.0,1304,0.46911415750076607,True
8671.0,1302,1.8119189499348858,False
8671.0,1302,0.7703304163721602,False
8679.0,1304,0.4752797774622683,True
8679.0,1304,1.8397228329412458,False
8679.0,1302,0.47219758780122784,True
8679.0,1302,0.45495982959100534,True
8680.0,1304,1.7621349215626918,False
8680.0,1304,0.4302559428968908,True
8680.0,1302,0.570562006375544,False
8680.0,1302,3.015076554599899,False
8704.0,1304,0.20577288404403712,True
8704.0,1304,1.41006464740011,False
8704.0,1302,0.22344719450916256,True
8704.0,1302,0.3854418397545255,True
8718.0,1304,1.249402303169535,False
8718.0,1304,0.18160253747654778,True
8718.0,1302,0.6477113296842363,False
8718.0,1302,0.40811918692785804,True
8720.0,1304,0.2787603660970966,True
8720.0,1304,0.20044008308222716,True
8720.0,1302,0.16899287831179924,True
8720.0,1302,0.22651887382057803,True
8755.0,1304,0.3076358149030942,True
8755.0,1304,1.3075919197830668,False
8755.0,1302,0.16568272545181095,True
8755.0,1302,0.08036309907926042,True
8759.0,1304,0.9317132487390736,False
8759.0,1304,1.5683216565513638,False
8759.0,1302,0.4977014069701071,True
8759.0,1302,1.0573660626654986,False
8761.0,1304,1.2295719865631818,False
8761.0,1304,1.053132537978023,False
8761.0,1302,0.28238933810648,True
8761.0,1302,0.11139258893432562,True
8793.0,1304,0.11902627214506067,True
8793.0,1304,1.4665145913878788,False
8793.0,1302,1.3561369887894128,False
8793.0,1302,0.2281065497469665,True
8812.0,1304,0.16716238330629776,True
8812.0,1304,0.16882663508088663,True
8812.0,1302,0.4230629288826609,True
8812.0,1302,0.3681361485601494,True
8821.0,1304,0.33897036234260014,True
8821.0,1304,0.32519441823102435,True
8821.0,1302,0.599730779511277,False
8821.0,1302,0.8975879853494246,False
8845.0,1304,0.5311237459003729,False
8845.0,1304,1.0882984245583012,False
8845.0,1302,0.43529812613533386,True
8845.0,1302,0.42377524513554604,True
8852.0,1304,1.6090750310005322,False
8852.0,1304,0.8055427345331327,False
8852.0,1302,0.33381939607761596,True
8852.0,1302,2.2936566617460454,False
8864.0,1304,0.5938958109722171,False
8864.0,1304,0.29029764806944525,True
8864.0,1302,0.4457819827713819,True
8864.0,1302,1.0962328037474296,False
8865.0,1304,1.3218992550641067,False
8865.0,1304,0.3553112651211962,True
8865.0,1302,0.42510377331866284,True
8865.0,1302,0.8582348658632131,False
8869.0,1304,0.321531217805732,True
8869.0,1304,0.2856989553438021,True
8869.0,1302,1.083346317785773,False
8869.0,1302,0.7488393244087137,False
8897.0,1304,1.2350844104727194,False
8897.0,1304,1.9165300451800018,False
8897.0,1302,1.3708209823946942,False
8897.0,1302,1.4390966408187174,False
8920.0,1304,0.08714296787910343,True
8920.0,1304,0.14204882818005718,True
8920.0,1302,0.5350279256496426,False
8920.0,1302,0.07092086298164038,True
8938.0,1304,1.423230134279194,False
8938.0,1304,0.880994553999606,False
8938.0,1302,0.347514782216801,True
8938.0,1302,1.1713086809374949,False
8942.0,1304,1.0663847915657056,False
8942.0,1304,1.484682278260564,False
8942.0,1302,0.044510746499758155,True
8942.0,1302,1.661134024386123,False
8967.0,1304,0.5686081735375302,False
8967.0,1304,0.00357927296168651,True
8967.0,1302,2.1408178413320638,False
8967.0,1302,1.1873082428011181,False
8980.0,1304,1.0531652239206395,False
8980.0,1304,1.1136330676776343,False
8980.0,1302,0.7542547740948556,False
8980.0,1302,0.14967943291841243,True
8981.0,1304,0.6982335767074488,False
8981.0,1304,0.6684898084043909,False
8981.0,1302,0.08629932130502342,True
8981.0,1302,0.2790233860191134,True
9017.0,1304,0.4787407723138176,True
9017.0,1304,1.9692791092636917,False
9017.0,1302,0.45695399673172155,True
9017.0,1302,1.4364258203830627,False
9040.0,1304,0.14378515090261387,True
9040.0,1304,0.26544441636332167,True
9040.0,1302,0.5453111469972929,False
9040.0,1302,0.1141835226331126,True
9045.0,1304,0.18739434569671842,True
9045.0,1304,0.6801498887984728,False
9045.0,1302,0.4832555540477513,True
9045.0,1302,0.9825938932118334,False
9091.0,1304,0.49216962772044553,True
9091.0,1304,0.2908714493407782,True
9091.0,1302,0.23826234352120482,True
9091.0,1302,1.0381160972817078,False
9118.0,1304,0.7992963362832661,False
9118.0,1304,0.12417466876048554,True
9118.0,1302,0.2678845177389345,True
9118.0,1302,0.6244362736941618,False
9119.0,1304,0.6425347865055923,False
9119.0,1304,0.11521418994379927,True
9119.0,1302,0.0039625576930135235,True
9119.0,1302,0.845826715175476,False
9158.0,1304,0.917193818806753,False
9158.0,1304,0.7205029654938944,False
9158.0,1302,0.37511369289996543,True
9158.0,1302,0.8961217560570707,False
9161.0,1304,0.4386700196594735,True
9161.0,1304,0.0257476526877666,True
9161.0,1302,0.2817740564538426,True
9161.0,1302,0.09001313144588946,True
9184.0,1304,1.1332107781593168,False
9184.0,1304,0.4451321337810821,True
9184.0,1302,1.1579017591277818,False
9184.0,1302,0.5081698356772643,False
9199.0,1304,0.3069370111323275,True
9199.0,1304,0.09365614176201663,True
9199.0,1302,0.15041577197151537,True
9199.0,1302,0.10167852747291857,True
9204.0,1304,1.4604848313818632,False
9204.0,1304,0.4601886337927845,True
9204.0,1302,0.3614612917766731,True
9204.0,1302,1.143938046312398,False
9237.0,1304,0.3716065445394184,True
9237.0,1304,2.4215902893180887,False
9237.0,1302,1.8629290580205689,False
9237.0,1302,1.2955347618837914,False
9288.0,1304,0.6576944205462278,False
9288.0,1304,0.47955921714581,True
9288.0,1302,0.0022913219847191823,True
9288.0,1302,0.47004658863984317,True
9318.0,1304,0.7622901940545371,False
9318.0,1304,0.30218380873755524,True
9318.0,1302,1.67321697671953,False
9318.0,1302,0.44853741323896096,True
9327.0,1304,0.8052318743565653,False
9327.0,1304,0.5167170096040951,False
9327.0,1302,0.32254830014653624,True
9327.0,1302,0.7176598490909263,False
9334.0,1304,0.6338959680757623,False
9334.0,1304,1.1803184194548424,False
9334.0,1302,0.7396052723422389,False
9334.0,1302,0.7177605391035486,False
9351.0,1304,0.6774577562844628,False
9351.0,1304,0.026658546967489965,True
9351.0,1302,0.8316218646437782,False
9351.0,1302,0.19943085956800183,True
9376.0,1304,0.7011044983687279,False
9376.0,1304,0.11958995192109649,True
9376.0,1302,0.189128620214945,True
9376.0,1302,0.5601517298394857,False
9468.0,1304,0.3085373135146312,True
9468.0,1304,0.6870484895674486,False
9468.0,1302,0.9665479967514767,False
9468.0,1302,0.41019964413511206,True
9498.0,1304,0.23273738085019113,True
9498.0,1304,0.14904243685061308,True
9498.0,1302,0.06052722206733834,True
9498.0,1302,0.09977808127170543,True
9501.0,1304,0.8434144069543992,False
9501.0,1304,0.0719607895222035,True
9501.0,1302,0.501761889250745,False
9501.0,1302,0.6367653974232913,False
9504.0,1304,0.6491101488306316,False
9504.0,1304,0.3799002653646749,True
9504.0,1302,0.9938213290911604,False
9504.0,1302,0.06282916520166687,True
9505.0,1304,0.7023017504768444,False
9505.0,1304,1.3768671067658642,False
9505.0,1302,0.39040173550963053,True
9505.0,1302,0.839177319785479,False
9520.0,1304,0.29970696403830016,True
9520.0,1304,0.8056445637526678,False
9520.0,1302,2.75912434359465,False
9520.0,1302,0.26209017285733205,True
9526.0,1304,0.03561087417156798,True
9526.0,1304,0.2679012348674354,True
9526.0,1302,1.6495680484385407,False
9526.0,1302,0.13691758208883092,True
9527.0,1304,0.5943968416349821,False
9527.0,1304,1.3103483501038673,False
9527.0,1302,0.45705610665819396,True
9527.0,1302,0.6030945950099701,False
9552.0,1304,0.6847602467231474,False
9552.0,1304,0.6542267945339634,False
9552.0,1302,0.3159928386944997,True
9552.0,1302,1.4918620895673007,False
9589.0,1304,0.2635990835513468,True
9589.0,1304,0.26420812149997414,True
9589.0,1302,0.07526854921623696,True
9589.0,1302,0.532717711481471,False
9591.0,1304,0.34811677203597513,True
9591.0,1304,0.1780687673488571,True
9591.0,1302,0.09952079714679485,True
9591.0,1302,0.2826941138047538,True
9611.0,1304,0.0806067599358545,True
9611.0,1304,0.6076964398648542,False
9611.0,1302,0.25162261093755345,True
9611.0,1302,0.47252382118017855,True
9619.0,1304,1.302683623817343,False
9619.0,1304,0.4743639128381376,True
9619.0,1302,0.9090598226031326,False
9619.0,1302,0.3499032621661187,True
9638.0,1304,0.5535301357356671,False
9638.0,1304,1.901157962248293,False
9638.0,1302,0.25999563455795927,True
9638.0,1302,0.10706277272170693,True
9639.0,1304,0.1647817808729648,True
9639.0,1304,0.8819359937037596,False
9639.0,1302,0.6268908015192856,False
9639.0,1302,0.09465900718294183,True
9665.0,1304,0.09788190893938903,True
9665.0,1304,0.509159335504761,False
9665.0,1302,0.13831556072765108,True
9665.0,1302,0.587256505163228,False
9737.0,1304,0.4462377730380563,True
9737.0,1304,1.107456043377349,False
9737.0,1302,0.1753785133466662,True
9737.0,1302,1.5490921189020967,False
9739.0,1304,0.6763281912555409,False
9739.0,1304,1.4596803711369377,False
9739.0,1302,0.6321984491542753,False
9739.0,1302,0.353196269744921,True
9768.0,1304,0.47350094781485896,True
9768.0,1304,1.5096995054442301,False
9768.0,1302,0.3989223093197429,True
9768.0,1302,0.9524896312432677,False
9780.0,1304,0.025841913972105703,True
9780.0,1304,0.6298429975367636,False
9780.0,1302,0.43123614993958415,True
9780.0,1302,1.5889994735652,False
9787.0,1304,0.07591764028227406,True
9787.0,1304,1.125050077224358,False
9787.0,1302,0.2768794114160108,True
9787.0,1302,0.4828292815453809,True
9791.0,1304,0.7031521025608175,False
9791.0,1304,0.7787728988521647,False
9791.0,1302,0.3855225478254664,True
9791.0,1302,0.9279813386553092,False
9806.0,1304,0.6331961769648353,False
9806.0,1304,1.0446238556130152,False
9806.0,1302,0.30023295521299104,True
9806.0,1302,0.45728588814861937,True
9819.0,1304,0.01662967554756919,True
9819.0,1304,0.6394004110169618,False
9819.0,1302,0.48662565085561904,True
9819.0,1302,0.2754257093261062,True
9831.0,1304,0.5884624064472256,False
9831.0,1304,0.21289319109956767,True
9831.0,1302,0.057674451462956,True
9831.0,1302,0.30689920223526884,True
9899.0,1304,0.6159140379439081,False
9899.0,1304,0.47493043936172574,True
9899.0,1302,0.5656501233823452,False
9899.0,1302,0.488545497839499,True
9921.0,1304,0.13368790155563814,True
9921.0,1304,2.4418206521591226,False
9921.0,1302,0.19644140438863872,True
9921.0,1302,1.255024457726198,False
9933.0,1304,1.2001603057263308,False
9933.0,1304,0.2779778521943832,True
9933.0,1302,0.01099190723457796,True
9933.0,1302,0.5824876533864868,False
9934.0,1304,0.34265879736336613,True
9934.0,1304,1.5365619328306537,False
9934.0,1302,1.3815998254054478,False
9934.0,1302,0.0463016249865852,True
10000.0,1304,0.5361367129540232,False
10000.0,1304,0.3165520835563034,True
10000.0,1302,0.23211356740770037,True
10000.0,1302,0.15750641311140534,True
