event,mu,pre_found,post_found,pre_ds,post_ds,pre_dw,post_dw,hits_pre,hits_post,merged_away,merge_transition
405,0,True,False,0.08419439229535289,,2.6180437897879743,,16,14,2,1->0
405,5,True,False,0.08419439229535289,,2.6180437897879743,,835,833,2,1->0
405,10,True,False,0.08419439229535289,,2.6180437897879743,,1609,1607,2,1->0
405,20,False,False,,,,,4326,4322,4,0->0
5833,0,True,False,0.08465253060234482,,3.134522324941086,,16,14,2,1->0
5833,5,True,False,0.08465253060234482,,3.134522324941086,,901,899,2,1->0
5833,10,True,False,0.08465253060234482,,3.134522324941086,,1395,1393,2,1->0
5833,20,True,False,0.08465253060234482,,3.134522324941086,,3486,3484,2,1->0
8053,0,True,False,0.09763464711699259,,4.270119700823243,,16,14,2,1->0
8053,5,True,False,0.09472295271713407,,4.198787581767916,,1231,1229,2,1->0
8053,10,True,False,0.09763464711699259,,4.270119700823243,,1333,1330,3,1->0
8053,20,True,False,0.09763464711699259,,4.270119700823243,,3448,3446,2,1->0
6409,0,False,False,,,,,16,15,1,0->0
6409,5,False,False,,,,,733,732,1,0->0
6409,10,False,False,,,,,1034,1033,1,0->0
6409,20,False,False,,,,,3955,3953,2,0->0
4648,0,False,False,,,,,16,14,2,0->0
4648,5,False,False,,,,,605,603,2,0->0
4648,10,False,False,,,,,1304,1301,3,0->0
4648,20,False,False,,,,,2735,2733,2,0->0
8718,0,False,False,,,,,16,14,2,0->0
8718,5,False,False,,,,,1405,1403,2,0->0
8718,10,False,False,,,,,1178,1175,3,0->0
8718,20,False,False,,,,,4609,4606,3,0->0
6177,0,False,False,,,,,16,14,2,0->0
6177,5,False,False,,,,,691,689,2,0->0
6177,10,False,False,,,,,1500,1498,2,0->0
6177,20,False,False,,,,,3961,3959,2,0->0
822,0,False,False,,,,,16,15,1,0->0
822,5,False,False,,,,,393,392,1,0->0
822,10,False,False,,,,,1671,1670,1,0->0
822,20,False,False,,,,,4094,4092,2,0->0
2408,0,False,False,,,,,16,14,2,0->0
2408,5,False,False,,,,,511,509,2,0->0
2408,10,False,False,,,,,1159,1157,2,0->0
2408,20,False,False,,,,,2489,2486,3,0->0
5463,0,False,False,,,,,16,15,1,0->0
5463,5,False,False,,,,,1067,1066,1,0->0
5463,10,False,False,,,,,1739,1738,1,0->0
5463,20,False,False,,,,,2568,2567,1,0->0
971,0,False,False,,,,,16,15,1,0->0
971,5,False,False,,,,,1437,1436,1,0->0
971,10,False,False,,,,,1161,1160,1,0->0
971,20,False,False,,,,,4840,4836,4,0->0
6547,0,False,False,,,,,16,14,2,0->0
6547,5,False,False,,,,,635,632,3,0->0
6547,10,False,False,,,,,1253,1251,2,0->0
6547,20,False,False,,,,,2987,2984,3,0->0
8868,0,False,False,,,,,16,15,1,0->0
8868,5,False,False,,,,,839,838,1,0->0
8868,10,False,False,,,,,2088,2086,2,0->0
8868,20,False,False,,,,,4484,4482,2,0->0
97,0,False,False,,,,,16,15,1,0->0
97,5,False,False,,,,,1821,1820,1,0->0
97,10,False,False,,,,,2279,2278,1,0->0
97,20,False,False,,,,,2682,2681,1,0->0
7129,0,False,False,,,,,16,15,1,0->0
7129,5,False,False,,,,,1111,1110,1,0->0
7129,10,False,False,,,,,1436,1435,1,0->0
7129,20,False,False,,,,,3450,3449,1,0->0
653,0,False,False,,,,,16,15,1,0->0
653,5,False,False,,,,,365,364,1,0->0
653,10,False,False,,,,,1052,1051,1,0->0
653,20,False,False,,,,,3787,3786,1,0->0
9153,0,False,False,,,,,16,15,1,0->0
9153,5,False,False,,,,,383,382,1,0->0
9153,10,False,False,,,,,790,789,1,0->0
9153,20,False,False,,,,,4310,4307,3,0->0
5917,0,False,False,,,,,16,15,1,0->0
5917,5,False,False,,,,,1488,1487,1,0->0
5917,10,False,False,,,,,2177,2176,1,0->0
5917,20,False,False,,,,,3477,3476,1,0->0
2748,0,False,False,,,,,16,15,1,0->0
2748,5,False,False,,,,,799,798,1,0->0
2748,10,False,False,,,,,1425,1424,1,0->0
2748,20,False,False,,,,,3634,3632,2,0->0
5375,0,False,False,,,,,16,15,1,0->0
5375,5,False,False,,,,,592,591,1,0->0
5375,10,False,False,,,,,1026,1025,1,0->0
5375,20,False,False,,,,,4218,4216,2,0->0
6264,0,False,False,,,,,16,15,1,0->0
6264,5,False,False,,,,,458,457,1,0->0
6264,10,False,False,,,,,1137,1136,1,0->0
6264,20,False,False,,,,,2586,2584,2,0->0
3232,0,False,False,,,,,16,15,1,0->0
3232,5,False,False,,,,,996,995,1,0->0
3232,10,False,False,,,,,2236,2235,1,0->0
3232,20,False,False,,,,,2684,2683,1,0->0
2467,0,False,False,,,,,16,15,1,0->0
2467,5,False,False,,,,,683,682,1,0->0
2467,10,False,False,,,,,2209,2208,1,0->0
2467,20,False,False,,,,,3123,3122,1,0->0
8464,0,False,False,,,,,16,15,1,0->0
8464,5,False,False,,,,,396,395,1,0->0
8464,10,False,False,,,,,1621,1620,1,0->0
8464,20,False,False,,,,,3669,3667,2,0->0
6026,0,False,False,,,,,16,15,1,0->0
6026,5,False,False,,,,,204,203,1,0->0
6026,10,False,False,,,,,1252,1251,1,0->0
6026,20,False,False,,,,,2612,2610,2,0->0
8328,0,False,False,,,,,16,15,1,0->0
8328,5,False,False,,,,,675,674,1,0->0
8328,10,False,False,,,,,2214,2213,1,0->0
8328,20,False,False,,,,,3226,3223,3,0->0
828,0,False,False,,,,,16,15,1,0->0
828,5,False,False,,,,,1006,1005,1,0->0
828,10,False,False,,,,,542,541,1,0->0
828,20,False,False,,,,,4115,4114,1,0->0
687,0,False,False,,,,,16,14,2,0->0
687,5,False,False,,,,,786,783,3,0->0
687,10,False,False,,,,,1178,1176,2,0->0
687,20,False,False,,,,,3892,3889,3,0->0
3489,0,False,False,,,,,16,15,1,0->0
3489,5,False,False,,,,,330,329,1,0->0
3489,10,False,False,,,,,1324,1323,1,0->0
3489,20,False,False,,,,,3206,3205,1,0->0
9279,0,False,False,,,,,16,15,1,0->0
9279,5,False,False,,,,,1081,1080,1,0->0
9279,10,False,False,,,,,1184,1183,1,0->0
9279,20,False,False,,,,,3642,3639,3,0->0
4668,0,False,False,,,,,16,15,1,0->0
4668,5,False,False,,,,,738,737,1,0->0
4668,10,False,False,,,,,1737,1736,1,0->0
4668,20,False,False,,,,,4341,4340,1,0->0
2770,0,False,False,,,,,16,15,1,0->0
2770,5,False,False,,,,,628,627,1,0->0
2770,10,False,False,,,,,1976,1975,1,0->0
2770,20,False,False,,,,,4044,4042,2,0->0
5035,0,False,False,,,,,16,15,1,0->0
5035,5,False,False,,,,,501,500,1,0->0
5035,10,False,False,,,,,1565,1563,2,0->0
5035,20,False,False,,,,,2624,2621,3,0->0
9578,0,False,False,,,,,16,15,1,0->0
9578,5,False,False,,,,,529,528,1,0->0
9578,10,False,False,,,,,1439,1437,2,0->0
9578,20,False,False,,,,,2485,2484,1,0->0
9919,0,False,False,,,,,16,15,1,0->0
9919,5,False,False,,,,,991,990,1,0->0
9919,10,False,False,,,,,1538,1537,1,0->0
9919,20,False,False,,,,,3552,3550,2,0->0
7270,0,False,False,,,,,16,15,1,0->0
7270,5,False,False,,,,,577,576,1,0->0
7270,10,False,False,,,,,2216,2215,1,0->0
7270,20,False,False,,,,,4004,4002,2,0->0
4450,0,False,False,,,,,16,14,2,0->0
4450,5,False,False,,,,,1262,1259,3,0->0
4450,10,False,False,,,,,1262,1260,2,0->0
4450,20,False,False,,,,,3159,3157,2,0->0
5991,0,False,False,,,,,16,15,1,0->0
5991,5,False,False,,,,,475,474,1,0->0
5991,10,False,False,,,,,1585,1584,1,0->0
5991,20,False,False,,,,,3782,3779,3,0->0
2143,0,False,False,,,,,16,15,1,0->0
2143,5,False,False,,,,,728,727,1,0->0
2143,10,False,False,,,,,2329,2328,1,0->0
2143,20,False,False,,,,,3873,3871,2,0->0
6811,0,False,False,,,,,16,14,2,0->0
6811,5,False,False,,,,,1134,1131,3,0->0
6811,10,False,False,,,,,1175,1173,2,0->0
6811,20,False,False,,,,,3205,3202,3,0->0
6704,0,False,False,,,,,16,15,1,0->0
6704,5,False,False,,,,,531,530,1,0->0
6704,10,False,False,,,,,1766,1765,1,0->0
6704,20,False,False,,,,,4029,4027,2,0->0
5644,0,False,False,,,,,16,15,1,0->0
5644,5,False,False,,,,,641,640,1,0->0
5644,10,False,False,,,,,1311,1310,1,0->0
5644,20,False,False,,,,,3106,3105,1,0->0
1277,0,False,False,,,,,16,15,1,0->0
1277,5,False,False,,,,,661,660,1,0->0
1277,10,False,False,,,,,1659,1658,1,0->0
1277,20,False,False,,,,,2811,2810,1,0->0
7666,0,False,False,,,,,16,14,2,0->0
7666,5,False,False,,,,,1213,1211,2,0->0
7666,10,False,False,,,,,918,916,2,0->0
7666,20,False,False,,,,,4152,4149,3,0->0
2520,0,False,False,,,,,16,15,1,0->0
2520,5,False,False,,,,,789,788,1,0->0
2520,10,False,False,,,,,1645,1643,2,0->0
2520,20,False,False,,,,,4388,4386,2,0->0
9785,0,False,False,,,,,16,15,1,0->0
9785,5,False,False,,,,,477,476,1,0->0
9785,10,False,False,,,,,1816,1815,1,0->0
9785,20,False,False,,,,,2563,2562,1,0->0
2896,0,False,False,,,,,16,15,1,0->0
2896,5,False,False,,,,,935,934,1,0->0
2896,10,False,False,,,,,1903,1902,1,0->0
2896,20,False,False,,,,,4114,4112,2,0->0
4408,0,False,False,,,,,16,15,1,0->0
4408,5,False,False,,,,,650,649,1,0->0
4408,10,False,False,,,,,1766,1765,1,0->0
4408,20,False,False,,,,,3338,3337,1,0->0
3089,0,False,False,,,,,16,15,1,0->0
3089,5,False,False,,,,,302,301,1,0->0
3089,10,False,False,,,,,1623,1622,1,0->0
3089,20,False,False,,,,,4987,4986,1,0->0
2588,0,False,False,,,,,16,15,1,0->0
2588,5,False,False,,,,,1561,1560,1,0->0
2588,10,False,False,,,,,1400,1399,1,0->0
2588,20,False,False,,,,,2840,2838,2,0->0
7450,0,False,False,,,,,16,15,1,0->0
7450,5,False,False,,,,,787,786,1,0->0
7450,10,False,False,,,,,1160,1159,1,0->0
7450,20,False,False,,,,,2847,2846,1,0->0
7155,0,False,False,,,,,16,14,2,0->0
7155,5,False,False,,,,,744,742,2,0->0
7155,10,False,False,,,,,1342,1340,2,0->0
7155,20,False,False,,,,,4048,4046,2,0->0
818,0,False,False,,,,,16,15,1,0->0
818,5,False,False,,,,,416,415,1,0->0
818,10,False,False,,,,,2530,2529,1,0->0
818,20,False,False,,,,,2871,2869,2,0->0
6502,0,False,False,,,,,16,15,1,0->0
6502,5,False,False,,,,,728,727,1,0->0
6502,10,False,False,,,,,1373,1372,1,0->0
6502,20,False,False,,,,,2947,2946,1,0->0
722,0,False,False,,,,,16,15,1,0->0
722,5,False,False,,,,,497,496,1,0->0
722,10,False,False,,,,,2143,2142,1,0->0
722,20,False,False,,,,,4119,4118,1,0->0
242,0,False,False,,,,,16,14,2,0->0
242,5,False,False,,,,,411,409,2,0->0
242,10,False,False,,,,,2089,2087,2,0->0
242,20,False,False,,,,,3084,3082,2,0->0
4255,0,False,False,,,,,16,15,1,0->0
4255,5,False,False,,,,,1035,1034,1,0->0
4255,10,False,False,,,,,1040,1039,1,0->0
4255,20,False,False,,,,,3187,3186,1,0->0
1210,0,False,False,,,,,16,15,1,0->0
1210,5,False,False,,,,,848,847,1,0->0
1210,10,False,False,,,,,1341,1340,1,0->0
1210,20,False,False,,,,,3181,3179,2,0->0
49,0,False,False,,,,,16,14,2,0->0
49,5,False,False,,,,,558,556,2,0->0
49,10,False,False,,,,,1530,1527,3,0->0
49,20,False,False,,,,,3212,3209,3,0->0
6976,0,False,False,,,,,16,15,1,0->0
6976,5,False,False,,,,,744,743,1,0->0
6976,10,False,False,,,,,1277,1276,1,0->0
6976,20,False,False,,,,,3762,3761,1,0->0
2536,0,False,False,,,,,16,14,2,0->0
2536,5,False,False,,,,,488,486,2,0->0
2536,10,False,False,,,,,1408,1406,2,0->0
2536,20,False,False,,,,,4028,4026,2,0->0
5399,0,False,False,,,,,16,15,1,0->0
5399,5,False,False,,,,,829,828,1,0->0
5399,10,False,False,,,,,2102,2101,1,0->0
5399,20,False,False,,,,,2951,2950,1,0->0
2142,0,False,False,,,,,16,14,2,0->0
2142,5,False,False,,,,,954,952,2,0->0
2142,10,False,False,,,,,1890,1888,2,0->0
2142,20,False,False,,,,,4769,4767,2,0->0
3671,0,False,False,,,,,16,15,1,0->0
3671,5,False,False,,,,,1014,1013,1,0->0
3671,10,False,False,,,,,975,974,1,0->0
3671,20,False,False,,,,,4306,4302,4,0->0
3081,0,False,False,,,,,16,14,2,0->0
3081,5,False,False,,,,,996,994,2,0->0
3081,10,False,False,,,,,2336,2333,3,0->0
3081,20,False,False,,,,,2361,2359,2,0->0
1596,0,False,False,,,,,16,14,2,0->0
1596,5,False,False,,,,,649,647,2,0->0
1596,10,False,False,,,,,1224,1221,3,0->0
1596,20,False,False,,,,,3085,3082,3,0->0
3407,0,False,False,,,,,16,15,1,0->0
3407,5,False,False,,,,,866,865,1,0->0
3407,10,False,False,,,,,1469,1467,2,0->0
3407,20,False,False,,,,,4060,4059,1,0->0
2885,0,False,False,,,,,16,15,1,0->0
2885,5,False,False,,,,,824,822,2,0->0
2885,10,False,False,,,,,1693,1692,1,0->0
2885,20,False,False,,,,,3875,3874,1,0->0
6574,0,False,False,,,,,16,14,2,0->0
6574,5,False,False,,,,,680,678,2,0->0
6574,10,False,False,,,,,1373,1371,2,0->0
6574,20,False,False,,,,,2034,2032,2,0->0
7193,0,False,False,,,,,16,15,1,0->0
7193,5,False,False,,,,,1137,1136,1,0->0
7193,10,False,False,,,,,1959,1957,2,0->0
7193,20,False,False,,,,,4928,4925,3,0->0
6808,0,False,False,,,,,16,15,1,0->0
6808,5,False,False,,,,,1323,1322,1,0->0
6808,10,False,False,,,,,2019,2018,1,0->0
6808,20,False,False,,,,,3080,3078,2,0->0
9658,0,False,False,,,,,16,15,1,0->0
9658,5,False,False,,,,,891,890,1,0->0
9658,10,False,False,,,,,1827,1826,1,0->0
9658,20,False,False,,,,,4358,4357,1,0->0
877,0,False,False,,,,,16,15,1,0->0
877,5,False,False,,,,,1467,1466,1,0->0
877,10,False,False,,,,,1220,1219,1,0->0
877,20,False,False,,,,,3221,3220,1,0->0
2658,0,False,False,,,,,16,15,1,0->0
2658,5,False,False,,,,,764,763,1,0->0
2658,10,False,False,,,,,811,810,1,0->0
2658,20,False,False,,,,,2890,2886,4,0->0
6094,0,False,False,,,,,16,15,1,0->0
6094,5,False,False,,,,,927,926,1,0->0
6094,10,False,False,,,,,1294,1293,1,0->0
6094,20,False,False,,,,,2883,2882,1,0->0
5336,0,False,False,,,,,16,15,1,0->0
5336,5,False,False,,,,,335,334,1,0->0
5336,10,False,False,,,,,1364,1363,1,0->0
5336,20,False,False,,,,,2263,2262,1,0->0
8916,0,False,False,,,,,16,15,1,0->0
8916,5,False,False,,,,,642,641,1,0->0
8916,10,False,False,,,,,2002,2000,2,0->0
8916,20,False,False,,,,,2893,2892,1,0->0
6892,0,False,False,,,,,16,14,2,0->0
6892,5,False,False,,,,,438,436,2,0->0
6892,10,False,False,,,,,1648,1646,2,0->0
6892,20,False,False,,,,,2445,2442,3,0->0
1894,0,False,False,,,,,16,15,1,0->0
1894,5,False,False,,,,,1159,1158,1,0->0
1894,10,False,False,,,,,1141,1140,1,0->0
1894,20,False,False,,,,,2961,2959,2,0->0
1092,0,False,False,,,,,16,14,2,0->0
1092,5,False,False,,,,,794,792,2,0->0
1092,10,False,False,,,,,812,810,2,0->0
1092,20,False,False,,,,,4730,4727,3,0->0
9400,0,False,False,,,,,16,15,1,0->0
9400,5,False,False,,,,,893,892,1,0->0
9400,10,False,False,,,,,1045,1044,1,0->0
9400,20,False,False,,,,,3031,3030,1,0->0
1735,0,False,False,,,,,16,14,2,0->0
1735,5,False,False,,,,,587,585,2,0->0
1735,10,False,False,,,,,1513,1511,2,0->0
1735,20,False,False,,,,,2678,2676,2,0->0
8381,0,False,False,,,,,16,15,1,0->0
8381,5,False,False,,,,,571,570,1,0->0
8381,10,False,False,,,,,2022,2021,1,0->0
8381,20,False,False,,,,,3789,3788,1,0->0
5848,0,False,False,,,,,16,15,1,0->0
5848,5,False,False,,,,,765,764,1,0->0
5848,10,False,False,,,,,2008,2007,1,0->0
5848,20,False,False,,,,,2807,2806,1,0->0
8561,0,False,False,,,,,16,15,1,0->0
8561,5,False,False,,,,,468,467,1,0->0
8561,10,False,False,,,,,1300,1299,1,0->0
8561,20,False,False,,,,,2829,2827,2,0->0
3157,0,False,False,,,,,16,14,2,0->0
3157,5,False,False,,,,,815,813,2,0->0
3157,10,False,False,,,,,1469,1467,2,0->0
3157,20,False,False,,,,,4233,4230,3,0->0
1768,0,False,False,,,,,16,14,2,0->0
1768,5,False,False,,,,,1112,1110,2,0->0
1768,10,False,False,,,,,1338,1336,2,0->0
1768,20,False,False,,,,,3990,3988,2,0->0
7538,0,False,False,,,,,16,15,1,0->0
7538,5,False,False,,,,,397,396,1,0->0
7538,10,False,False,,,,,1166,1165,1,0->0
7538,20,False,False,,,,,1667,1666,1,0->0
1783,0,False,False,,,,,16,15,1,0->0
1783,5,False,False,,,,,721,720,1,0->0
1783,10,False,False,,,,,2773,2772,1,0->0
1783,20,False,False,,,,,2520,2519,1,0->0
2083,0,False,False,,,,,16,15,1,0->0
2083,5,False,False,,,,,929,928,1,0->0
2083,10,False,False,,,,,1945,1944,1,0->0
2083,20,False,False,,,,,3443,3440,3,0->0
8082,0,False,False,,,,,16,14,2,0->0
8082,5,False,False,,,,,675,673,2,0->0
8082,10,False,False,,,,,1612,1610,2,0->0
8082,20,False,False,,,,,2859,2856,3,0->0
1011,0,False,False,,,,,16,13,3,0->0
1011,5,False,False,,,,,359,356,3,0->0
1011,10,False,False,,,,,1794,1790,4,0->0
1011,20,False,False,,,,,3361,3358,3,0->0
4901,0,False,False,,,,,16,15,1,0->0
4901,5,False,False,,,,,841,840,1,0->0
4901,10,False,False,,,,,821,820,1,0->0
4901,20,False,False,,,,,2596,2595,1,0->0
8699,0,False,False,,,,,16,15,1,0->0
8699,5,False,False,,,,,976,975,1,0->0
8699,10,False,False,,,,,1581,1580,1,0->0
8699,20,False,False,,,,,3723,3720,3,0->0
3776,0,False,False,,,,,16,15,1,0->0
3776,5,False,False,,,,,1013,1011,2,0->0
3776,10,False,False,,,,,1217,1216,1,0->0
3776,20,False,False,,,,,2769,2768,1,0->0
5353,0,False,False,,,,,16,15,1,0->0
5353,5,False,False,,,,,941,940,1,0->0
5353,10,False,False,,,,,1325,1324,1,0->0
5353,20,False,False,,,,,1726,1724,2,0->0
2837,0,False,False,,,,,16,14,2,0->0
2837,5,False,False,,,,,926,924,2,0->0
2837,10,False,False,,,,,1285,1283,2,0->0
2837,20,False,False,,,,,2501,2499,2,0->0
4348,0,False,False,,,,,16,15,1,0->0
4348,5,False,False,,,,,403,402,1,0->0
4348,10,False,False,,,,,1572,1571,1,0->0
4348,20,False,False,,,,,3706,3705,1,0->0
3406,0,False,False,,,,,16,15,1,0->0
3406,5,False,False,,,,,1089,1088,1,0->0
3406,10,False,False,,,,,1316,1315,1,0->0
3406,20,False,False,,,,,3383,3381,2,0->0
3803,0,False,False,,,,,16,15,1,0->0
3803,5,False,False,,,,,779,778,1,0->0
3803,10,False,False,,,,,932,931,1,0->0
3803,20,False,False,,,,,2494,2492,2,0->0
2428,0,False,False,,,,,16,15,1,0->0
2428,5,False,False,,,,,367,366,1,0->0
2428,10,False,False,,,,,1898,1897,1,0->0
2428,20,False,False,,,,,4640,4636,4,0->0
2515,0,False,False,,,,,16,15,1,0->0
2515,5,False,False,,,,,709,708,1,0->0
2515,10,False,False,,,,,903,902,1,0->0
2515,20,False,False,,,,,3773,3770,3,0->0
6041,0,False,False,,,,,16,14,2,0->0
6041,5,False,False,,,,,826,824,2,0->0
6041,10,False,False,,,,,1799,1796,3,0->0
6041,20,False,False,,,,,4772,4769,3,0->0
4877,0,False,False,,,,,16,15,1,0->0
4877,5,False,False,,,,,801,800,1,0->0
4877,10,False,False,,,,,1366,1365,1,0->0
4877,20,False,False,,,,,3279,3278,1,0->0
8739,0,False,False,,,,,16,15,1,0->0
8739,5,False,False,,,,,507,506,1,0->0
8739,10,False,False,,,,,922,921,1,0->0
8739,20,False,False,,,,,3429,3427,2,0->0
1497,0,False,False,,,,,16,14,2,0->0
1497,5,False,False,,,,,1185,1183,2,0->0
1497,10,False,False,,,,,2041,2039,2,0->0
1497,20,False,False,,,,,3912,3908,4,0->0
8313,0,False,False,,,,,16,14,2,0->0
8313,5,False,False,,,,,1038,1036,2,0->0
8313,10,False,False,,,,,1602,1600,2,0->0
8313,20,False,False,,,,,2516,2514,2,0->0
1151,0,False,False,,,,,16,15,1,0->0
1151,5,False,False,,,,,689,688,1,0->0
1151,10,False,False,,,,,1335,1334,1,0->0
1151,20,False,False,,,,,3822,3820,2,0->0
1741,0,False,False,,,,,16,15,1,0->0
1741,5,False,False,,,,,1175,1174,1,0->0
1741,10,False,False,,,,,1828,1826,2,0->0
1741,20,False,False,,,,,2522,2521,1,0->0
7034,0,False,False,,,,,16,15,1,0->0
7034,5,False,False,,,,,1379,1378,1,0->0
7034,10,False,False,,,,,1280,1279,1,0->0
7034,20,False,False,,,,,2499,2498,1,0->0
9633,0,False,False,,,,,16,15,1,0->0
9633,5,False,False,,,,,623,622,1,0->0
9633,10,False,False,,,,,1531,1530,1,0->0
9633,20,False,False,,,,,2444,2443,1,0->0
4930,0,False,False,,,,,16,15,1,0->0
4930,5,False,False,,,,,1154,1153,1,0->0
4930,10,False,False,,,,,2364,2363,1,0->0
4930,20,False,False,,,,,3617,3615,2,0->0
8221,0,False,False,,,,,16,14,2,0->0
8221,5,False,False,,,,,853,851,2,0->0
8221,10,False,False,,,,,2201,2199,2,0->0
8221,20,False,False,,,,,2716,2714,2,0->0
4736,0,False,False,,,,,16,14,2,0->0
4736,5,False,False,,,,,756,754,2,0->0
4736,10,False,False,,,,,1416,1414,2,0->0
4736,20,False,False,,,,,3977,3975,2,0->0
3845,0,False,False,,,,,16,14,2,0->0
3845,5,False,False,,,,,1126,1124,2,0->0
3845,10,False,False,,,,,2257,2255,2,0->0
3845,20,False,False,,,,,2912,2910,2,0->0
2567,0,False,False,,,,,16,14,2,0->0
2567,5,False,False,,,,,760,758,2,0->0
2567,10,False,False,,,,,1992,1990,2,0->0
2567,20,False,False,,,,,2534,2531,3,0->0
6393,0,False,False,,,,,16,14,2,0->0
6393,5,False,False,,,,,635,633,2,0->0
6393,10,False,False,,,,,1756,1754,2,0->0
6393,20,False,False,,,,,3157,3154,3,0->0
6212,0,False,False,,,,,16,15,1,0->0
6212,5,False,False,,,,,956,955,1,0->0
6212,10,False,False,,,,,1837,1836,1,0->0
6212,20,False,False,,,,,3056,3055,1,0->0
3300,0,False,False,,,,,16,14,2,0->0
3300,5,False,False,,,,,277,275,2,0->0
3300,10,False,False,,,,,2316,2314,2,0->0
3300,20,False,False,,,,,3288,3285,3,0->0
7987,0,False,False,,,,,16,15,1,0->0
7987,5,False,False,,,,,711,710,1,0->0
7987,10,False,False,,,,,1646,1645,1,0->0
7987,20,False,False,,,,,3804,3803,1,0->0
6880,0,False,False,,,,,16,14,2,0->0
6880,5,False,False,,,,,1145,1143,2,0->0
6880,10,False,False,,,,,1784,1782,2,0->0
6880,20,False,False,,,,,4182,4180,2,0->0
6237,0,False,False,,,,,16,15,1,0->0
6237,5,False,False,,,,,1277,1276,1,0->0
6237,10,False,False,,,,,2012,2011,1,0->0
6237,20,False,False,,,,,2780,2779,1,0->0
6155,0,False,False,,,,,16,15,1,0->0
6155,5,False,False,,,,,851,850,1,0->0
6155,10,False,False,,,,,2069,2068,1,0->0
6155,20,False,False,,,,,3763,3761,2,0->0
6217,0,False,False,,,,,16,15,1,0->0
6217,5,False,False,,,,,921,920,1,0->0
6217,10,False,False,,,,,1345,1344,1,0->0
6217,20,False,False,,,,,2777,2776,1,0->0
1784,0,False,False,,,,,16,15,1,0->0
1784,5,False,False,,,,,431,430,1,0->0
1784,10,False,False,,,,,1598,1597,1,0->0
1784,20,False,False,,,,,3636,3635,1,0->0
3822,0,False,False,,,,,16,15,1,0->0
3822,5,False,False,,,,,1145,1144,1,0->0
3822,10,False,False,,,,,1986,1985,1,0->0
3822,20,False,False,,,,,4158,4156,2,0->0
3055,0,False,False,,,,,16,14,2,0->0
3055,5,False,False,,,,,784,782,2,0->0
3055,10,False,False,,,,,1082,1080,2,0->0
3055,20,False,False,,,,,2352,2349,3,0->0
6529,0,False,False,,,,,16,15,1,0->0
6529,5,False,False,,,,,1260,1258,2,0->0
6529,10,False,False,,,,,1022,1021,1,0->0
6529,20,False,False,,,,,3617,3615,2,0->0
2220,0,False,False,,,,,16,15,1,0->0
2220,5,False,False,,,,,513,512,1,0->0
2220,10,False,False,,,,,1907,1906,1,0->0
2220,20,False,False,,,,,2553,2552,1,0->0
2088,0,False,False,,,,,16,14,2,0->0
2088,5,False,False,,,,,544,542,2,0->0
2088,10,False,False,,,,,802,800,2,0->0
2088,20,False,False,,,,,2350,2348,2,0->0
7763,0,False,False,,,,,16,15,1,0->0
7763,5,False,False,,,,,947,946,1,0->0
7763,10,False,False,,,,,1582,1581,1,0->0
7763,20,False,False,,,,,3574,3573,1,0->0
2539,0,False,False,,,,,16,15,1,0->0
2539,5,False,False,,,,,337,336,1,0->0
2539,10,False,False,,,,,1902,1900,2,0->0
2539,20,False,False,,,,,3551,3549,2,0->0
1209,0,False,False,,,,,16,15,1,0->0
1209,5,False,False,,,,,1142,1140,2,0->0
1209,10,False,False,,,,,2041,2040,1,0->0
1209,20,False,False,,,,,5434,5432,2,0->0
6602,0,False,False,,,,,16,15,1,0->0
6602,5,False,False,,,,,752,751,1,0->0
6602,10,False,False,,,,,1615,1614,1,0->0
6602,20,False,False,,,,,3349,3348,1,0->0
9769,0,False,False,,,,,16,15,1,0->0
9769,5,False,False,,,,,1389,1388,1,0->0
9769,10,False,False,,,,,1513,1511,2,0->0
9769,20,False,False,,,,,3018,3016,2,0->0
5376,0,False,False,,,,,16,15,1,0->0
5376,5,False,False,,,,,339,338,1,0->0
5376,10,False,False,,,,,1685,1684,1,0->0
5376,20,False,False,,,,,3398,3395,3,0->0
8286,0,False,False,,,,,16,14,2,0->0
8286,5,False,False,,,,,438,436,2,0->0
8286,10,False,False,,,,,2302,2300,2,0->0
8286,20,False,False,,,,,3024,3020,4,0->0
3230,0,False,False,,,,,16,14,2,0->0
3230,5,False,False,,,,,995,993,2,0->0
3230,10,False,False,,,,,2362,2360,2,0->0
3230,20,False,False,,,,,3638,3635,3,0->0
7574,0,False,False,,,,,16,15,1,0->0
7574,5,False,False,,,,,746,745,1,0->0
7574,10,False,False,,,,,1569,1568,1,0->0
7574,20,False,False,,,,,3036,3033,3,0->0
6300,0,False,False,,,,,16,14,2,0->0
6300,5,False,False,,,,,650,648,2,0->0
6300,10,False,False,,,,,989,987,2,0->0
6300,20,False,False,,,,,3105,3103,2,0->0
9182,0,False,False,,,,,16,15,1,0->0
9182,5,False,False,,,,,1422,1421,1,0->0
9182,10,False,False,,,,,2024,2022,2,0->0
9182,20,False,False,,,,,2956,2955,1,0->0
5553,0,False,False,,,,,16,13,3,0->0
5553,5,False,False,,,,,473,470,3,0->0
5553,10,False,False,,,,,1967,1964,3,0->0
5553,20,False,False,,,,,2433,2430,3,0->0
6795,0,False,False,,,,,16,14,2,0->0
6795,5,False,False,,,,,560,558,2,0->0
6795,10,False,False,,,,,977,975,2,0->0
6795,20,False,False,,,,,3223,3221,2,0->0
2923,0,False,False,,,,,16,15,1,0->0
2923,5,False,False,,,,,749,748,1,0->0
2923,10,False,False,,,,,1185,1184,1,0->0
2923,20,False,False,,,,,3153,3152,1,0->0
4561,0,False,False,,,,,16,14,2,0->0
4561,5,False,False,,,,,1448,1445,3,0->0
4561,10,False,False,,,,,1348,1346,2,0->0
4561,20,False,False,,,,,3415,3411,4,0->0
7937,0,False,False,,,,,16,15,1,0->0
7937,5,False,False,,,,,650,649,1,0->0
7937,10,False,False,,,,,1746,1745,1,0->0
7937,20,False,False,,,,,2331,2329,2,0->0
8574,0,False,False,,,,,16,15,1,0->0
8574,5,False,False,,,,,1229,1228,1,0->0
8574,10,False,False,,,,,1351,1350,1,0->0
8574,20,False,False,,,,,2586,2585,1,0->0
2202,0,False,False,,,,,16,15,1,0->0
2202,5,False,False,,,,,1058,1057,1,0->0
2202,10,False,False,,,,,1607,1606,1,0->0
2202,20,False,False,,,,,2875,2874,1,0->0
4261,0,False,False,,,,,16,15,1,0->0
4261,5,False,False,,,,,689,688,1,0->0
4261,10,False,False,,,,,2603,2601,2,0->0
4261,20,False,False,,,,,3205,3204,1,0->0
9246,0,False,False,,,,,16,15,1,0->0
9246,5,False,False,,,,,959,958,1,0->0
9246,10,False,False,,,,,1342,1341,1,0->0
9246,20,False,False,,,,,2405,2403,2,0->0
252,0,False,False,,,,,16,15,1,0->0
252,5,False,False,,,,,613,612,1,0->0
252,10,False,False,,,,,1628,1627,1,0->0
252,20,False,False,,,,,2798,2797,1,0->0
8008,0,False,False,,,,,16,15,1,0->0
8008,5,False,False,,,,,353,352,1,0->0
8008,10,False,False,,,,,927,926,1,0->0
8008,20,False,False,,,,,2610,2608,2,0->0
6320,0,False,False,,,,,16,15,1,0->0
6320,5,False,False,,,,,1240,1239,1,0->0
6320,10,False,False,,,,,1228,1227,1,0->0
6320,20,False,False,,,,,1372,1371,1,0->0
932,0,False,False,,,,,16,15,1,0->0
932,5,False,False,,,,,726,725,1,0->0
932,10,False,False,,,,,1855,1854,1,0->0
932,20,False,False,,,,,4205,4201,4,0->0
4719,0,False,False,,,,,16,15,1,0->0
4719,5,False,False,,,,,403,402,1,0->0
4719,10,False,False,,,,,1277,1276,1,0->0
4719,20,False,False,,,,,2083,2082,1,0->0
6700,0,False,False,,,,,16,15,1,0->0
6700,5,False,False,,,,,487,486,1,0->0
6700,10,False,False,,,,,1610,1609,1,0->0
6700,20,False,False,,,,,2032,2031,1,0->0
9709,0,False,False,,,,,16,15,1,0->0
9709,5,False,False,,,,,925,924,1,0->0
9709,10,False,False,,,,,994,992,2,0->0
9709,20,False,False,,,,,3197,3196,1,0->0
1283,0,False,False,,,,,16,15,1,0->0
1283,5,False,False,,,,,613,612,1,0->0
1283,10,False,False,,,,,2721,2720,1,0->0
1283,20,False,False,,,,,3793,3791,2,0->0
4699,0,False,False,,,,,16,15,1,0->0
4699,5,False,False,,,,,800,799,1,0->0
4699,10,False,False,,,,,1894,1893,1,0->0
4699,20,False,False,,,,,2103,2102,1,0->0
734,0,False,False,,,,,16,15,1,0->0
734,5,False,False,,,,,596,595,1,0->0
734,10,False,False,,,,,1726,1725,1,0->0
734,20,False,False,,,,,4143,4141,2,0->0
5831,0,False,False,,,,,16,15,1,0->0
5831,5,False,False,,,,,799,798,1,0->0
5831,10,False,False,,,,,1630,1629,1,0->0
5831,20,False,False,,,,,3221,3220,1,0->0
4017,0,False,False,,,,,16,14,2,0->0
4017,5,False,False,,,,,643,641,2,0->0
4017,10,False,False,,,,,1883,1880,3,0->0
4017,20,False,False,,,,,3452,3448,4,0->0
329,0,False,False,,,,,16,15,1,0->0
329,5,False,False,,,,,787,786,1,0->0
329,10,False,False,,,,,1841,1839,2,0->0
329,20,False,False,,,,,3204,3202,2,0->0
2460,0,False,False,,,,,16,15,1,0->0
2460,5,False,False,,,,,836,835,1,0->0
2460,10,False,False,,,,,1467,1466,1,0->0
2460,20,False,False,,,,,3192,3191,1,0->0
4792,0,False,False,,,,,16,14,2,0->0
4792,5,False,False,,,,,312,310,2,0->0
4792,10,False,False,,,,,1829,1827,2,0->0
4792,20,False,False,,,,,3733,3729,4,0->0
8192,0,False,False,,,,,16,15,1,0->0
8192,5,False,False,,,,,548,547,1,0->0
8192,10,False,False,,,,,1676,1674,2,0->0
8192,20,False,False,,,,,2520,2518,2,0->0
5739,0,False,False,,,,,16,15,1,0->0
5739,5,False,False,,,,,1015,1014,1,0->0
5739,10,False,False,,,,,2088,2087,1,0->0
5739,20,False,False,,,,,4205,4204,1,0->0
1981,0,False,False,,,,,16,14,2,0->0
1981,5,False,False,,,,,532,530,2,0->0
1981,10,False,False,,,,,1235,1232,3,0->0
1981,20,False,False,,,,,1704,1702,2,0->0
9216,0,False,False,,,,,16,15,1,0->0
9216,5,False,False,,,,,1705,1704,1,0->0
9216,10,False,False,,,,,1964,1961,3,0->0
9216,20,False,False,,,,,3712,3711,1,0->0
7665,0,False,False,,,,,16,14,2,0->0
7665,5,False,False,,,,,1047,1045,2,0->0
7665,10,False,False,,,,,1304,1301,3,0->0
7665,20,False,False,,,,,3590,3587,3,0->0
6289,0,False,False,,,,,16,14,2,0->0
6289,5,False,False,,,,,929,927,2,0->0
6289,10,False,False,,,,,1601,1599,2,0->0
6289,20,False,False,,,,,4197,4193,4,0->0
9934,0,False,False,,,,,16,14,2,0->0
9934,5,False,False,,,,,833,831,2,0->0
9934,10,False,False,,,,,2115,2113,2,0->0
9934,20,False,False,,,,,2707,2703,4,0->0
1817,0,False,False,,,,,16,15,1,0->0
1817,5,False,False,,,,,624,623,1,0->0
1817,10,False,False,,,,,2157,2155,2,0->0
1817,20,False,False,,,,,2507,2505,2,0->0
5610,0,False,False,,,,,16,15,1,0->0
5610,5,False,False,,,,,882,881,1,0->0
5610,10,False,False,,,,,1064,1062,2,0->0
5610,20,False,False,,,,,2453,2452,1,0->0
6788,0,False,False,,,,,16,15,1,0->0
6788,5,False,False,,,,,1455,1453,2,0->0
6788,10,False,False,,,,,1749,1748,1,0->0
6788,20,False,False,,,,,2781,2779,2,0->0
2068,0,False,False,,,,,16,15,1,0->0
2068,5,False,False,,,,,695,694,1,0->0
2068,10,False,False,,,,,1630,1629,1,0->0
2068,20,False,False,,,,,2322,2321,1,0->0
8398,0,False,False,,,,,16,15,1,0->0
8398,5,False,False,,,,,1072,1071,1,0->0
8398,10,False,False,,,,,1378,1377,1,0->0
8398,20,False,False,,,,,2873,2871,2,0->0
2597,0,False,False,,,,,16,15,1,0->0
2597,5,False,False,,,,,1377,1376,1,0->0
2597,10,False,False,,,,,1577,1576,1,0->0
2597,20,False,False,,,,,3323,3319,4,0->0
8948,0,False,False,,,,,16,15,1,0->0
8948,5,False,False,,,,,1626,1625,1,0->0
8948,10,False,False,,,,,2076,2075,1,0->0
8948,20,False,False,,,,,3207,3206,1,0->0
5489,0,False,False,,,,,16,15,1,0->0
5489,5,False,False,,,,,538,537,1,0->0
5489,10,False,False,,,,,2542,2541,1,0->0
5489,20,False,False,,,,,3360,3359,1,0->0
4306,0,False,False,,,,,16,15,1,0->0
4306,5,False,False,,,,,729,728,1,0->0
4306,10,False,False,,,,,1587,1586,1,0->0
4306,20,False,False,,,,,2578,2576,2,0->0
5886,0,False,False,,,,,16,14,2,0->0
5886,5,False,False,,,,,858,856,2,0->0
5886,10,False,False,,,,,1940,1938,2,0->0
5886,20,False,False,,,,,3247,3245,2,0->0
8191,0,False,False,,,,,16,15,1,0->0
8191,5,False,False,,,,,954,952,2,0->0
8191,10,False,False,,,,,2094,2093,1,0->0
8191,20,False,False,,,,,2989,2988,1,0->0
3325,0,False,False,,,,,16,15,1,0->0
3325,5,False,False,,,,,1669,1668,1,0->0
3325,10,False,False,,,,,1292,1291,1,0->0
3325,20,False,False,,,,,3073,3071,2,0->0
1577,0,False,False,,,,,16,15,1,0->0
1577,5,False,False,,,,,849,848,1,0->0
1577,10,False,False,,,,,2150,2149,1,0->0
1577,20,False,False,,,,,2875,2874,1,0->0
7096,0,False,False,,,,,16,14,2,0->0
7096,5,False,False,,,,,846,844,2,0->0
7096,10,False,False,,,,,1316,1313,3,0->0
7096,20,False,False,,,,,3260,3258,2,0->0
6897,0,False,False,,,,,16,15,1,0->0
6897,5,False,False,,,,,892,891,1,0->0
6897,10,False,False,,,,,1333,1332,1,0->0
6897,20,False,False,,,,,3167,3165,2,0->0
6033,0,False,False,,,,,16,15,1,0->0
6033,5,False,False,,,,,460,459,1,0->0
6033,10,False,False,,,,,1209,1208,1,0->0
6033,20,False,False,,,,,3622,3620,2,0->0
2742,0,False,False,,,,,16,14,2,0->0
2742,5,False,False,,,,,1195,1193,2,0->0
2742,10,False,False,,,,,1170,1168,2,0->0
2742,20,False,False,,,,,3484,3478,6,0->0
7561,0,False,False,,,,,16,15,1,0->0
7561,5,False,False,,,,,1242,1241,1,0->0
7561,10,False,False,,,,,2321,2319,2,0->0
7561,20,False,False,,,,,3139,3137,2,0->0
4526,0,False,False,,,,,16,14,2,0->0
4526,5,False,False,,,,,357,355,2,0->0
4526,10,False,False,,,,,2571,2569,2,0->0
4526,20,False,False,,,,,3014,3012,2,0->0
6074,0,False,False,,,,,16,15,1,0->0
6074,5,False,False,,,,,1081,1079,2,0->0
6074,10,False,False,,,,,1574,1573,1,0->0
6074,20,False,False,,,,,3692,3691,1,0->0
2991,0,False,False,,,,,16,15,1,0->0
2991,5,False,False,,,,,639,638,1,0->0
2991,10,False,False,,,,,1381,1380,1,0->0
2991,20,False,False,,,,,3275,3272,3,0->0
3302,0,False,False,,,,,16,15,1,0->0
3302,5,False,False,,,,,800,799,1,0->0
3302,10,False,False,,,,,1170,1169,1,0->0
3302,20,False,False,,,,,3513,3511,2,0->0
8677,0,False,False,,,,,16,15,1,0->0
8677,5,False,False,,,,,728,727,1,0->0
8677,10,False,False,,,,,2117,2116,1,0->0
8677,20,False,False,,,,,2673,2672,1,0->0
4645,0,False,False,,,,,16,15,1,0->0
4645,5,False,False,,,,,838,837,1,0->0
4645,10,False,False,,,,,1498,1497,1,0->0
4645,20,False,False,,,,,3339,3336,3,0->0
6916,0,False,False,,,,,16,14,2,0->0
6916,5,False,False,,,,,1313,1311,2,0->0
6916,10,False,False,,,,,1357,1355,2,0->0
6916,20,False,False,,,,,4732,4729,3,0->0
2679,0,False,False,,,,,16,14,2,0->0
2679,5,False,False,,,,,1255,1253,2,0->0
2679,10,False,False,,,,,1904,1902,2,0->0
2679,20,False,False,,,,,2912,2910,2,0->0
2459,0,False,False,,,,,16,15,1,0->0
2459,5,False,False,,,,,664,663,1,0->0
2459,10,False,False,,,,,1588,1587,1,0->0
2459,20,False,False,,,,,2902,2901,1,0->0
3216,0,False,False,,,,,16,14,2,0->0
3216,5,False,False,,,,,250,248,2,0->0
3216,10,False,False,,,,,1361,1358,3,0->0
3216,20,False,False,,,,,3243,3240,3,0->0
