pseudo_event,mu,found,delta_s,delta_w,hits,pu_events
0,5,False,,,479,"409,454,434,753,32"
1,5,False,,,1127,"624,125,171,519,113"
2,5,False,,,797,"988,765,422,948,790"
3,5,False,,,691,"860,310,15,169,284"
4,5,False,,,1646,"56,735,397,241,544"
5,5,False,,,512,"736,565,732,897,542"
6,5,False,,,863,"762,43,691,917,79"
7,5,False,,,1206,"269,426,532,585,840"
8,5,False,,,1172,"182,453,63,326,847"
9,5,False,,,688,"4,966,751,619,801"
10,5,False,,,381,"226,347,639,492,59"
11,5,False,,,254,"752,926,727,459,49"
12,5,False,,,882,"787,532,214,61,225"
13,5,False,,,1116,"989,626,5,695,288"
14,5,False,,,897,"308,700,490,910,593"
15,5,False,,,862,"289,703,420,142,818"
16,5,False,,,1062,"150,162,147,293,413"
17,5,False,,,327,"585,570,331,958,506"
18,5,False,,,556,"402,12,838,43,304"
19,5,False,,,1353,"162,350,32,823,733"
20,5,False,,,821,"356,792,263,238,632"
21,5,False,,,1098,"662,860,505,955,535"
22,5,False,,,748,"263,887,768,547,355"
23,5,False,,,1386,"363,953,444,290,823"
24,5,False,,,1163,"109,247,72,595,493"
25,5,False,,,590,"301,61,159,767,280"
26,5,False,,,1673,"588,876,417,350,97"
27,5,False,,,739,"756,893,168,158,584"
28,5,False,,,336,"342,276,362,595,814"
29,5,False,,,1098,"625,493,347,156,964"
30,5,False,,,246,"40,13,873,476,975"
31,5,False,,,582,"355,702,817,950,319"
32,5,False,,,1164,"554,320,716,445,651"
33,5,False,,,775,"656,600,263,313,489"
34,5,False,,,689,"373,798,164,428,721"
35,5,False,,,771,"617,592,817,663,930"
36,5,False,,,511,"477,438,301,862,614"
37,5,False,,,833,"157,1000,565,873,68"
38,5,False,,,641,"3,250,398,59,763"
39,5,False,,,583,"476,681,473,810,378"
40,5,False,,,666,"307,463,679,867,183"
41,5,False,,,415,"654,641,575,415,17"
42,5,False,,,925,"18,57,202,1,78"
43,5,False,,,414,"288,475,650,244,981"
44,5,False,,,554,"873,276,241,5,572"
45,5,False,,,304,"65,180,412,551,22"
46,5,False,,,485,"331,637,261,821,560"
47,5,False,,,508,"128,425,202,597,454"
48,5,False,,,779,"164,468,810,360,723"
49,5,False,,,268,"515,571,528,970,60"
50,5,False,,,361,"690,685,195,885,810"
51,5,False,,,1186,"15,242,455,618,887"
52,5,False,,,404,"762,510,727,7,897"
53,5,False,,,272,"524,520,806,527,305"
54,5,False,,,464,"186,759,983,733,635"
55,5,False,,,1532,"689,776,319,368,713"
56,5,False,,,849,"164,744,610,174,704"
57,5,False,,,1037,"568,194,232,879,454"
58,5,False,,,1120,"859,363,842,257,203"
59,5,False,,,693,"251,581,777,253,737"
60,5,False,,,682,"364,56,555,93,779"
61,5,False,,,320,"472,244,80,870,270"
62,5,False,,,1159,"598,735,745,314,398"
63,5,False,,,465,"100,943,496,542,179"
64,5,False,,,938,"786,719,518,651,530"
65,5,False,,,908,"922,988,164,181,492"
66,5,False,,,1433,"574,879,174,887,926"
67,5,False,,,617,"176,174,787,908,999"
68,5,False,,,926,"259,268,833,587,297"
69,5,False,,,738,"437,676,723,781,591"
70,5,False,,,1137,"364,438,952,874,935"
71,5,False,,,725,"600,232,217,740,253"
72,5,False,,,1159,"127,643,393,802,445"
73,5,False,,,444,"538,249,875,966,978"
74,5,False,,,731,"160,267,851,317,844"
75,5,False,,,1341,"973,899,598,172,279"
76,5,False,,,977,"919,482,391,673,187"
77,5,False,,,560,"211,21,458,533,975"
78,5,False,,,333,"778,679,893,76,148"
79,5,False,,,1606,"527,221,320,326,210"
80,5,False,,,713,"977,393,643,202,970"
81,5,False,,,1095,"765,284,577,442,26"
82,5,False,,,1402,"569,382,821,419,20"
83,5,False,,,435,"937,714,446,387,13"
84,5,False,,,658,"977,404,47,548,623"
85,5,False,,,562,"209,852,2,99,252"
86,5,False,,,575,"674,580,842,337,304"
87,5,False,,,623,"34,176,145,621,358"
88,5,False,,,931,"156,489,257,724,426"
89,5,False,,,1102,"368,172,283,737,468"
90,5,False,,,981,"25,98,111,411,1"
91,5,False,,,539,"521,312,975,476,984"
92,5,False,,,1065,"953,598,272,331,782"
93,5,False,,,412,"613,155,755,177,7"
94,5,False,,,997,"604,961,786,813,974"
95,5,False,,,479,"393,594,177,621,457"
96,5,False,,,534,"251,405,108,760,810"
97,5,False,,,794,"940,556,765,826,602"
98,5,False,,,249,"551,7,152,985,705"
99,5,False,,,702,"680,279,584,913,991"
100,5,False,,,758,"193,826,911,950,105"
101,5,False,,,1209,"489,874,535,856,369"
102,5,False,,,728,"660,325,518,114,355"
103,5,False,,,1212,"259,618,556,854,754"
104,5,False,,,861,"791,963,445,3,67"
105,5,False,,,824,"493,166,56,935,685"
106,5,False,,,281,"768,62,886,387,606"
107,5,False,,,763,"803,86,528,700,222"
108,5,False,,,926,"558,230,550,80,524"
109,5,False,,,1096,"597,735,447,787,691"
110,5,False,,,261,"244,243,217,454,757"
111,5,False,,,910,"542,783,469,566,840"
112,5,False,,,554,"642,159,340,587,624"
113,5,False,,,1303,"506,39,482,73,387"
114,5,False,,,1108,"834,205,639,78,482"
115,5,False,,,605,"190,113,895,144,6"
116,5,False,,,532,"318,563,413,575,359"
117,5,False,,,647,"582,146,976,54,137"
118,5,False,,,928,"380,524,743,541,194"
119,5,False,,,297,"287,856,33,568,352"
120,5,False,,,763,"835,152,455,603,641"
121,5,False,,,327,"266,404,758,752,924"
122,5,False,,,678,"943,979,147,168,355"
123,5,False,,,1243,"794,808,615,391,197"
124,5,False,,,1083,"610,689,11,863,980"
125,5,False,,,883,"407,536,723,906,164"
126,5,False,,,530,"86,317,591,60,940"
127,5,False,,,570,"456,27,294,506,958"
128,5,False,,,358,"908,224,108,189,575"
129,5,False,,,457,"564,586,883,177,523"
130,5,False,,,1137,"416,578,708,681,524"
131,5,False,,,727,"312,566,285,765,201"
132,5,False,,,880,"648,625,979,785,893"
133,5,False,,,454,"947,225,168,156,195"
134,5,False,,,1229,"428,356,767,350,780"
135,5,False,,,720,"305,788,383,962,754"
136,5,False,,,770,"169,260,542,58,164"
137,5,False,,,589,"703,586,788,22,82"
138,5,False,,,1587,"642,731,88,460,230"
139,5,False,,,454,"126,6,411,206,177"
140,5,False,,,916,"828,204,57,91,790"
141,5,False,,,211,"297,403,125,546,318"
142,5,False,,,523,"830,892,376,42,201"
143,5,False,,,628,"180,382,369,273,938"
144,5,False,,,400,"192,872,408,832,356"
145,5,False,,,612,"443,500,513,458,316"
146,5,False,,,842,"636,486,632,162,867"
147,5,False,,,813,"556,43,404,880,694"
148,5,False,,,933,"837,465,379,566,635"
149,5,False,,,1202,"195,416,444,235,419"
150,5,False,,,635,"383,979,838,865,873"
151,5,False,,,1671,"140,216,931,37,434"
152,5,False,,,1007,"662,945,359,748,716"
153,5,False,,,429,"29,250,592,97,824"
154,5,False,,,673,"883,138,697,534,689"
155,5,False,,,845,"594,57,483,192,941"
156,5,False,,,747,"788,241,443,532,595"
157,5,False,,,313,"793,530,601,94,587"
158,5,False,,,1540,"584,342,667,366,447"
159,5,False,,,1281,"802,513,638,988,719"
160,5,False,,,260,"810,886,501,154,934"
161,5,False,,,1184,"216,824,371,164,178"
162,5,False,,,818,"797,933,280,172,972"
163,5,False,,,747,"890,851,49,734,140"
164,5,False,,,381,"511,554,23,992,418"
165,5,False,,,1000,"768,803,382,896,505"
166,5,False,,,789,"515,471,301,116,454"
167,5,False,,,108,"736,910,737,317,18"
168,5,False,,,512,"872,79,984,915,106"
169,5,False,,,560,"978,65,111,268,17"
170,5,False,,,696,"719,34,948,749,228"
171,5,False,,,822,"629,729,441,320,141"
172,5,False,,,531,"145,617,575,303,421"
173,5,False,,,772,"610,223,117,513,208"
174,5,False,,,1092,"868,767,212,826,678"
175,5,False,,,486,"1000,169,856,396,769"
176,5,False,,,336,"523,686,972,101,167"
177,5,False,,,948,"832,316,777,683,197"
178,5,False,,,684,"769,760,941,694,830"
179,5,False,,,219,"439,919,277,992,207"
180,5,False,,,537,"919,405,969,247,595"
181,5,False,,,980,"363,699,787,182,487"
182,5,False,,,925,"218,372,163,226,915"
183,5,False,,,471,"417,62,705,507,908"
184,5,False,,,733,"745,780,408,157,137"
185,5,False,,,1559,"419,711,314,444,700"
186,5,False,,,622,"692,327,899,152,835"
187,5,False,,,1239,"358,711,874,821,695"
188,5,False,,,778,"326,924,781,778,141"
189,5,False,,,790,"254,582,603,878,202"
190,5,False,,,733,"528,119,712,767,161"
191,5,False,,,550,"770,638,591,702,97"
192,5,False,,,585,"475,725,352,147,245"
193,5,False,,,770,"193,373,590,186,753"
194,5,False,,,976,"239,97,482,48,63"
195,5,False,,,1098,"114,738,471,910,958"
196,5,False,,,683,"867,661,436,890,17"
197,5,False,,,1028,"8,62,887,415,630"
198,5,False,,,459,"539,184,394,154,17"
199,5,False,,,580,"443,906,570,555,365"
0,10,False,,,1788,"687,512,103,245,530,95,321,924,289,272"
1,10,False,,,2329,"147,974,905,911,767,105,832,845,716,441"
2,10,False,,,1418,"45,999,324,130,285,560,837,692,988,452"
3,10,False,,,1751,"597,551,364,197,768,459,496,455,74,710"
4,10,False,,,1358,"797,666,919,746,617,736,309,397,490,836"
5,10,False,,,2419,"668,806,712,158,618,548,428,457,659,512"
6,10,False,,,1278,"383,15,619,933,522,523,317,245,92,992"
7,10,False,,,859,"907,285,769,23,86,926,280,816,261,778"
8,10,False,,,1079,"297,586,314,941,610,522,715,412,686,857"
9,10,False,,,1748,"543,501,226,103,309,887,209,599,542,187"
10,10,False,,,1769,"17,902,491,513,927,872,84,139,739,164"
11,10,False,,,925,"182,956,786,547,486,443,686,119,771,43"
12,10,False,,,1096,"533,357,715,314,244,370,933,87,402,637"
13,10,False,,,1702,"434,476,376,999,769,499,683,350,824,365"
14,10,False,,,2350,"268,657,891,359,546,569,270,471,721,610"
15,10,False,,,845,"63,913,126,301,793,22,517,404,90,784"
16,10,False,,,1369,"27,110,536,926,181,950,408,708,39,641"
17,10,False,,,1238,"263,989,779,715,824,401,140,277,526,169"
18,10,False,,,1490,"755,8,890,668,347,757,487,661,774,417"
19,10,False,,,2242,"748,643,789,143,103,982,194,109,37,104"
20,10,False,,,1498,"239,31,900,600,132,928,247,60,768,167"
21,10,False,,,1881,"425,291,401,37,293,865,966,290,17,280"
22,10,False,,,1296,"402,745,265,955,282,239,877,459,168,730"
23,10,False,,,1434,"202,94,360,880,340,476,491,888,707,253"
24,10,False,,,2014,"989,257,205,740,773,445,670,666,871,618"
25,10,False,,,2459,"963,83,202,324,454,493,558,117,626,753"
26,10,False,,,1572,"612,922,414,317,208,661,636,634,811,228"
27,10,False,,,1479,"202,919,533,307,520,595,135,987,317,192"
28,10,False,,,943,"373,715,915,568,200,425,61,325,43,434"
29,10,False,,,1348,"826,400,732,297,440,299,187,685,171,575"
30,10,False,,,1886,"692,460,551,189,987,945,34,199,18,88"
31,10,False,,,1673,"36,448,305,112,385,423,721,288,67,592"
32,10,False,,,1178,"60,815,574,600,404,952,886,146,863,50"
33,10,False,,,2558,"690,36,188,204,88,91,955,287,446,331"
34,10,False,,,1757,"26,16,755,160,606,920,313,564,443,875"
35,10,False,,,1128,"727,648,842,418,656,211,813,380,582,312"
36,10,False,,,1509,"7,571,359,223,867,190,565,797,364,835"
37,10,False,,,650,"340,609,235,184,236,849,159,824,573,65"
38,10,False,,,1166,"335,200,716,676,758,553,387,80,981,360"
39,10,False,,,1333,"643,893,574,829,886,892,41,805,355,614"
40,10,False,,,1296,"226,67,239,95,49,837,955,979,780,196"
41,10,False,,,1072,"250,592,660,48,330,861,294,103,241,714"
42,10,False,,,2147,"204,947,593,585,395,490,710,25,994,409"
43,10,False,,,1378,"131,637,446,273,346,232,545,463,570,126"
44,10,False,,,1765,"244,290,192,653,930,20,280,843,242,5"
45,10,False,,,1602,"711,198,991,43,669,829,416,315,888,242"
46,10,False,,,1394,"759,287,606,840,543,5,837,844,733,721"
47,10,False,,,1855,"407,518,249,714,994,324,743,9,363,523"
48,10,False,,,808,"539,587,139,45,749,13,138,774,833,187"
49,10,False,,,2232,"737,437,64,482,615,842,461,590,966,404"
50,10,False,,,2012,"441,412,58,653,307,419,690,69,269,669"
51,10,False,,,1017,"82,940,329,575,759,33,304,935,1000,810"
52,10,False,,,1960,"696,165,495,928,801,584,78,750,557,403"
53,10,False,,,1778,"322,752,456,861,400,119,164,675,585,114"
54,10,False,,,1698,"119,514,883,542,852,584,307,102,454,792"
55,10,False,,,1297,"557,938,859,487,933,720,145,742,174,856"
56,10,False,,,2336,"828,633,197,146,188,93,735,402,305,51"
57,10,False,,,1643,"394,51,764,443,117,303,507,40,301,786"
58,10,False,,,2324,"494,586,70,853,88,968,685,883,759,822"
59,10,False,,,1455,"585,368,875,949,984,798,685,728,817,593"
60,10,False,,,1075,"824,150,791,533,784,642,863,970,838,154"
61,10,False,,,1968,"437,458,82,874,64,704,95,17,106,652"
62,10,False,,,981,"144,954,811,791,556,613,560,635,136,70"
63,10,False,,,1709,"632,842,831,927,938,667,366,287,600,836"
64,10,False,,,1513,"96,309,920,436,739,787,785,235,674,372"
65,10,False,,,1198,"636,308,657,371,575,684,538,481,156,391"
66,10,False,,,2201,"375,486,57,265,602,649,659,252,239,80"
67,10,False,,,2134,"357,451,940,851,830,648,800,356,321,216"
68,10,False,,,846,"65,953,927,270,780,201,70,282,789,514"
69,10,False,,,2628,"157,244,633,175,887,755,544,337,634,358"
70,10,False,,,3118,"252,233,626,91,379,323,556,994,746,84"
71,10,False,,,2220,"746,320,17,86,848,132,542,471,778,553"
72,10,False,,,1759,"23,340,226,744,482,495,252,534,870,393"
73,10,False,,,1092,"23,909,414,677,274,954,203,643,784,184"
74,10,False,,,703,"565,458,134,196,909,757,94,514,263,867"
75,10,False,,,1336,"404,47,4,862,49,605,590,911,713,226"
76,10,False,,,1684,"290,574,489,252,712,18,957,322,326,267"
77,10,False,,,1655,"928,78,77,858,181,769,287,503,496,624"
78,10,False,,,2272,"530,902,208,908,590,782,822,999,531,303"
79,10,False,,,1039,"650,235,276,229,977,14,595,310,379,232"
80,10,False,,,1177,"734,101,875,966,18,359,906,414,329,620"
81,10,False,,,1424,"844,520,208,779,135,531,102,280,285,521"
82,10,False,,,875,"790,705,316,274,248,390,179,185,131,642"
83,10,False,,,2045,"676,109,776,318,271,217,860,106,326,795"
84,10,False,,,1431,"630,178,52,422,733,736,13,749,448,304"
85,10,False,,,1724,"733,563,465,524,633,535,669,958,606,582"
86,10,False,,,2376,"99,366,6,627,21,686,503,428,309,305"
87,10,False,,,2925,"493,666,987,474,380,368,702,189,3,400"
88,10,False,,,1239,"53,686,422,783,105,937,993,288,20,392"
89,10,False,,,1339,"837,456,806,138,111,376,699,125,565,150"
90,10,False,,,2167,"493,800,744,648,142,994,396,198,633,476"
91,10,False,,,1022,"101,654,460,34,429,584,214,741,279,11"
92,10,False,,,766,"781,786,347,310,789,849,390,995,223,93"
93,10,False,,,1573,"186,873,428,999,485,992,995,254,130,498"
94,10,False,,,2615,"661,680,845,216,829,745,43,585,830,421"
95,10,False,,,1432,"771,558,789,614,193,383,416,91,658,833"
96,10,False,,,2374,"955,584,418,634,322,417,862,648,833,735"
97,10,False,,,898,"380,370,402,780,763,180,101,407,745,25"
98,10,False,,,772,"844,384,154,108,692,143,635,338,314,54"
99,10,False,,,1024,"852,714,242,429,566,977,144,573,740,523"
100,10,False,,,1257,"514,171,607,866,613,621,796,757,33,360"
101,10,False,,,2077,"512,122,778,837,808,630,670,754,374,649"
102,10,False,,,2362,"202,898,211,47,928,598,908,178,822,663"
103,10,False,,,812,"564,49,801,758,857,666,508,783,251,625"
104,10,False,,,1898,"145,332,785,163,779,868,245,279,656,429"
105,10,False,,,2833,"794,374,147,302,785,335,254,964,501,871"
106,10,False,,,1788,"988,837,447,538,817,166,711,570,465,6"
107,10,False,,,2196,"753,340,712,453,379,801,974,254,165,322"
108,10,False,,,1402,"323,886,725,744,486,637,979,197,940,803"
109,10,False,,,1451,"48,770,589,773,175,746,323,687,398,626"
110,10,False,,,1371,"327,388,455,945,991,944,299,838,683,975"
111,10,False,,,2025,"9,280,748,592,899,877,297,544,491,6"
112,10,False,,,2358,"813,874,199,304,778,160,808,61,744,890"
113,10,False,,,1105,"374,168,600,260,209,783,722,467,206,791"
114,10,False,,,1265,"547,13,493,811,953,167,732,379,899,305"
115,10,False,,,1882,"873,580,350,838,85,856,392,185,105,541"
116,10,False,,,1351,"1,120,837,190,76,558,937,630,611,278"
117,10,False,,,1783,"106,800,861,503,459,549,528,274,536,298"
118,10,False,,,1520,"597,745,518,248,536,157,144,226,31,218"
119,10,False,,,1783,"369,612,870,83,955,915,536,863,220,694"
120,10,False,,,1433,"356,152,718,517,163,67,919,695,545,861"
121,10,False,,,1194,"159,744,417,510,907,989,609,602,512,699"
122,10,False,,,1724,"620,860,776,797,823,205,705,739,459,407"
123,10,False,,,1942,"868,299,485,527,982,205,915,495,368,358"
124,10,False,,,2222,"9,659,99,452,43,162,685,60,966,797"
125,10,False,,,1666,"126,632,236,892,863,309,398,674,221,763"
126,10,False,,,2407,"253,754,38,973,106,792,326,679,919,97"
127,10,False,,,1989,"938,482,112,294,991,426,648,496,498,175"
128,10,False,,,1437,"171,823,851,515,914,127,546,568,405,9"
129,10,False,,,1072,"762,228,591,420,174,968,269,588,403,870"
130,10,False,,,2114,"235,836,141,465,140,600,899,4,826,973"
131,10,False,,,1723,"246,994,571,46,854,988,607,779,903,884"
132,10,False,,,1880,"991,65,629,365,421,434,363,773,284,554"
133,10,False,,,1579,"606,380,816,114,381,649,378,580,445,487"
134,10,False,,,1613,"325,37,206,655,778,471,890,204,995,828"
135,10,False,,,700,"97,239,556,770,523,801,501,402,391,491"
136,10,False,,,2370,"277,569,347,444,871,299,991,829,257,741"
137,10,False,,,2262,"284,623,844,974,181,850,675,197,50,533"
138,10,False,,,2995,"860,582,863,15,163,595,583,64,343,764"
139,10,False,,,1284,"541,593,719,87,81,465,725,1000,609,711"
140,10,False,,,1339,"703,949,491,162,117,486,446,179,600,522"
141,10,False,,,2503,"374,366,179,792,630,95,896,203,872,973"
142,10,False,,,1420,"73,734,24,641,791,653,990,740,873,43"
143,10,False,,,1483,"305,745,251,670,941,716,546,906,643,655"
144,10,False,,,1483,"855,655,299,678,207,135,424,957,14,418"
145,10,False,,,1175,"363,175,897,587,787,672,138,675,722,510"
146,10,False,,,2188,"959,798,706,709,308,651,658,802,145,64"
147,10,False,,,1544,"46,517,308,119,499,935,959,740,885,723"
148,10,False,,,1146,"233,437,53,546,705,944,560,283,259,565"
149,10,False,,,1018,"380,714,68,206,45,774,498,181,248,261"
150,10,False,,,1260,"818,711,824,584,128,385,463,280,614,49"
151,10,False,,,1010,"810,823,112,116,378,195,999,150,238,685"
152,10,False,,,1546,"602,836,955,564,54,697,754,448,52,447"
153,10,False,,,982,"615,905,906,761,358,456,985,278,566,533"
154,10,False,,,1093,"905,527,906,324,740,543,704,885,184,22"
155,10,False,,,1472,"262,85,232,160,495,649,847,223,888,283"
156,10,False,,,2154,"569,14,238,768,263,1,193,395,490,677"
157,10,False,,,1309,"537,769,201,318,97,206,778,735,438,913"
158,10,False,,,1332,"472,557,920,858,130,751,883,18,915,391"
159,10,False,,,1866,"34,787,381,22,781,802,436,590,801,376"
160,10,False,,,1402,"113,804,31,316,402,874,325,506,551,452"
161,10,False,,,1494,"733,765,574,761,54,773,471,87,979,656"
162,10,False,,,1657,"670,305,146,78,651,848,370,534,404,204"
163,10,False,,,1751,"971,593,267,893,186,774,776,940,685,138"
164,10,False,,,1365,"209,600,905,872,307,109,941,304,250,337"
165,10,False,,,1414,"768,582,269,612,855,459,359,794,197,176"
166,10,False,,,2704,"898,800,164,23,8,892,513,313,913,843"
167,10,False,,,1638,"225,69,718,990,262,524,792,624,553,203"
168,10,False,,,1119,"80,148,318,695,857,162,702,648,975,531"
169,10,False,,,2310,"982,199,928,826,725,776,267,74,91,96"
170,10,False,,,1881,"911,837,695,160,618,610,770,653,50,421"
171,10,False,,,1279,"507,791,285,885,660,375,385,694,297,461"
172,10,False,,,2489,"88,249,210,504,79,581,228,780,463,571"
173,10,False,,,2396,"639,760,267,718,843,160,138,660,485,68"
174,10,False,,,1755,"463,741,594,586,132,765,475,544,935,247"
175,10,False,,,1860,"694,165,246,337,144,64,290,531,447,226"
176,10,False,,,1147,"356,127,554,36,64,80,763,382,139,959"
177,10,False,,,1995,"580,827,538,831,216,420,337,560,567,982"
178,10,False,,,1463,"837,481,103,571,56,983,730,694,452,230"
179,10,False,,,1922,"482,875,198,110,69,981,423,380,902,73"
180,10,False,,,1263,"513,97,387,157,117,190,41,828,697,888"
181,10,False,,,937,"337,523,429,362,991,310,433,736,73,92"
182,10,False,,,716,"436,895,603,474,970,872,989,458,479,287"
183,10,False,,,2000,"199,259,409,254,707,420,272,845,76,688"
184,10,False,,,1628,"893,261,835,803,667,156,545,681,218,572"
185,10,False,,,1053,"983,370,331,269,775,691,834,771,248,90"
186,10,False,,,1345,"49,250,316,728,492,259,650,732,811,749"
187,10,False,,,1462,"699,489,533,431,246,686,11,931,185,715"
188,10,False,,,1075,"108,711,496,723,736,369,643,575,612,93"
189,10,False,,,1882,"14,471,289,163,263,878,891,369,606,947"
190,10,False,,,1569,"752,977,999,385,14,217,535,868,994,388"
191,10,False,,,1871,"49,952,304,588,998,388,314,29,218,359"
192,10,False,,,1609,"995,739,646,471,514,396,836,691,957,190"
193,10,False,,,2109,"727,518,388,490,495,112,185,429,851,451"
194,10,False,,,1423,"560,494,202,381,695,344,690,654,359,673"
195,10,False,,,1497,"246,77,589,500,688,879,617,160,412,247"
196,10,False,,,1477,"218,909,892,910,167,511,975,386,776,958"
197,10,False,,,2680,"899,746,547,521,845,263,290,590,95,627"
198,10,False,,,1664,"672,636,823,375,368,824,999,158,119,794"
199,10,False,,,1536,"229,155,374,137,588,321,325,653,962,537"
0,20,False,,,2362,"893,685,817,695,383,636,132,507,768,314,239,508,304,287,704,252,813,708,998,571"
1,20,False,,,3108,"883,718,940,93,836,26,382,942,105,497,532,155,441,975,585,97,114,730,85,762"
2,20,False,,,3031,"954,501,386,236,808,582,80,208,840,12,772,332,761,895,384,956,387,439,857,725"
3,20,False,,,2255,"626,95,597,875,402,158,589,649,600,133,782,537,840,722,220,446,884,732,407,29"
4,20,False,,,3341,"802,426,640,694,860,779,169,737,31,710,370,253,402,124,34,67,96,186,499,114"
5,20,False,,,3781,"805,722,392,896,467,127,41,761,845,504,52,690,570,817,985,672,460,530,167,651"
6,20,False,,,4614,"775,930,430,425,732,482,88,907,544,252,851,992,182,842,822,93,960,707,988,445"
7,20,False,,,2806,"70,989,848,11,316,490,908,805,610,758,407,106,627,25,910,327,189,605,375,593"
8,20,False,,,4127,"259,871,426,774,884,693,273,662,53,307,930,724,519,607,646,120,733,389,393,279"
9,20,False,,,1754,"222,212,850,226,951,763,433,571,526,555,77,667,745,652,43,931,308,908,710,280"
10,20,False,,,5282,"737,739,380,236,898,871,340,52,282,113,620,425,985,693,138,962,845,827,776,1"
11,20,False,,,3722,"786,32,266,954,649,650,314,208,776,538,568,787,822,412,606,979,739,723,98,833"
12,20,False,,,1886,"905,832,109,805,231,487,870,768,926,704,53,76,176,461,952,389,505,970,65,304"
13,20,False,,,2570,"640,950,513,455,360,653,877,725,203,753,587,100,543,135,836,618,503,531,375,297"
14,20,False,,,3135,"222,420,993,835,271,583,136,831,599,253,428,505,792,985,633,790,221,204,523,758"
15,20,False,,,2071,"582,708,961,577,415,526,249,327,849,891,95,385,134,192,902,20,24,721,175,851"
16,20,False,,,3194,"146,828,293,414,693,720,884,902,119,983,469,554,350,247,778,12,567,643,631,472"
17,20,False,,,3453,"491,785,752,133,107,863,994,309,643,578,222,224,93,582,931,714,510,116,546,90"
18,20,False,,,3043,"971,352,477,144,857,712,211,642,727,216,318,267,126,585,572,291,176,687,859,941"
19,20,False,,,2402,"539,308,538,750,468,638,220,356,705,428,715,344,299,778,304,251,974,180,159,909"
20,20,False,,,3362,"640,876,80,875,914,915,333,229,331,845,188,156,935,681,433,703,760,801,830,386"
21,20,False,,,3799,"70,688,74,289,165,557,822,568,675,707,938,963,272,835,591,827,530,189,34,692"
22,20,False,,,2962,"130,770,779,268,114,720,375,347,961,279,447,615,863,527,945,884,211,754,124,133"
23,20,False,,,3799,"40,840,495,312,419,347,583,74,73,459,610,718,772,842,944,587,109,521,416,205"
24,20,False,,,3739,"476,707,65,55,683,343,144,197,802,687,905,289,527,48,740,396,900,515,222,236"
25,20,False,,,3885,"657,927,500,876,239,607,962,394,823,854,587,551,933,192,388,833,113,110,148,25"
26,20,False,,,2289,"493,991,677,506,742,378,32,705,499,92,775,425,934,885,837,271,434,44,905,42"
27,20,False,,,4826,"845,768,205,73,326,84,753,45,761,327,230,885,681,397,653,636,189,324,779,359"
28,20,False,,,3181,"934,7,474,54,38,913,235,174,426,2,238,831,357,446,65,350,592,346,232,758"
29,20,False,,,3802,"223,927,616,239,154,545,873,922,874,845,102,229,161,657,631,487,840,20,789,53"
30,20,False,,,3908,"844,278,236,586,950,363,802,911,865,684,843,851,485,474,619,379,47,728,100,492"
31,20,False,,,3207,"218,20,583,424,407,641,890,303,269,951,519,452,174,865,431,495,262,463,102,105"
32,20,False,,,2532,"945,926,455,489,554,570,429,101,599,201,488,756,909,625,39,451,748,393,263,45"
33,20,False,,,2550,"768,99,396,299,91,903,706,124,92,181,394,475,12,954,663,62,243,22,373,952"
34,20,False,,,3063,"431,133,387,934,850,952,979,621,64,609,898,696,332,225,105,587,845,416,73,515"
35,20,False,,,2278,"56,384,966,255,751,778,908,58,106,853,189,181,658,903,705,460,207,344,625,858"
36,20,False,,,3380,"681,245,128,658,718,238,789,642,520,460,472,467,375,862,186,536,726,668,957,26"
37,20,False,,,3077,"595,487,962,241,439,327,816,92,963,788,278,318,908,172,337,370,197,985,474,753"
38,20,False,,,2927,"990,801,933,779,725,398,956,968,890,106,832,792,214,163,173,945,112,829,244,250"
39,20,False,,,2727,"63,988,830,397,251,413,883,139,242,200,651,811,90,952,220,732,655,913,870,212"
40,20,False,,,2882,"278,394,725,898,588,960,270,842,203,157,652,979,238,619,382,370,282,70,308,373"
41,20,False,,,2845,"252,412,519,317,92,132,974,847,862,836,12,190,236,247,78,953,662,896,587,200"
42,20,False,,,3653,"948,620,285,491,135,426,927,186,840,127,586,315,317,167,463,418,569,867,419,527"
43,20,False,,,3475,"483,511,145,287,878,272,310,535,485,640,510,364,498,899,255,632,130,443,137,646"
44,20,False,,,3874,"378,94,269,773,440,884,287,289,630,856,453,248,535,537,802,326,764,672,285,656"
45,20,False,,,3883,"845,588,168,791,582,57,992,350,630,614,108,594,573,910,214,19,193,663,635,748"
46,20,False,,,2510,"380,590,708,526,757,710,285,849,521,606,407,315,754,720,252,458,909,675,150,394"
47,20,False,,,3230,"186,648,661,34,190,289,401,113,214,903,163,242,533,5,551,288,168,211,184,208"
48,20,False,,,3655,"763,121,522,772,86,228,60,325,3,41,366,418,175,456,335,544,310,458,708,352"
49,20,False,,,2936,"385,870,114,999,539,224,232,185,620,362,308,858,335,290,278,899,669,128,595,541"
50,20,False,,,2666,"730,592,212,713,297,290,615,550,727,102,18,767,949,760,24,538,583,431,545,959"
51,20,False,,,2580,"43,158,631,956,729,546,274,102,556,385,242,65,761,136,744,641,510,542,971,867"
52,20,False,,,3353,"212,673,512,467,389,954,298,556,390,903,638,552,83,90,93,735,935,146,568,510"
53,20,False,,,3507,"6,17,618,198,977,611,954,627,313,964,636,498,139,667,382,51,479,960,908,99"
54,20,False,,,2881,"829,373,374,388,261,756,81,813,212,584,99,554,930,500,992,186,346,649,951,177"
55,20,False,,,3687,"69,314,546,285,890,976,330,212,742,38,164,876,244,616,822,786,405,719,944,969"
56,20,False,,,2739,"872,749,508,684,784,161,959,981,102,879,607,358,56,460,570,74,225,321,175,705"
57,20,False,,,3305,"128,848,52,953,139,127,600,687,180,584,941,407,467,371,1,572,998,205,922,228"
58,20,False,,,2405,"301,649,862,948,618,899,110,995,405,187,523,969,439,830,508,307,352,294,870,37"
59,20,False,,,3866,"821,52,40,964,164,844,363,704,898,941,739,907,871,859,152,715,732,558,401,692"
60,20,False,,,3650,"891,125,567,763,249,412,988,85,893,291,515,526,175,602,197,795,723,505,524,738"
61,20,False,,,3825,"543,621,14,546,722,251,668,986,944,109,375,284,94,434,584,388,335,185,189,24"
62,20,False,,,3232,"523,184,364,806,880,982,895,418,430,60,785,921,926,656,230,857,646,297,134,504"
63,20,False,,,3009,"910,233,761,267,493,496,414,276,231,85,69,542,776,658,288,404,243,62,476,981"
64,20,False,,,2802,"804,138,379,976,465,443,983,362,637,210,811,142,951,119,935,790,514,42,970,91"
65,20,False,,,3171,"488,557,173,157,67,699,384,344,376,241,717,269,815,246,316,649,952,633,728,251"
66,20,False,,,3284,"331,709,694,522,764,557,627,365,603,322,920,263,986,106,366,152,581,854,565,116"
67,20,False,,,4393,"973,253,733,581,126,687,307,758,217,145,578,883,503,764,79,697,634,167,722,534"
68,20,False,,,2265,"568,699,517,885,771,795,650,326,120,124,830,167,972,966,792,613,305,209,376,768"
69,20,False,,,2826,"473,241,177,737,770,507,48,905,695,121,723,128,821,505,822,818,924,167,370,953"
70,20,False,,,2529,"269,740,243,718,884,42,975,378,393,599,245,110,621,47,979,391,586,898,765,230"
71,20,False,,,3532,"187,181,312,273,614,138,1,953,824,814,985,333,238,485,302,374,683,293,742,784"
72,20,False,,,2522,"999,737,422,822,253,745,795,393,977,633,818,325,397,235,609,930,742,96,619,851"
73,20,False,,,3473,"192,948,467,226,760,163,858,851,780,451,246,90,635,784,652,891,62,662,178,81"
74,20,False,,,3347,"16,648,98,787,169,793,722,734,754,398,850,716,776,928,920,572,128,452,619,740"
75,20,False,,,3033,"917,981,634,625,335,903,823,761,789,117,410,545,157,637,331,125,340,262,832,980"
76,20,False,,,4650,"966,260,365,791,684,382,573,835,900,154,843,984,230,8,456,90,960,359,659,97"
77,20,False,,,3442,"774,915,679,660,865,874,491,611,32,210,211,299,155,669,248,658,57,231,716,436"
78,20,False,,,2929,"940,534,886,543,124,624,178,650,897,255,390,108,808,297,501,379,998,283,975,159"
79,20,False,,,2326,"417,669,324,775,369,4,745,584,712,134,48,903,952,718,618,762,929,538,714,41"
80,20,False,,,2924,"162,611,67,44,11,613,597,806,702,915,610,444,512,854,897,114,566,789,962,158"
81,20,False,,,2770,"1000,685,1,740,356,676,895,109,830,642,625,424,445,510,324,730,323,861,477,640"
82,20,False,,,2705,"99,672,420,961,515,910,930,460,636,964,999,142,245,93,802,554,283,473,520,653"
83,20,False,,,3386,"32,873,482,636,577,468,171,685,824,700,531,142,761,418,99,727,543,728,124,510"
84,20,False,,,2678,"90,617,297,475,308,879,20,531,991,238,51,38,708,873,489,48,81,40,725,252"
85,20,False,,,3929,"320,500,24,384,244,196,900,801,488,468,513,666,620,181,971,344,371,903,626,744"
86,20,False,,,3382,"8,441,723,280,22,742,938,167,126,188,274,700,958,13,676,485,603,515,975,659"
87,20,False,,,2777,"956,538,547,18,858,873,787,218,22,937,272,759,284,966,969,156,72,355,144,948"
88,20,False,,,4613,"630,489,667,88,776,921,260,27,905,455,278,482,181,790,691,832,763,813,140,485"
89,20,False,,,2569,"263,855,214,251,710,68,96,548,189,491,705,778,82,794,582,629,910,818,966,641"
90,20,False,,,2770,"369,778,970,614,658,833,741,279,180,948,752,855,439,109,702,253,666,90,308,767"
91,20,False,,,3124,"331,114,31,988,251,691,412,476,73,93,400,560,751,212,483,984,713,512,604,686"
92,20,False,,,3020,"658,582,786,272,267,394,855,6,3,741,895,887,934,347,673,949,13,662,843,82"
93,20,False,,,2576,"22,260,18,32,85,543,299,975,352,973,615,94,669,409,108,954,1,278,763,363"
94,20,False,,,2464,"481,2,282,34,740,692,255,558,773,853,868,471,638,461,22,791,875,283,145,100"
95,20,False,,,2096,"105,22,790,567,546,625,16,15,963,362,518,684,587,69,458,676,842,683,731,250"
96,20,False,,,1970,"944,31,100,666,418,683,641,913,574,454,765,760,460,865,969,190,844,863,580,67"
97,20,False,,,2227,"950,260,137,160,528,4,513,673,414,54,687,250,42,943,634,228,927,991,637,847"
98,20,False,,,3967,"687,567,294,180,458,343,431,694,355,84,572,768,9,796,495,773,737,280,238,410"
99,20,False,,,3432,"212,287,611,482,830,720,45,872,854,563,21,731,343,495,196,533,862,917,465,620"
100,20,False,,,3160,"130,116,158,211,261,163,726,776,662,582,613,121,56,990,641,639,148,83,597,517"
101,20,False,,,3122,"342,80,267,159,520,507,403,248,706,493,199,379,412,566,969,886,843,416,828,795"
102,20,False,,,2133,"497,688,468,138,814,611,142,891,38,859,293,195,120,186,934,42,873,305,784,41"
103,20,False,,,3505,"953,226,749,424,808,46,630,613,136,247,235,287,681,242,958,673,849,735,128,200"
104,20,False,,,4323,"537,398,514,808,919,359,40,376,88,58,15,852,113,860,853,159,74,313,544,893"
105,20,False,,,2247,"385,245,802,108,5,861,519,534,141,732,156,198,725,438,712,352,6,169,152,566"
106,20,False,,,3465,"717,899,413,194,403,43,605,401,122,569,917,491,692,806,850,958,479,88,666,192"
107,20,False,,,2617,"498,183,329,355,159,342,960,312,308,438,899,661,537,62,207,276,550,472,33,200"
108,20,False,,,3870,"564,194,22,202,394,600,866,735,184,777,704,686,757,254,971,963,703,603,964,798"
109,20,False,,,4015,"902,745,512,63,728,55,855,981,473,310,887,893,876,122,786,586,156,624,16,724"
110,20,False,,,3426,"72,935,393,80,779,762,677,876,621,746,769,518,41,413,870,570,180,623,350,784"
111,20,False,,,4253,"920,917,273,3,482,907,135,685,853,618,262,850,933,61,251,767,885,161,875,109"
112,20,False,,,3460,"849,397,741,948,810,473,674,730,604,612,697,453,862,777,976,305,146,903,34,84"
113,20,False,,,3287,"669,42,26,808,443,235,504,448,488,694,492,333,29,79,951,526,371,325,817,154"
114,20,False,,,3983,"597,463,829,160,403,93,668,526,14,358,704,390,471,692,971,675,90,187,384,874"
115,20,False,,,3239,"655,845,185,872,611,689,895,421,523,83,620,259,372,16,418,430,467,214,373,557"
116,20,False,,,3472,"506,543,899,144,631,59,955,206,704,853,420,375,978,197,662,127,343,156,928,497"
117,20,False,,,2926,"681,827,471,268,58,618,903,417,551,271,209,893,751,804,831,970,47,217,714,537"
118,20,False,,,3664,"676,899,203,248,751,657,741,197,722,672,772,569,847,736,402,593,218,53,133,485"
119,20,False,,,3135,"900,984,718,1000,545,265,472,342,780,957,124,4,284,197,741,332,610,859,108,443"
120,20,False,,,2859,"214,694,983,142,100,287,265,79,556,501,836,654,77,429,210,459,569,677,130,172"
121,20,False,,,3913,"661,305,725,705,133,563,660,131,526,289,680,39,394,476,544,395,689,239,607,161"
122,20,False,,,3608,"51,983,872,79,863,718,65,829,928,178,477,643,670,810,591,333,694,512,265,50"
123,20,False,,,3126,"757,188,189,173,315,526,788,106,991,184,474,343,64,999,51,725,165,394,468,393"
124,20,False,,,3581,"479,205,303,493,134,9,827,960,963,77,327,32,949,88,505,62,844,121,43,228"
125,20,False,,,3456,"404,631,822,152,85,190,571,231,745,507,164,587,195,981,942,141,29,818,82,419"
126,20,False,,,3594,"51,962,548,668,705,63,745,657,59,803,714,710,987,621,763,429,688,583,60,54"
127,20,False,,,2328,"223,663,942,364,242,103,763,899,276,752,204,575,76,779,951,602,722,323,672,537"
128,20,False,,,2201,"474,150,94,182,80,890,522,599,840,585,497,452,459,160,156,241,443,870,709,737"
129,20,False,,,1888,"748,152,268,861,479,360,356,74,148,982,539,185,310,335,907,503,12,384,872,373"
130,20,False,,,4662,"762,657,270,726,928,201,675,973,55,245,356,446,158,780,105,871,723,457,526,313"
131,20,False,,,2795,"558,919,686,736,890,895,802,986,832,40,320,167,255,434,530,998,420,94,850,196"
132,20,False,,,2815,"670,883,790,798,741,199,340,476,835,372,848,601,792,315,207,201,59,376,47,863"
133,20,False,,,4670,"486,771,482,25,231,166,431,602,505,822,360,621,707,855,652,614,366,610,555,732"
134,20,False,,,4401,"476,18,764,654,49,700,302,741,417,363,816,942,781,519,646,829,913,380,623,517"
135,20,False,,,2405,"603,648,87,976,423,100,338,952,650,183,935,633,646,867,828,675,719,593,429,994"
136,20,False,,,3670,"63,276,468,103,270,216,143,44,299,329,857,416,259,368,59,241,570,877,114,961"
137,20,False,,,3180,"434,209,613,537,222,62,694,374,768,58,659,815,402,1000,777,639,198,15,742,208"
138,20,False,,,3850,"930,39,816,982,748,36,131,845,253,457,327,627,536,161,572,672,588,633,14,989"
139,20,False,,,2598,"862,163,625,815,325,194,836,801,34,425,62,284,980,106,391,888,152,373,95,330"
140,20,False,,,3653,"704,957,941,772,2,317,9,217,769,586,82,802,197,699,622,468,527,148,776,54"
141,20,False,,,3274,"867,941,553,125,453,347,405,178,642,896,721,186,971,945,76,785,654,120,541,128"
142,20,False,,,2519,"386,413,694,566,333,81,245,38,57,574,175,70,492,905,801,796,856,16,77,577"
143,20,False,,,2235,"59,798,378,976,753,224,615,586,72,954,145,597,503,125,90,206,356,790,469,148"
144,20,False,,,2983,"95,648,748,548,988,6,838,74,386,490,379,103,943,373,76,254,731,528,421,479"
145,20,False,,,2323,"496,940,505,712,143,447,528,22,76,585,278,756,990,221,218,520,263,985,293,929"
146,20,False,,,3885,"19,811,252,291,875,629,73,813,700,189,168,424,873,471,909,133,423,533,818,486"
147,20,False,,,3583,"907,24,366,744,356,223,249,594,962,384,988,498,482,222,235,203,61,360,200,217"
148,20,False,,,4136,"636,975,168,329,166,298,321,987,692,72,634,718,214,703,203,263,294,1,535,833"
149,20,False,,,4496,"615,814,842,921,216,880,114,201,508,874,622,964,506,753,224,884,303,198,469,202"
150,20,False,,,5411,"573,572,633,136,482,724,376,471,987,231,368,652,863,217,253,697,245,884,672,973"
151,20,False,,,3250,"513,627,624,547,103,137,577,25,196,38,56,301,663,934,689,744,680,293,991,448"
152,20,False,,,4365,"233,813,330,601,902,134,3,832,987,415,863,975,290,599,501,499,210,33,986,604"
153,20,False,,,2453,"483,453,583,643,784,96,662,577,555,506,126,993,132,663,270,212,44,285,53,158"
154,20,False,,,3845,"503,322,533,185,457,199,511,437,192,312,641,200,172,243,618,321,687,463,163,520"
155,20,False,,,3608,"494,375,454,663,948,599,892,184,684,891,714,303,522,877,138,294,651,157,796,467"
156,20,False,,,4651,"317,635,610,875,632,173,36,657,116,513,898,198,906,850,163,808,624,472,498,998"
157,20,False,,,4140,"876,109,94,545,717,700,347,257,858,282,370,168,44,855,226,301,418,448,247,968"
158,20,False,,,1838,"959,550,907,214,287,649,763,205,156,883,279,498,731,465,575,270,560,338,953,736"
159,20,False,,,5823,"979,155,706,686,585,822,455,740,604,981,968,103,835,735,366,594,626,235,318,51"
160,20,False,,,2212,"374,175,725,261,408,850,177,144,422,721,60,508,330,460,891,231,857,790,276,672"
161,20,False,,,4199,"917,274,146,288,641,657,501,326,45,694,131,858,504,594,886,573,775,621,582,743"
162,20,False,,,3196,"734,63,322,305,168,557,456,638,726,954,724,152,375,453,329,940,148,252,511,493"
163,20,False,,,3798,"126,384,280,388,748,622,921,262,114,154,355,615,785,694,100,604,278,627,249,917"
164,20,False,,,3230,"167,70,504,983,304,230,553,380,121,899,711,861,499,148,933,119,407,557,360,73"
165,20,False,,,3467,"826,163,205,742,674,429,272,773,385,947,19,33,707,381,920,655,422,414,656,166"
166,20,False,,,2589,"445,39,226,803,572,380,582,735,346,792,40,633,279,588,920,80,994,921,983,45"
167,20,False,,,4225,"582,669,871,228,92,142,506,132,928,378,801,186,532,999,623,19,410,197,288,5"
168,20,False,,,3244,"875,36,522,639,397,574,157,52,617,870,162,428,688,320,945,803,196,922,305,369"
169,20,False,,,4357,"987,278,616,734,710,45,580,863,847,19,947,827,303,805,257,504,330,479,469,505"
170,20,False,,,2284,"208,891,251,805,193,288,223,108,689,176,316,537,207,604,697,620,512,862,48,496"
171,20,False,,,2855,"863,771,278,475,180,692,577,396,146,824,845,689,873,314,599,666,725,309,93,762"
172,20,False,,,3706,"814,269,387,757,983,857,813,312,455,829,785,379,391,827,982,419,934,679,619,179"
173,20,False,,,3693,"365,483,582,436,808,863,739,990,605,922,200,767,958,914,260,262,854,708,955,68"
174,20,False,,,2815,"849,743,181,232,610,919,569,708,801,313,688,383,575,46,332,93,668,371,553,415"
175,20,False,,,2856,"589,625,995,980,784,186,563,45,205,646,724,437,165,226,955,687,591,32,786,828"
176,20,False,,,3386,"615,835,166,971,414,492,781,419,634,317,98,433,124,285,324,725,85,745,694,956"
177,20,False,,,3624,"770,414,420,885,83,155,635,216,252,803,631,168,253,241,19,270,396,190,975,953"
178,20,False,,,3175,"512,991,958,84,15,655,19,893,687,905,757,386,270,446,592,486,696,280,24,639"
179,20,False,,,4571,"535,718,174,632,104,955,232,960,91,713,154,980,200,681,259,634,660,309,760,780"
180,20,False,,,3235,"513,207,597,486,975,2,224,713,95,707,463,634,158,879,330,369,764,527,740,239"
181,20,False,,,3135,"852,517,73,423,239,221,94,625,330,519,977,831,837,963,404,350,574,19,762,992"
182,20,False,,,4212,"203,736,604,966,176,503,810,9,706,22,87,711,297,411,200,272,835,255,840,528"
183,20,False,,,2920,"872,786,168,611,920,736,210,45,935,526,717,272,422,773,221,51,707,318,649,728"
184,20,False,,,3119,"444,276,494,548,370,830,146,879,704,640,685,802,630,872,727,6,79,958,594,307"
185,20,False,,,3712,"92,629,73,613,847,538,724,877,622,203,764,600,975,723,223,539,150,511,252,822"
186,20,False,,,5435,"861,304,735,874,653,739,982,720,619,902,61,582,308,544,498,808,243,456,57,896"
187,20,False,,,3807,"192,660,395,666,692,241,489,457,176,713,896,3,111,861,693,416,550,160,32,859"
188,20,False,,,2445,"662,356,905,621,282,666,849,860,280,342,64,27,586,248,136,376,231,684,448,257"
189,20,False,,,3061,"314,376,817,735,815,993,813,493,797,25,708,635,754,273,271,97,437,180,888,824"
190,20,False,,,3306,"164,14,909,871,811,854,798,106,619,827,804,949,2,837,498,51,40,892,696,20"
191,20,False,,,4468,"20,739,206,31,814,883,822,352,958,425,978,500,607,350,383,131,205,140,650,453"
192,20,False,,,3555,"712,572,816,822,849,866,196,138,400,690,224,835,982,508,741,978,122,633,471,101"
193,20,False,,,2610,"875,552,224,265,176,317,501,8,225,346,781,86,599,134,573,707,700,190,955,782"
194,20,False,,,3252,"876,154,673,401,723,928,765,906,94,511,804,284,878,521,572,937,790,291,654,307"
195,20,False,,,3602,"739,683,845,487,284,233,498,363,265,492,344,4,52,858,384,32,41,637,816,850"
196,20,False,,,2796,"190,985,239,704,806,344,655,223,392,828,586,756,922,471,668,929,104,23,539,556"
197,20,False,,,3170,"111,445,697,929,318,452,898,372,106,143,105,962,268,674,639,385,395,321,453,446"
198,20,False,,,2503,"211,847,886,979,958,41,634,790,51,734,757,995,884,615,800,475,272,686,517,177"
199,20,False,,,3216,"783,343,873,318,872,861,631,778,321,90,876,307,199,424,952,743,903,690,355,588"
0,50,False,,,8945,"324,441,479,891,503,410,981,383,944,738,465,789,194,765,504,680,658,887,742,287,571,842,276,40,988,604,407,511,614,14,956,947,9,408,94,806,302,852,542,217,87,648,637,370,659,556,13,247,712,735"
1,50,False,,,7904,"338,167,778,790,271,15,817,624,963,278,255,794,25,270,511,842,143,718,166,49,203,436,837,590,834,752,641,619,460,180,112,956,212,246,728,885,301,267,87,599,998,933,605,230,687,365,938,749,666,133"
2,50,False,,,6340,"760,504,824,429,333,868,924,999,493,734,985,99,5,775,87,440,555,590,658,211,175,804,933,899,676,580,169,870,472,278,517,683,615,886,231,593,95,726,273,787,674,498,308,782,929,584,772,53,843,707"
3,50,False,,,7694,"133,145,798,569,245,241,669,319,609,511,517,934,594,197,872,950,499,308,938,878,299,758,573,212,371,653,941,438,15,902,782,584,960,302,77,680,543,909,518,477,134,856,16,623,90,784,921,252,643,383"
4,50,False,,,7643,"874,204,537,307,83,68,120,963,166,260,199,232,347,110,971,527,556,603,441,171,41,572,554,581,387,667,929,439,693,604,930,378,100,541,892,851,949,740,685,872,870,214,299,338,906,659,629,137,417,267"
5,50,False,,,9276,"860,942,845,53,475,954,401,255,137,968,535,280,800,715,728,583,591,752,373,445,683,74,805,581,200,950,972,803,998,285,759,436,84,216,618,175,545,790,489,797,159,611,620,764,172,208,515,586,732,319"
6,50,False,,,6761,"22,908,490,14,41,303,985,231,274,87,233,168,506,90,473,697,849,952,975,876,532,520,870,737,447,642,98,723,125,236,229,112,382,930,199,342,452,678,110,687,793,287,130,696,572,980,434,823,536,379"
7,50,False,,,9256,"541,105,883,761,287,655,214,121,678,868,304,92,663,423,547,208,379,849,414,362,806,176,653,441,513,257,514,729,145,88,21,639,510,31,594,150,405,615,463,875,948,668,76,728,830,403,870,814,165,194"
8,50,False,,,7713,"29,305,550,352,570,887,443,468,16,656,703,457,924,521,723,850,273,580,441,770,845,689,657,795,793,942,488,96,299,271,211,727,660,161,412,517,992,364,752,789,533,610,675,301,611,726,777,721,827,282"
9,50,False,,,8689,"202,704,675,551,985,998,565,417,421,591,721,159,456,147,655,605,409,995,381,39,282,980,708,434,823,674,335,479,793,294,877,873,770,241,760,492,264,833,858,971,537,162,692,390,583,709,246,317,395,253"
10,50,False,,,8655,"383,735,517,740,666,416,1,180,315,792,378,777,600,371,879,81,196,564,236,706,626,252,535,748,176,591,565,99,867,612,394,638,173,344,5,667,222,297,254,112,242,482,54,617,305,984,396,784,761,314"
11,50,False,,,9975,"299,717,672,744,565,800,90,553,200,847,768,984,887,108,394,602,802,534,468,486,531,389,371,189,96,822,903,412,767,24,179,976,680,4,544,896,428,756,728,773,125,950,222,317,165,180,124,419,933,622"
12,50,False,,,8164,"442,583,736,560,759,858,801,793,448,125,416,253,260,163,522,873,928,329,804,879,446,940,553,718,243,167,824,724,832,980,363,127,978,426,62,703,619,2,611,45,287,465,365,309,430,971,557,642,999,660"
13,50,False,,,7807,"896,508,558,998,667,77,733,791,131,532,155,4,460,201,382,91,321,385,29,383,683,16,51,887,271,491,46,697,293,885,661,48,763,90,127,83,591,847,848,694,184,390,136,893,795,56,443,878,972,606"
14,50,False,,,6963,"283,931,143,156,308,615,938,977,805,176,130,315,51,955,455,757,817,708,797,337,587,3,929,581,991,706,247,63,232,605,88,890,128,514,940,554,165,91,271,42,537,973,697,780,633,975,976,654,446,492"
15,50,False,,,7777,"301,434,937,197,203,842,461,514,134,373,735,712,476,216,416,796,573,76,131,794,48,927,973,23,989,895,652,795,776,285,676,503,810,643,533,355,707,633,618,429,637,386,690,988,519,963,537,751,8,888"
16,50,False,,,9008,"556,395,119,145,899,179,313,246,549,291,236,476,469,828,718,621,988,81,973,146,580,180,376,230,675,434,372,670,605,284,223,39,390,268,65,976,517,193,2,960,787,90,49,436,568,600,917,584,868,491"
17,50,False,,,8759,"303,503,686,468,535,927,62,504,878,70,712,472,158,632,140,87,971,896,168,589,805,976,438,253,378,433,816,669,699,974,697,938,983,299,755,77,201,15,388,977,434,102,278,545,655,847,785,831,958,743"
18,50,False,,,8718,"371,305,872,452,533,280,498,634,895,476,260,610,575,660,661,822,800,964,999,114,778,402,749,313,451,706,969,752,899,445,202,770,488,678,486,756,53,833,212,883,155,847,474,412,700,547,761,415,274,922"
19,50,False,,,8019,"599,504,960,230,441,218,514,29,836,285,465,979,289,860,721,590,770,669,616,196,518,835,211,890,580,74,670,957,945,589,424,840,134,68,672,152,178,614,322,481,78,618,714,294,593,402,654,625,194,320"
20,50,False,,,7386,"833,521,274,683,759,413,636,610,269,934,553,768,133,903,310,564,612,734,203,84,496,710,267,838,278,34,183,980,900,245,983,873,482,815,31,265,387,362,266,598,971,497,355,770,620,686,471,750,422,475"
21,50,False,,,6839,"214,612,357,56,192,860,905,389,188,783,73,510,938,62,697,955,637,133,527,102,786,622,971,322,873,382,834,157,738,273,942,508,564,669,593,183,557,318,13,810,945,617,310,144,42,875,931,554,821,504"
22,50,False,,,5922,"944,584,972,132,430,621,533,683,19,99,691,603,260,514,231,711,445,372,518,42,23,753,983,847,594,26,190,984,344,528,511,922,268,513,829,675,437,560,803,400,152,229,65,318,135,265,690,397,117,206"
23,50,False,,,8144,"392,692,221,487,13,676,209,447,659,749,522,298,781,995,88,693,637,789,911,620,433,344,7,21,580,421,929,968,431,754,564,718,424,531,441,302,993,130,680,773,357,629,762,391,150,8,138,575,371,632"
24,50,False,,,7264,"241,957,293,416,235,922,770,853,891,362,335,469,789,259,158,475,943,942,788,757,702,24,15,672,826,179,314,748,680,184,964,102,359,152,456,48,41,859,787,412,238,776,536,895,422,958,550,372,131,830"
25,50,False,,,8092,"104,25,735,578,249,793,185,594,597,216,94,907,705,611,709,962,718,260,331,22,517,342,748,333,601,867,344,625,319,139,80,629,429,379,790,389,920,134,636,395,97,567,878,463,124,456,383,842,329,784"
26,50,False,,,8636,"230,885,865,76,902,421,578,287,811,60,493,7,248,111,823,824,753,126,474,603,193,830,375,451,854,655,898,835,183,285,140,875,604,511,141,563,273,557,601,962,922,814,524,94,490,407,679,784,309,425"
27,50,False,,,7536,"781,104,868,453,978,757,257,279,992,139,870,372,360,222,282,465,836,878,613,243,482,133,905,438,840,155,477,679,166,430,974,472,815,722,565,136,847,343,398,490,142,539,323,475,752,176,951,973,808,198"
28,50,False,,,7796,"627,43,879,866,518,740,935,442,155,49,382,338,512,494,102,584,60,983,95,655,937,583,661,378,603,174,669,995,273,371,233,262,524,927,314,744,1000,581,832,750,649,859,982,688,16,91,18,194,594,957"
29,50,False,,,6005,"550,523,293,60,758,139,789,289,175,285,906,929,177,398,20,632,125,393,144,692,492,99,396,770,419,741,209,161,972,268,73,85,843,842,310,294,680,262,543,667,784,47,325,571,685,689,556,55,86,13"
30,50,False,,,9388,"315,312,914,722,507,776,58,842,481,272,400,422,297,309,50,764,706,500,975,461,732,41,379,36,928,896,569,111,940,814,451,921,228,981,73,998,860,407,658,536,150,209,420,539,600,999,204,346,468,508"
31,50,False,,,6251,"720,547,135,977,518,994,684,843,283,383,4,736,290,699,386,963,497,690,132,90,173,793,886,752,231,326,714,133,708,732,491,920,654,586,248,768,331,79,218,433,114,875,472,927,325,481,350,849,251,751"
32,50,False,,,9837,"139,637,734,879,24,992,378,748,488,804,32,514,880,145,928,436,581,699,858,440,217,761,307,625,710,888,706,133,765,78,808,692,603,313,51,58,22,368,317,899,163,973,431,259,853,631,557,979,821,266"
33,50,False,,,8062,"217,100,180,17,84,793,948,442,223,255,305,198,577,677,331,448,461,592,267,617,524,794,136,690,433,816,582,712,25,892,21,615,415,697,186,847,738,874,796,870,416,163,92,226,441,533,663,1000,978,852"
34,50,False,,,6451,"910,279,950,883,784,414,426,884,571,531,851,504,937,718,168,407,598,179,554,192,899,909,811,52,568,1,248,346,703,574,132,760,397,959,391,180,318,663,319,818,220,373,599,431,152,150,429,380,245,228"
35,50,False,,,8912,"136,783,673,194,497,971,74,418,424,582,365,220,573,659,403,68,67,873,607,770,203,453,116,214,800,407,100,590,716,697,166,159,31,767,7,637,422,358,940,332,877,591,447,317,986,60,961,496,423,595"
36,50,False,,,6725,"722,15,771,530,61,241,742,695,53,358,144,32,199,711,592,844,172,941,730,642,797,267,362,758,501,31,67,757,583,605,280,613,96,624,27,966,212,969,473,420,22,60,181,512,635,415,691,958,482,302"
37,50,False,,,8067,"98,304,732,998,913,172,329,479,299,920,229,487,689,845,363,448,268,704,265,779,492,552,378,322,507,128,848,857,358,565,568,124,20,174,705,528,79,803,741,293,214,830,136,165,911,622,404,428,374,893"
38,50,False,,,7844,"445,47,900,788,656,674,817,369,293,945,929,833,686,385,563,97,93,781,235,308,290,284,949,463,723,635,310,940,390,641,228,828,728,389,785,878,627,56,705,637,495,467,357,92,49,903,681,801,938,699"
39,50,False,,,8150,"781,400,522,152,914,157,836,731,720,948,332,178,319,20,326,405,554,388,437,70,875,547,857,920,600,569,770,606,728,380,373,966,938,346,257,947,979,382,29,546,573,706,285,372,973,25,649,324,487,133"
40,50,False,,,9353,"202,917,294,121,578,369,832,80,563,624,741,732,251,510,640,843,373,556,632,900,780,381,866,112,977,335,282,862,316,585,837,201,673,593,346,314,65,754,119,124,172,105,272,938,238,493,441,109,401,230"
41,50,False,,,8212,"340,762,473,302,316,848,143,490,685,97,440,111,790,605,21,552,700,720,327,866,476,774,780,182,202,56,746,52,225,934,384,270,43,378,493,642,146,835,987,583,419,344,593,727,285,953,770,166,958,648"
42,50,False,,,8625,"700,283,363,977,631,649,940,303,304,504,467,18,452,5,492,982,146,930,443,837,78,433,725,568,13,274,392,82,544,900,59,871,422,431,195,890,436,611,598,892,530,780,745,667,511,17,137,589,720,642"
43,50,False,,,10158,"979,880,764,17,7,933,649,762,860,356,67,734,626,23,646,757,233,836,532,714,86,765,289,534,578,592,148,433,622,9,184,659,41,779,73,162,273,269,844,848,930,871,338,527,652,543,696,434,981,157"
44,50,False,,,7300,"928,402,1000,931,883,158,684,715,266,165,943,948,429,79,512,872,437,127,567,452,832,8,815,924,463,816,920,642,733,254,550,977,753,515,139,867,792,852,603,771,101,534,174,274,847,621,968,625,993,143"
45,50,False,,,8046,"921,535,280,915,890,96,142,980,312,291,719,685,223,732,531,412,528,578,342,68,442,716,392,210,203,222,640,169,401,660,230,277,749,17,50,4,652,680,422,730,445,744,468,2,661,288,25,507,903,956"
46,50,False,,,7729,"125,722,401,817,611,895,207,458,673,68,800,461,479,175,944,98,853,533,650,738,131,758,61,326,36,405,640,429,231,803,375,307,407,198,417,980,971,288,323,287,452,729,625,757,211,743,907,750,861,941"
47,50,False,,,7296,"63,214,459,368,396,750,762,728,847,380,908,740,308,708,517,528,404,420,55,2,851,486,538,934,165,606,837,983,468,208,48,637,491,941,128,394,147,392,324,870,848,371,346,347,546,391,405,789,778,537"
48,50,False,,,8540,"643,736,542,485,330,232,359,806,494,122,989,160,203,205,230,758,905,521,20,924,727,212,770,544,316,573,557,874,738,179,662,79,740,45,141,730,896,588,379,652,158,683,289,403,506,790,202,372,721,897"
49,50,False,,,6922,"832,150,791,293,132,239,712,759,325,637,943,488,816,70,550,85,445,144,779,574,677,130,989,253,738,99,591,813,420,763,490,835,54,756,407,626,623,994,171,143,780,782,948,342,2,418,533,117,73,402"
50,50,False,,,7949,"152,857,673,657,325,634,598,231,12,835,317,205,96,404,424,806,132,971,632,446,63,850,917,409,524,455,492,921,594,948,110,309,223,145,837,787,574,712,431,944,743,412,473,453,801,610,772,94,981,684"
51,50,False,,,7669,"854,786,410,437,590,938,485,337,572,942,714,625,689,761,418,385,248,204,100,703,676,687,492,228,548,952,489,754,252,583,632,253,116,575,249,741,397,532,244,29,86,726,135,826,506,705,985,895,663,545"
52,50,False,,,8353,"672,250,790,185,584,167,84,455,610,837,643,558,898,488,491,297,794,323,214,956,830,775,957,101,452,988,444,603,485,659,685,771,5,303,797,834,333,814,764,691,995,453,108,22,176,231,387,309,601,911"
53,50,False,,,7516,"738,418,828,264,745,365,383,23,122,935,558,919,284,413,229,865,833,359,369,278,768,503,699,651,922,373,623,293,65,696,314,750,843,203,55,541,781,861,223,392,554,209,855,979,101,17,744,752,403,290"
54,50,False,,,8247,"169,717,173,713,606,903,267,679,146,188,38,721,722,919,248,294,587,705,252,703,14,64,310,989,23,595,591,55,420,662,497,648,360,871,816,373,948,88,271,289,568,751,500,461,632,981,369,338,504,408"
55,50,False,,,8346,"257,600,321,177,988,681,173,307,835,792,974,764,146,246,50,135,524,74,565,457,521,877,448,685,411,137,61,392,488,888,37,727,527,587,309,683,398,581,948,994,568,378,465,595,504,157,594,220,156,45"
56,50,False,,,8595,"513,203,692,270,415,404,99,182,826,982,631,538,357,890,474,506,150,824,770,201,205,460,940,663,84,64,983,955,713,542,915,81,769,230,185,999,112,272,642,795,269,388,833,964,594,120,119,547,160,775"
57,50,False,,,7929,"733,113,265,689,854,128,110,54,969,716,44,368,774,669,274,184,556,535,892,259,677,245,347,257,915,49,891,980,528,732,631,831,531,662,888,90,288,17,588,356,813,651,309,12,201,836,663,220,668,429"
58,50,False,,,7805,"274,548,921,719,19,884,672,851,564,276,498,937,177,635,452,160,827,832,298,489,483,629,218,592,317,77,150,459,165,617,283,725,693,570,288,883,541,842,887,861,284,316,23,422,609,273,65,8,676,826"
59,50,False,,,8423,"164,723,653,183,507,232,93,569,835,741,220,69,163,885,132,693,316,393,801,444,818,55,976,675,650,11,230,777,469,541,492,262,261,152,315,668,586,521,452,513,532,528,44,775,396,319,402,302,995,49"
60,50,False,,,6051,"937,314,21,752,976,387,638,865,413,852,991,333,862,272,860,380,372,564,68,720,985,74,750,767,858,211,140,541,934,774,745,667,935,276,25,31,581,648,734,681,888,675,18,154,653,723,407,694,428,418"
61,50,False,,,7579,"319,169,780,873,835,404,436,905,209,91,330,497,574,915,239,391,490,38,408,749,304,130,668,762,127,619,564,783,848,680,273,793,189,650,329,185,545,195,9,734,8,57,745,333,488,527,87,616,439,615"
62,50,False,,,8716,"990,131,555,943,564,451,813,313,278,689,424,360,794,337,487,250,804,220,164,928,186,410,402,732,210,806,454,803,884,902,209,364,482,84,874,460,232,68,780,817,467,800,231,378,625,736,395,326,397,299"
63,50,False,,,7244,"984,70,310,481,245,114,655,909,713,855,815,15,457,897,640,327,745,702,793,447,490,156,718,691,783,590,88,961,479,632,128,535,988,68,385,235,762,514,203,501,569,4,970,828,554,257,205,712,280,709"
64,50,False,,,8311,"854,887,304,56,190,479,981,848,476,359,982,627,365,382,850,654,60,307,658,514,201,152,131,140,395,251,457,329,7,358,712,657,24,247,781,926,601,703,132,55,557,327,840,333,388,249,630,528,90,533"
65,50,False,,,8943,"700,9,143,73,956,959,380,711,757,994,91,181,263,431,947,289,429,909,273,362,868,602,635,653,174,255,784,426,535,778,162,689,789,526,508,337,510,320,370,356,418,2,697,917,42,144,412,931,254,563"
66,50,False,,,6618,"811,293,748,588,911,654,938,33,272,465,758,941,463,566,6,719,386,393,381,119,769,501,192,788,108,843,786,125,784,440,980,549,794,754,850,568,56,849,166,937,517,332,426,4,986,476,560,467,714,11"
67,50,False,,,9969,"22,600,695,931,72,210,441,362,128,216,797,553,707,892,378,868,886,961,257,27,837,651,814,971,304,117,544,876,238,706,959,924,386,172,209,74,326,957,667,913,229,966,744,720,538,612,729,865,176,1"
68,50,False,,,7270,"198,303,62,657,781,141,565,171,954,356,934,318,211,483,991,534,968,485,944,921,597,380,324,895,468,814,981,164,248,172,769,392,378,299,970,69,420,207,121,4,856,768,2,735,528,824,813,419,456,984"
69,50,False,,,8361,"697,518,360,801,886,756,316,773,914,57,413,64,389,879,726,604,483,47,344,585,714,81,586,72,147,440,366,926,824,261,776,859,651,54,2,546,581,239,878,542,107,271,431,995,285,167,383,749,416,417"
70,50,False,,,7738,"568,754,971,920,689,978,426,266,330,609,63,79,834,412,312,683,80,247,817,458,366,669,73,106,333,84,900,721,958,223,558,972,589,745,137,288,633,638,403,855,616,966,511,733,523,248,52,425,299,14"
71,50,False,,,7911,"457,528,176,54,453,344,485,330,352,282,298,486,746,9,389,770,304,887,439,541,223,926,865,733,590,601,786,877,452,145,891,523,568,908,106,663,868,594,483,14,626,134,48,632,876,736,757,384,630,263"
72,50,False,,,8609,"20,953,995,870,374,550,517,654,641,369,376,359,53,37,544,267,108,732,120,69,403,395,29,77,745,96,199,355,139,322,580,800,730,301,834,977,188,468,570,805,659,729,876,131,381,720,719,666,82,955"
73,50,False,,,9168,"496,792,637,684,783,979,468,643,861,806,294,650,699,204,56,530,685,447,674,417,458,287,739,679,735,758,420,499,331,942,501,362,391,55,424,843,973,290,692,813,588,302,896,253,852,591,454,600,964,521"
74,50,False,,,10153,"515,985,60,761,278,201,794,690,396,555,522,373,544,230,560,943,793,314,298,578,541,611,704,280,980,185,38,835,827,411,425,138,204,447,231,282,512,648,104,728,459,136,672,919,419,974,625,656,368,362"
75,50,False,,,10728,"914,166,983,962,312,88,289,100,471,507,42,36,156,172,107,868,216,850,949,284,974,526,795,695,995,935,430,489,55,635,25,776,376,805,468,245,893,347,139,564,944,359,482,883,678,632,700,439,229,639"
76,50,False,,,10460,"831,410,355,987,803,974,786,690,12,372,49,544,813,474,448,604,706,96,424,930,132,558,290,404,487,304,555,667,29,842,4,209,964,494,876,315,145,67,824,716,26,574,133,84,657,792,80,82,945,273"
77,50,False,,,7046,"299,269,442,927,325,202,921,41,962,849,318,885,211,260,792,148,690,277,713,111,232,362,331,265,429,252,117,961,738,680,973,960,552,443,993,826,103,481,241,704,208,27,263,782,764,126,201,268,437,127"
78,50,False,,,8639,"980,493,276,460,971,570,931,728,512,790,491,830,777,459,73,344,929,167,879,587,874,453,372,414,74,988,122,572,679,706,145,546,29,37,440,31,368,68,324,196,373,514,76,87,407,890,362,134,23,629"
79,50,False,,,6755,"713,271,51,907,11,900,781,412,609,890,867,823,81,886,374,486,208,601,760,247,593,101,393,742,31,670,757,633,927,974,661,201,600,442,378,694,343,906,259,401,443,314,630,875,811,829,473,43,303,409"
80,50,False,,,7935,"838,851,574,202,218,526,699,978,599,214,690,274,186,948,320,648,370,710,689,217,610,32,257,9,934,844,1000,437,165,342,445,248,500,987,984,106,38,890,816,767,643,325,555,178,278,884,332,485,446,382"
81,50,False,,,6853,"856,63,517,242,320,746,765,863,391,402,243,380,884,679,738,144,514,385,788,838,530,760,729,895,730,934,56,826,646,556,552,649,253,910,21,658,777,519,887,836,323,373,257,460,686,748,418,862,185,249"
82,50,False,,,5996,"308,408,802,808,23,194,538,686,717,94,423,360,125,907,935,786,126,459,120,995,424,47,851,420,469,359,870,985,574,99,934,920,526,656,566,789,798,305,487,460,69,156,105,101,33,325,908,289,180,139"
83,50,False,,,9258,"863,800,586,382,793,472,81,140,872,870,847,459,734,358,489,958,744,485,685,520,984,403,866,40,955,392,124,144,104,632,646,154,768,776,598,419,670,477,789,148,688,851,174,105,926,666,280,4,604,974"
84,50,False,,,8334,"485,580,448,63,572,614,144,364,150,216,641,966,857,791,359,323,744,442,866,954,272,690,717,108,284,832,434,48,491,316,875,734,25,700,990,778,166,526,206,826,320,315,42,266,728,660,852,797,583,723"
85,50,False,,,7093,"669,216,643,212,31,709,445,421,614,396,884,27,506,33,359,250,438,277,782,803,407,777,414,22,145,870,476,795,274,877,638,618,522,160,128,86,146,107,822,648,228,670,545,124,718,243,806,400,299,285"
86,50,False,,,7722,"706,254,515,376,266,60,140,335,235,56,840,25,842,955,678,385,287,243,716,290,11,588,802,420,87,937,382,837,803,856,394,999,395,947,898,475,476,752,43,155,459,317,147,690,261,445,834,850,196,517"
87,50,False,,,8375,"14,637,955,919,58,236,91,848,163,694,722,749,539,483,804,972,441,76,604,522,521,39,41,279,177,520,47,1,677,80,266,420,282,748,272,973,713,196,930,838,350,72,473,207,112,891,198,612,729,750"
88,50,False,,,6514,"481,732,426,695,968,179,980,929,483,587,500,398,527,289,241,753,984,697,709,627,959,99,177,24,613,692,140,838,463,376,171,650,337,546,294,102,850,78,87,534,251,863,656,150,178,208,221,465,384,639"
89,50,False,,,6632,"910,140,176,477,546,862,816,418,313,517,451,899,602,17,262,617,890,402,31,207,528,545,302,856,674,14,815,414,329,23,513,442,156,199,732,980,307,439,922,434,78,552,441,760,555,512,714,531,598,854"
90,50,False,,,9158,"896,3,780,921,285,88,62,416,355,181,511,371,264,139,178,199,101,235,911,990,750,926,748,646,202,220,578,16,204,582,239,323,508,910,872,154,776,635,305,192,309,504,274,254,352,539,500,781,444,831"
91,50,False,,,6994,"397,384,248,148,72,165,580,410,325,805,985,857,768,409,640,56,447,550,458,308,178,959,97,712,629,556,155,570,24,795,602,564,566,756,651,726,921,775,945,86,128,113,565,425,761,928,60,216,212,667"
92,50,False,,,9604,"728,487,690,777,119,126,76,164,451,507,861,269,264,196,433,138,969,313,666,974,120,655,808,778,639,834,396,903,157,585,36,112,902,54,930,250,505,756,829,729,504,551,641,622,398,421,634,7,199,854"
93,50,False,,,6411,"246,785,85,885,734,228,618,409,666,709,477,930,743,803,993,145,436,814,301,958,593,566,731,49,463,570,322,372,441,63,442,577,321,268,689,913,60,792,992,410,824,831,679,551,741,584,254,519,499,298"
94,50,False,,,6860,"783,622,48,895,519,884,425,252,172,669,805,405,460,74,347,860,152,544,566,127,718,806,930,402,848,100,667,690,944,794,571,248,277,984,899,872,396,86,969,521,893,244,168,117,404,320,228,205,604,468"
95,50,False,,,6911,"433,108,877,947,37,436,217,222,369,845,207,513,705,944,802,519,128,553,793,211,381,444,746,279,935,612,314,235,49,571,56,821,616,929,607,875,135,858,514,587,994,232,748,375,507,251,280,641,86,468"
96,50,False,,,10307,"385,792,114,162,625,55,405,833,953,452,974,755,106,917,287,212,395,534,209,171,423,690,100,700,41,731,204,288,995,605,302,366,942,503,532,741,223,788,193,498,899,978,5,18,12,182,373,779,518,578"
97,50,False,,,5810,"53,96,738,241,635,821,842,176,342,594,893,76,39,486,212,17,460,370,192,640,633,65,927,54,483,641,394,319,458,988,360,649,461,756,806,696,98,41,686,557,195,843,303,214,60,33,719,378,739,158"
98,50,False,,,8957,"879,61,745,363,134,980,165,633,969,279,764,284,2,818,187,518,999,697,157,886,442,29,706,859,920,122,591,765,1000,100,109,147,21,496,451,712,232,688,887,568,369,870,941,23,226,991,534,13,963,973"
99,50,False,,,6808,"748,865,926,78,913,558,947,594,637,270,902,870,707,241,279,409,365,95,739,308,53,467,693,17,13,430,938,818,991,22,990,835,822,639,176,116,146,921,501,555,978,486,681,777,539,960,530,668,389,34"
100,50,False,,,6343,"422,758,314,533,127,122,236,405,592,436,999,73,796,788,331,652,987,212,244,243,594,849,86,899,772,622,483,852,933,165,60,246,69,569,204,242,274,177,613,82,674,459,731,338,268,560,814,546,379,662"
101,50,False,,,7695,"81,347,606,252,395,102,187,456,360,42,676,520,730,179,206,687,128,242,907,299,136,741,440,254,976,503,974,568,397,272,541,786,910,779,412,897,536,94,263,787,585,350,972,200,906,662,553,690,517,431"
102,50,False,,,8006,"273,422,88,857,195,201,39,224,404,520,737,989,459,446,569,486,284,214,554,659,793,792,474,571,393,102,938,856,26,135,713,601,853,384,473,454,580,624,738,654,217,380,479,617,940,865,186,104,52,863"
103,50,False,,,7763,"966,141,482,852,712,365,117,762,909,279,79,768,347,824,5,947,19,143,269,473,816,556,871,836,169,186,162,315,420,132,319,546,785,622,833,849,195,538,980,56,318,320,139,725,492,298,721,773,408,226"
104,50,False,,,8615,"203,434,385,962,911,973,327,409,253,137,602,424,188,29,147,212,895,917,740,468,541,42,261,969,842,384,276,176,36,148,69,762,517,598,105,511,495,775,524,86,810,811,706,557,34,326,746,21,685,476"
105,50,False,,,6909,"333,371,183,972,601,742,85,890,47,86,16,910,942,737,992,520,217,96,335,817,51,551,433,445,661,537,758,578,603,859,365,886,702,673,824,906,416,528,45,953,598,816,31,719,301,226,893,526,350,546"
106,50,False,,,7855,"271,734,785,531,321,515,708,270,827,534,573,718,629,330,583,364,519,203,18,714,442,46,954,850,653,981,606,45,843,730,612,768,138,3,689,485,745,539,371,971,503,752,96,194,597,324,993,386,578,950"
107,50,False,,,5989,"374,604,422,459,623,247,775,323,481,303,616,490,156,401,460,133,39,122,583,639,294,121,816,637,330,13,551,126,16,238,192,606,949,40,282,352,445,602,489,111,408,112,791,324,963,340,167,581,981,3"
108,50,False,,,7416,"947,211,468,11,530,851,241,651,570,823,58,426,387,827,984,248,564,135,335,694,174,515,373,168,61,808,307,804,519,927,436,505,741,398,674,662,792,532,978,706,499,783,963,337,460,104,565,474,445,116"
109,50,False,,,8312,"321,479,14,236,242,871,407,195,39,152,850,776,194,456,472,69,569,266,743,795,222,861,778,403,105,44,919,706,521,563,961,346,729,293,289,830,409,980,972,641,276,805,454,686,111,162,553,537,892,426"
110,50,False,,,6160,"131,137,455,950,98,768,772,818,251,712,823,277,441,38,313,465,867,824,48,640,722,104,331,681,814,834,954,122,554,217,189,796,442,734,674,202,911,587,147,171,246,231,999,788,247,31,458,859,700,263"
111,50,False,,,6831,"954,287,283,749,602,745,233,641,615,488,741,514,465,352,206,574,319,669,327,699,83,668,933,457,228,461,415,85,958,902,927,972,721,506,713,592,338,850,630,232,810,758,667,216,793,855,960,822,662,891"
112,50,False,,,10039,"746,867,694,623,297,829,697,203,856,924,798,604,73,754,395,870,303,401,56,794,107,761,914,905,621,267,680,320,342,981,757,264,84,408,165,822,245,482,681,787,139,983,260,161,874,36,704,169,560,942"
113,50,False,,,5669,"314,155,650,635,378,536,639,886,686,500,712,547,11,297,108,157,112,261,362,717,623,790,944,440,597,816,207,850,911,171,738,574,774,933,56,526,226,162,771,803,732,570,78,775,205,456,961,633,302,585"
114,50,False,,,9541,"482,394,382,886,733,501,660,69,828,16,639,898,1,181,144,490,900,506,722,63,378,969,735,802,550,12,806,395,98,376,662,968,214,241,917,652,573,740,209,161,477,909,119,68,630,103,36,259,280,593"
115,50,False,,,7589,"175,379,832,856,409,297,448,554,669,395,587,679,403,860,947,683,285,854,134,12,412,360,981,995,536,605,743,335,813,988,772,491,829,69,180,906,86,670,80,840,788,782,169,11,931,700,603,95,719,90"
116,50,False,,,6697,"851,335,460,175,120,610,313,844,927,483,365,832,63,627,273,389,451,414,980,714,880,724,770,248,55,989,268,556,247,493,415,790,591,550,866,424,642,56,178,952,251,429,32,536,472,985,753,757,957,763"
117,50,False,,,9906,"615,398,324,225,773,792,546,587,657,739,455,880,312,542,968,17,3,392,20,465,616,98,624,955,732,385,603,172,288,114,323,987,463,54,801,64,34,654,342,33,430,277,424,929,652,140,827,248,514,459"
118,50,False,,,8202,"652,384,383,476,282,34,847,646,720,793,797,168,583,885,512,851,378,609,528,689,259,511,131,657,305,706,971,866,276,791,253,849,273,667,714,691,992,423,284,184,522,768,257,310,929,856,474,196,216,209"
119,50,False,,,7901,"79,748,344,442,922,169,878,417,827,173,908,666,798,116,157,910,774,942,212,519,947,669,828,279,521,810,707,649,695,477,62,87,662,843,140,379,697,646,59,663,741,108,329,537,724,853,257,111,330,67"
120,50,False,,,9045,"117,384,637,411,824,662,109,507,694,556,752,660,511,416,726,612,979,424,380,440,448,966,126,760,827,785,283,150,40,744,467,135,953,229,577,988,811,595,968,374,293,605,499,335,754,964,357,102,210,266"
121,50,False,,,10098,"144,442,798,775,159,47,725,167,777,874,465,831,285,471,779,672,880,242,145,22,8,64,624,379,88,764,368,872,360,374,544,601,58,992,483,6,537,885,963,605,746,751,988,77,730,709,569,473,414,814"
122,50,False,,,7953,"103,868,555,83,88,557,536,459,721,876,850,34,43,592,837,597,99,587,477,379,254,976,396,72,524,951,436,22,649,41,29,467,513,416,985,331,291,890,271,279,19,468,867,372,157,309,565,738,956,389"
123,50,False,,,7844,"933,244,828,418,958,903,262,765,539,527,230,737,248,680,87,208,472,860,506,735,586,381,844,570,902,584,417,446,655,22,877,515,90,613,290,160,474,887,261,299,384,530,670,260,696,441,728,884,752,523"
124,50,False,,,8614,"15,522,790,370,12,447,962,837,985,835,866,359,806,246,270,989,500,915,755,251,986,114,337,4,856,127,135,868,805,663,264,743,597,81,685,172,848,169,765,46,669,392,941,785,815,515,873,82,634,136"
125,50,False,,,6494,"693,541,867,631,931,62,814,524,282,78,817,566,176,101,687,510,27,969,289,385,856,184,152,374,175,940,689,616,67,15,792,599,945,90,55,172,705,947,603,800,167,317,458,182,268,119,386,483,547,147"
126,50,False,,,8858,"222,793,114,851,417,938,469,563,606,673,510,676,726,374,188,160,783,908,578,26,136,849,763,610,444,789,987,59,263,277,195,805,95,612,29,321,636,896,880,49,959,877,750,548,754,863,598,852,970,15"
127,50,False,,,7774,"993,390,479,133,902,434,181,401,616,537,933,547,481,741,403,564,474,676,896,868,230,26,364,836,811,456,761,958,80,793,366,720,65,907,986,620,499,652,308,785,50,681,666,840,914,797,83,161,202,475"
128,50,False,,,8056,"653,31,891,572,38,892,847,108,933,475,162,273,737,409,152,55,981,218,314,605,13,32,940,47,458,132,790,700,675,885,148,442,510,426,425,392,159,956,488,604,798,244,748,467,898,110,680,290,972,595"
129,50,False,,,6058,"266,867,523,835,684,63,696,610,33,87,587,233,712,729,486,479,416,7,694,933,250,288,821,637,691,329,458,989,924,625,194,54,723,650,908,506,526,163,210,890,926,969,753,438,332,172,297,710,609,951"
130,50,False,,,6937,"264,663,150,33,774,96,74,342,695,486,616,397,146,387,174,942,63,630,18,927,287,877,138,726,352,681,179,24,515,381,431,131,536,185,91,274,319,780,599,391,386,533,469,27,597,767,458,959,148,543"
131,50,False,,,7559,"594,902,887,926,499,928,412,945,685,983,190,658,750,465,567,977,678,722,386,670,810,704,467,851,739,543,283,280,746,284,265,922,776,169,93,244,371,491,691,951,669,130,442,947,360,716,39,125,373,656"
132,50,False,,,8671,"649,686,273,756,679,297,463,895,443,183,863,467,7,629,854,369,43,469,658,805,497,160,87,376,444,961,528,55,41,343,498,709,465,2,398,524,98,717,453,400,503,132,395,543,86,847,910,255,931,374"
133,50,False,,,8066,"147,488,289,133,260,72,59,817,876,373,327,248,441,442,714,498,370,550,252,49,393,273,685,849,500,897,875,318,651,994,827,649,513,586,798,962,254,878,347,983,837,640,356,974,631,673,988,261,806,152"
134,50,False,,,9128,"389,421,794,374,277,887,692,104,942,39,607,610,86,7,550,8,171,715,350,958,581,947,408,500,24,40,944,750,322,781,961,366,543,465,127,861,673,124,84,326,963,760,82,26,169,638,146,397,877,196"
135,50,False,,,8272,"94,937,280,293,16,9,106,893,299,131,719,729,898,619,250,205,607,241,448,376,485,875,50,723,166,621,620,728,344,712,643,953,610,139,211,114,373,363,13,18,495,412,581,4,381,263,627,950,12,640"
136,50,False,,,7633,"88,403,878,853,693,745,969,713,568,103,659,57,459,444,771,729,261,633,836,285,926,465,31,64,483,214,307,262,725,86,856,654,426,247,670,181,169,277,415,972,112,726,7,299,197,546,755,424,577,620"
137,50,False,,,6607,"834,252,475,231,108,199,327,531,59,423,40,88,772,944,141,316,654,634,232,329,588,479,24,683,835,93,993,878,935,180,491,652,376,558,6,867,855,533,748,982,847,439,983,756,653,447,566,806,299,332"
138,50,False,,,8075,"720,268,404,808,98,640,861,750,508,54,614,385,2,574,182,121,896,421,779,949,957,231,733,62,696,477,530,844,333,19,324,522,688,422,858,693,994,319,152,290,531,849,945,11,668,8,737,463,515,736"
139,50,False,,,8102,"714,383,951,937,248,431,879,335,507,866,660,800,332,86,592,802,537,984,293,950,622,246,717,371,895,964,23,342,835,429,285,105,931,762,179,798,928,451,652,203,265,772,63,729,441,593,426,278,742,670"
140,50,False,,,9270,"487,535,203,756,740,171,130,524,97,11,479,962,42,4,189,230,243,780,693,942,570,284,585,648,428,876,775,641,982,121,360,983,383,16,31,289,51,458,883,261,217,474,394,651,46,403,711,214,174,291"
141,50,False,,,8596,"764,851,223,803,228,659,278,791,370,285,362,956,984,284,973,748,931,175,26,618,656,420,155,616,434,476,848,867,222,779,58,990,136,350,888,793,344,43,203,929,315,17,895,999,975,514,482,941,421,612"
142,50,False,,,8818,"92,631,995,924,230,990,23,616,37,185,518,366,533,945,651,976,699,977,815,975,696,692,773,717,978,391,573,873,769,974,404,656,860,798,3,55,424,371,280,948,526,474,48,582,729,723,485,445,142,705"
143,50,False,,,8733,"514,879,595,83,31,264,601,871,719,171,798,577,108,770,756,476,910,133,783,550,837,141,400,666,929,44,508,887,337,674,567,777,660,160,168,951,654,440,583,867,87,774,19,459,223,284,554,205,982,231"
144,50,False,,,8961,"154,230,398,991,453,477,776,696,636,392,395,953,508,379,419,106,56,917,473,541,266,993,507,942,990,845,526,709,961,415,738,121,795,397,806,486,895,573,522,95,81,731,310,929,566,124,21,32,196,161"
145,50,False,,,7741,"221,591,974,483,36,792,715,288,808,144,335,457,652,114,510,730,870,993,185,93,696,542,528,832,268,534,606,195,810,64,983,50,719,103,714,541,957,728,963,824,208,294,468,494,236,60,919,225,583,991"
146,50,False,,,8076,"214,308,79,843,489,835,352,950,844,829,340,375,641,553,31,555,725,705,821,150,953,775,627,767,103,388,223,78,606,712,384,266,625,148,437,822,152,72,618,262,935,162,979,692,483,836,475,53,400,782"
147,50,False,,,8096,"908,358,5,37,159,719,374,623,984,494,206,914,855,164,507,495,614,988,954,458,963,40,96,39,953,753,669,141,830,708,793,492,317,16,758,790,791,157,381,949,681,48,863,535,512,601,146,556,895,986"
148,50,False,,,7486,"619,823,875,360,623,425,660,554,991,941,968,633,821,868,260,949,566,522,642,410,147,787,85,246,164,804,732,422,479,23,692,176,690,105,135,609,485,688,257,407,666,885,515,140,264,94,489,350,371,198"
149,50,False,,,8749,"343,696,244,114,631,600,324,333,166,987,175,800,74,906,116,97,140,278,413,944,468,966,731,933,374,659,411,586,856,684,954,452,680,257,161,605,8,991,93,920,691,54,770,661,934,594,689,778,522,798"
150,50,False,,,6713,"714,121,373,232,481,68,161,615,670,59,582,444,142,952,269,271,248,980,574,371,924,506,50,284,684,672,99,446,113,459,276,883,410,657,543,310,212,717,765,930,687,221,953,796,571,802,572,40,699,185"
151,50,False,,,9451,"834,530,338,158,81,959,73,661,342,840,31,99,111,565,653,709,563,699,558,900,192,888,697,134,162,289,867,816,4,375,264,259,121,413,828,27,711,546,65,19,477,892,273,631,499,433,740,660,182,331"
152,50,False,,,8681,"96,439,458,2,752,254,155,120,423,564,19,5,303,165,826,888,515,649,983,778,322,687,980,805,824,917,806,102,185,934,97,520,981,928,793,436,655,21,140,900,121,235,261,482,309,473,704,262,370,709"
153,50,False,,,8357,"659,69,569,684,955,162,739,423,623,555,859,639,823,914,180,763,979,87,112,468,364,43,534,934,743,821,289,402,676,384,142,426,895,490,495,877,860,27,167,782,441,969,517,457,201,971,100,851,818,917"
154,50,False,,,9461,"313,194,315,112,159,986,956,700,246,827,784,893,623,137,183,433,632,486,46,572,426,203,626,207,574,140,174,358,415,424,70,408,716,792,531,247,7,33,36,187,793,287,379,641,772,113,86,54,978,278"
155,50,False,,,8608,"251,157,144,517,398,230,233,280,903,674,598,1000,822,867,223,220,241,654,50,469,757,662,719,176,546,750,38,545,420,360,252,856,363,133,297,677,718,185,19,177,532,307,808,740,498,329,888,612,796,346"
156,50,False,,,7989,"398,64,979,752,189,499,463,307,594,57,5,106,976,829,762,858,623,380,531,77,72,569,778,745,994,180,771,498,547,396,856,663,779,855,496,658,853,325,710,164,294,29,956,270,378,657,174,287,369,636"
157,50,False,,,8952,"413,937,58,683,790,104,858,845,329,176,474,783,624,590,563,814,196,394,969,368,325,16,471,465,691,321,971,754,832,892,943,793,953,659,395,410,60,387,109,551,781,182,670,124,543,131,573,269,750,386"
158,50,False,,,6428,"588,971,751,748,649,330,824,873,317,571,910,302,940,280,837,592,742,83,434,344,951,533,112,364,152,909,355,694,798,124,879,813,192,378,131,21,372,549,207,630,614,527,117,593,114,159,277,407,928,278"
159,50,False,,,9799,"11,815,163,604,816,172,497,19,902,368,394,655,863,58,386,93,167,98,710,320,568,743,74,536,358,254,736,795,712,24,169,871,433,38,693,981,194,885,253,674,393,173,255,760,387,522,331,597,222,342"
160,50,False,,,8859,"884,176,163,38,255,236,140,228,728,797,426,585,539,303,125,181,134,565,720,425,713,621,121,476,751,874,960,447,650,394,958,655,456,860,267,772,978,379,977,853,554,2,493,534,972,557,302,174,185,130"
161,50,False,,,7597,"877,814,315,709,314,670,707,145,749,836,397,577,400,411,922,980,638,250,543,948,342,533,329,322,792,613,649,111,553,174,114,252,253,38,777,260,823,201,465,795,716,457,142,221,132,291,376,528,915,603"
162,50,False,,,8791,"365,954,405,517,663,16,878,899,528,674,506,479,315,821,130,172,560,519,210,876,52,767,324,920,720,402,718,715,625,236,725,389,580,110,147,202,633,81,862,413,135,316,837,512,850,569,8,329,780,188"
163,50,False,,,6648,"727,824,494,147,411,792,704,431,643,109,777,155,656,761,522,957,660,808,718,316,371,811,714,369,225,407,827,232,138,360,55,254,612,708,609,176,546,430,757,24,414,814,732,65,970,116,469,108,691,156"
164,50,False,,,7273,"868,548,121,805,177,528,838,404,934,672,417,140,646,254,582,64,830,500,507,978,871,942,95,852,463,420,537,422,212,716,423,81,985,581,759,972,329,301,986,745,790,815,145,585,181,926,355,739,883,711"
165,50,False,,,7209,"127,845,746,439,397,344,633,64,95,79,268,307,641,440,414,513,716,524,986,22,885,537,193,565,693,207,257,327,541,238,185,70,155,181,212,649,984,964,573,204,48,539,226,690,849,330,273,787,142,437"
166,50,False,,,9545,"86,124,19,287,198,332,255,364,631,379,27,598,638,543,535,228,363,95,5,528,603,554,485,376,921,835,693,314,605,252,487,823,120,752,188,14,784,732,283,937,702,731,94,389,850,673,922,880,782,544"
167,50,False,,,10428,"325,434,49,584,703,419,238,264,648,852,235,429,412,764,98,33,735,718,915,273,195,446,830,591,243,840,19,426,111,24,782,322,875,332,127,431,255,57,364,684,422,47,612,775,514,690,77,500,79,13"
168,50,False,,,8453,"166,323,293,186,347,781,474,467,780,72,132,994,836,662,368,506,896,291,79,420,610,313,760,617,164,40,736,577,715,494,775,468,535,91,679,285,871,384,39,31,177,570,387,732,145,87,184,597,648,769"
169,50,False,,,8431,"374,856,132,802,55,393,697,893,261,423,305,68,190,46,933,794,203,813,974,518,350,193,583,392,547,272,1000,158,218,988,779,82,618,267,637,53,668,661,445,273,208,77,385,783,93,298,397,79,897,746"
170,50,False,,,7775,"801,885,171,472,289,180,86,388,823,390,486,285,280,252,423,673,649,162,391,248,130,56,959,991,165,67,355,739,139,128,52,443,459,592,779,859,337,200,90,817,242,945,740,181,524,82,735,709,241,687"
171,50,False,,,7426,"752,94,970,565,615,684,567,757,232,48,905,692,169,288,885,457,793,663,953,705,210,42,942,872,527,917,748,198,317,768,173,189,651,34,55,101,277,762,712,231,695,91,587,355,309,182,460,347,471,795"
172,50,False,,,8643,"986,990,969,495,1,762,26,23,795,804,878,249,915,808,180,419,929,467,778,624,616,992,146,198,434,135,720,136,920,270,294,764,318,693,243,138,379,488,550,264,404,133,589,276,851,282,571,274,458,265"
173,50,False,,,9605,"829,373,331,690,77,636,408,663,822,195,99,174,594,320,242,885,511,162,493,113,247,124,735,697,494,73,976,814,606,244,355,264,501,852,591,262,309,721,439,188,781,140,18,637,732,629,474,489,792,94"
174,50,False,,,8515,"3,38,788,734,810,987,376,243,259,294,37,984,472,137,638,906,754,741,409,969,475,966,595,133,426,791,485,61,606,429,255,879,128,211,627,155,907,84,803,273,277,391,739,352,684,141,44,375,815,325"
175,50,False,,,7178,"854,444,758,131,605,117,316,288,146,37,40,197,45,773,322,852,776,990,633,360,274,741,886,600,310,590,186,438,982,446,613,851,960,51,60,221,231,873,486,666,515,319,163,572,765,283,271,503,284,94"
176,50,False,,,7403,"605,175,694,763,600,733,798,651,920,438,492,930,575,342,41,995,245,456,394,959,25,574,232,737,746,978,764,107,926,475,598,444,778,333,472,739,338,72,389,402,471,620,289,755,826,560,269,358,941,445"
177,50,False,,,7024,"169,604,693,452,660,268,11,642,566,106,221,473,646,455,610,364,93,362,832,970,597,331,369,204,52,953,636,704,769,405,863,992,742,136,301,285,356,594,192,833,403,16,831,100,531,725,580,784,857,821"
178,50,False,,,6735,"187,312,491,758,284,154,248,564,961,817,125,459,940,397,966,61,763,863,473,603,392,54,22,632,769,232,381,550,582,978,792,438,252,362,937,499,953,830,11,76,905,991,137,623,658,441,250,558,302,39"
179,50,False,,,5399,"715,181,623,994,374,241,537,76,409,763,796,270,736,236,530,177,274,317,122,418,128,614,426,232,742,982,691,781,548,18,338,555,602,97,823,945,611,895,252,16,969,164,421,185,761,42,413,853,407,948"
180,50,False,,,7562,"592,253,474,611,209,570,41,598,872,755,128,373,640,951,604,190,243,44,800,95,418,597,728,849,376,290,534,617,335,238,601,108,231,595,536,68,274,513,564,169,200,3,982,940,13,236,220,780,567,660"
181,50,False,,,7958,"242,959,172,969,231,706,618,14,860,755,693,458,95,309,16,488,808,90,691,212,305,672,133,273,233,394,4,623,248,33,64,668,152,510,106,724,321,765,11,900,534,182,837,790,232,59,405,316,977,93"
182,50,False,,,6949,"975,346,605,51,324,573,494,527,582,811,199,550,696,160,342,609,242,905,280,788,685,124,908,285,469,829,492,763,983,386,900,434,603,669,483,190,220,194,656,392,400,741,739,146,100,64,823,740,755,622"
183,50,False,,,6214,"724,884,40,637,467,959,96,178,837,891,523,483,817,46,86,416,828,571,124,986,760,358,985,297,137,838,488,844,501,444,135,793,202,226,553,6,888,669,705,217,774,230,29,978,934,378,527,712,680,130"
184,50,False,,,9180,"342,347,26,467,375,690,200,602,850,658,390,531,338,477,58,396,400,660,896,253,445,44,133,986,135,34,710,174,585,289,534,833,632,413,917,802,169,69,20,676,979,751,950,874,565,47,548,247,528,188"
185,50,False,,,8090,"615,895,168,515,600,222,431,631,45,590,188,452,649,12,125,335,251,11,888,23,17,603,145,677,3,79,378,884,322,574,963,688,88,274,510,999,640,575,642,601,179,572,761,906,81,438,512,622,659,327"
186,50,False,,,7464,"401,621,59,970,55,663,301,314,125,392,266,384,995,829,477,740,139,263,284,765,269,206,335,472,676,98,926,630,634,192,669,683,48,111,117,732,461,241,1000,289,915,800,18,11,338,811,235,611,883,896"
187,50,False,,,6834,"139,439,893,51,374,909,133,755,150,523,598,161,712,167,198,589,580,955,287,863,856,144,552,783,813,938,816,495,857,676,393,214,459,578,873,835,22,457,765,731,241,26,828,357,583,775,37,447,12,691"
188,50,False,,,9171,"130,343,985,105,581,978,92,55,964,230,193,634,670,517,34,489,801,494,125,454,378,595,456,19,369,725,780,162,42,192,717,776,265,314,805,18,727,134,439,582,150,228,848,379,166,906,940,419,782,587"
189,50,False,,,7992,"980,190,38,340,312,991,633,519,260,211,603,472,591,279,485,267,465,342,859,32,488,755,299,817,920,570,362,40,49,424,919,565,259,1000,896,389,685,752,987,974,629,199,324,468,694,270,15,786,787,25"
190,50,False,,,7744,"228,38,284,554,169,190,307,369,67,738,235,892,96,887,902,241,842,763,944,909,826,136,962,94,342,555,805,18,998,969,230,335,564,878,594,860,302,545,607,648,224,523,86,569,782,53,217,650,179,298"
191,50,False,,,8073,"183,169,173,696,352,992,534,91,98,428,510,800,49,722,609,622,987,584,693,473,251,431,564,973,55,743,777,588,86,775,903,690,64,836,101,117,60,229,948,915,583,855,613,182,919,991,567,82,356,233"
192,50,False,,,8250,"344,693,603,313,40,896,472,629,329,216,740,584,801,222,613,522,418,550,510,198,488,274,795,832,764,312,303,477,736,543,490,289,568,158,177,228,723,597,426,691,905,262,504,606,580,459,249,250,866,133"
193,50,False,,,9189,"565,549,681,787,199,195,329,640,657,335,152,612,233,903,249,993,3,49,364,177,711,216,792,288,875,350,974,83,717,34,282,375,524,33,207,205,937,202,204,730,325,797,919,726,391,988,838,161,280,373"
194,50,False,,,7991,"308,878,101,236,984,159,526,822,834,739,667,783,29,732,39,174,969,3,468,221,646,824,546,690,512,201,246,238,415,40,927,458,203,899,620,1,197,59,443,685,314,681,45,68,430,706,513,832,187,13"
195,50,False,,,9781,"405,113,703,835,304,86,983,546,720,836,668,51,197,392,911,458,390,709,362,601,144,865,956,718,266,264,518,544,8,649,658,158,600,299,680,822,890,824,985,92,278,135,159,326,833,107,863,655,695,914"
196,50,False,,,7452,"621,65,871,501,498,139,740,497,856,506,113,715,779,13,431,519,888,806,94,32,64,212,903,706,603,854,891,602,535,927,288,284,85,203,236,838,370,622,355,154,816,935,712,471,321,859,1000,192,382,752"
197,50,False,,,9796,"143,940,908,717,6,750,193,695,266,447,288,26,242,145,898,556,476,938,488,757,657,518,192,585,8,438,708,755,101,84,108,487,465,220,171,200,140,312,304,684,284,274,40,625,688,290,667,197,88,605"
198,50,False,,,9050,"632,474,437,497,94,504,745,817,320,467,585,433,743,526,91,567,259,405,26,512,718,958,58,175,658,694,347,710,685,588,651,663,893,344,535,102,713,289,363,752,953,678,133,411,81,906,810,271,575,983"
199,50,False,,,6583,"585,401,389,776,678,173,212,503,528,659,107,371,538,740,76,613,892,668,307,694,662,707,169,5,557,159,232,992,53,629,387,817,402,1000,959,905,55,254,907,294,534,45,983,675,244,485,438,121,518,266"
