event,hard_found,plus5pu_found,transition,hard_ds,plus5pu_ds,hard_dw,plus5pu_dw,hard_hits,combined_hits
405.0,True,True,1->1,0.08419439205925354,0.08419439205925354,2.6180437897619346,2.6180437897619346,16,1035
5833.0,True,True,1->1,0.08465253086424804,0.08465253086424804,3.134522324937597,3.134522324937597,16,1035
8053.0,True,True,1->1,0.09763464715613693,0.09763464715613693,4.270119700825562,4.270119700825562,16,1035
6409.0,False,False,0->0,,,,,16,1035
4648.0,False,False,0->0,,,,,16,1035
8718.0,False,False,0->0,,,,,16,1035
6177.0,False,False,0->0,,,,,16,1035
822.0,False,False,0->0,,,,,16,1035
2408.0,False,False,0->0,,,,,16,1035
5463.0,False,False,0->0,,,,,16,1035
971.0,False,False,0->0,,,,,16,1035
6547.0,False,False,0->0,,,,,16,1035
8868.0,False,False,0->0,,,,,16,1035
97.0,False,False,0->0,,,,,16,1035
7129.0,False,False,0->0,,,,,16,1035
653.0,False,False,0->0,,,,,16,1035
9153.0,False,False,0->0,,,,,16,1035
5917.0,False,False,0->0,,,,,16,1035
2748.0,False,False,0->0,,,,,16,1035
5375.0,False,False,0->0,,,,,16,1035
6264.0,False,False,0->0,,,,,16,1035
3232.0,False,False,0->0,,,,,16,1035
2467.0,False,False,0->0,,,,,16,1035
8464.0,False,False,0->0,,,,,16,1035
6026.0,False,False,0->0,,,,,16,1035
8328.0,False,False,0->0,,,,,16,1035
828.0,False,False,0->0,,,,,16,1035
687.0,False,False,0->0,,,,,16,1035
3489.0,False,False,0->0,,,,,16,1035
9279.0,False,False,0->0,,,,,16,1035
4668.0,False,False,0->0,,,,,16,1035
2770.0,False,False,0->0,,,,,16,1035
5035.0,False,False,0->0,,,,,16,1035
9578.0,False,False,0->0,,,,,16,1035
9919.0,False,False,0->0,,,,,16,1035
7270.0,False,False,0->0,,,,,16,1035
4450.0,False,False,0->0,,,,,16,1035
5991.0,False,False,0->0,,,,,16,1035
2143.0,False,False,0->0,,,,,16,1035
6811.0,False,False,0->0,,,,,16,1035
6704.0,False,False,0->0,,,,,16,1035
5644.0,False,False,0->0,,,,,16,1035
1277.0,False,False,0->0,,,,,16,1035
7666.0,False,False,0->0,,,,,16,1035
2520.0,False,False,0->0,,,,,16,1035
9785.0,False,False,0->0,,,,,16,1035
2896.0,False,False,0->0,,,,,16,1035
4408.0,False,False,0->0,,,,,16,1035
3089.0,False,False,0->0,,,,,16,1035
2588.0,False,False,0->0,,,,,16,1035
7450.0,False,False,0->0,,,,,16,1035
7155.0,False,False,0->0,,,,,16,1035
818.0,False,False,0->0,,,,,16,1035
6502.0,False,False,0->0,,,,,16,1035
722.0,False,False,0->0,,,,,16,1035
242.0,False,False,0->0,,,,,16,1035
4255.0,False,False,0->0,,,,,16,1035
1210.0,False,False,0->0,,,,,16,1035
49.0,False,False,0->0,,,,,16,1035
6976.0,False,False,0->0,,,,,16,1035
2536.0,False,False,0->0,,,,,16,1035
5399.0,False,False,0->0,,,,,16,1035
2142.0,False,False,0->0,,,,,16,1035
3671.0,False,False,0->0,,,,,16,1035
3081.0,False,False,0->0,,,,,16,1035
1596.0,False,False,0->0,,,,,16,1035
3407.0,False,False,0->0,,,,,16,1035
2885.0,False,False,0->0,,,,,16,1035
6574.0,False,False,0->0,,,,,16,1035
7193.0,False,False,0->0,,,,,16,1035
6808.0,False,False,0->0,,,,,16,1035
9658.0,False,False,0->0,,,,,16,1035
877.0,False,False,0->0,,,,,16,1035
2658.0,False,False,0->0,,,,,16,1035
6094.0,False,False,0->0,,,,,16,1035
5336.0,False,False,0->0,,,,,16,1035
8916.0,False,False,0->0,,,,,16,1035
6892.0,False,False,0->0,,,,,16,1035
1894.0,False,False,0->0,,,,,16,1035
1092.0,False,False,0->0,,,,,16,1035
9400.0,False,False,0->0,,,,,16,1035
1735.0,False,False,0->0,,,,,16,1035
8381.0,False,False,0->0,,,,,16,1035
5848.0,False,False,0->0,,,,,16,1035
8561.0,False,False,0->0,,,,,16,1035
3157.0,False,False,0->0,,,,,16,1035
1768.0,False,False,0->0,,,,,16,1035
7538.0,False,False,0->0,,,,,16,1035
1783.0,False,False,0->0,,,,,16,1035
2083.0,False,False,0->0,,,,,16,1035
8082.0,False,False,0->0,,,,,16,1035
1011.0,False,False,0->0,,,,,16,1035
4901.0,False,False,0->0,,,,,16,1035
8699.0,False,False,0->0,,,,,16,1035
3776.0,False,False,0->0,,,,,16,1035
5353.0,False,False,0->0,,,,,16,1035
2837.0,False,False,0->0,,,,,16,1035
4348.0,False,False,0->0,,,,,16,1035
3406.0,False,False,0->0,,,,,16,1035
3803.0,False,False,0->0,,,,,16,1035
2428.0,False,False,0->0,,,,,16,1035
2515.0,False,False,0->0,,,,,16,1035
6041.0,False,False,0->0,,,,,16,1035
4877.0,False,False,0->0,,,,,16,1035
8739.0,False,False,0->0,,,,,16,1035
1497.0,False,False,0->0,,,,,16,1035
8313.0,False,False,0->0,,,,,16,1035
1151.0,False,False,0->0,,,,,16,1035
1741.0,False,False,0->0,,,,,16,1035
7034.0,False,False,0->0,,,,,16,1035
9633.0,False,False,0->0,,,,,16,1035
4930.0,False,False,0->0,,,,,16,1035
8221.0,False,False,0->0,,,,,16,1035
4736.0,False,False,0->0,,,,,16,1035
3845.0,False,False,0->0,,,,,16,1035
2567.0,False,False,0->0,,,,,16,1035
6393.0,False,False,0->0,,,,,16,1035
6212.0,False,False,0->0,,,,,16,1035
3300.0,False,False,0->0,,,,,16,1035
7987.0,False,False,0->0,,,,,16,1035
6880.0,False,False,0->0,,,,,16,1035
6237.0,False,False,0->0,,,,,16,1035
6155.0,False,False,0->0,,,,,16,1035
6217.0,False,False,0->0,,,,,16,1035
1784.0,False,False,0->0,,,,,16,1035
3822.0,False,False,0->0,,,,,16,1035
3055.0,False,False,0->0,,,,,16,1035
6529.0,False,False,0->0,,,,,16,1035
2220.0,False,False,0->0,,,,,16,1035
2088.0,False,False,0->0,,,,,16,1035
7763.0,False,False,0->0,,,,,16,1035
2539.0,False,False,0->0,,,,,16,1035
1209.0,False,False,0->0,,,,,16,1035
6602.0,False,False,0->0,,,,,16,1035
9769.0,False,False,0->0,,,,,16,1035
5376.0,False,False,0->0,,,,,16,1035
8286.0,False,False,0->0,,,,,16,1035
3230.0,False,False,0->0,,,,,16,1035
7574.0,False,False,0->0,,,,,16,1035
6300.0,False,False,0->0,,,,,16,1035
9182.0,False,False,0->0,,,,,16,1035
5553.0,False,False,0->0,,,,,16,1035
6795.0,False,False,0->0,,,,,16,1035
2923.0,False,False,0->0,,,,,16,1035
4561.0,False,False,0->0,,,,,16,1035
7937.0,False,False,0->0,,,,,16,1035
8574.0,False,False,0->0,,,,,16,1035
2202.0,False,False,0->0,,,,,16,1035
4261.0,False,False,0->0,,,,,16,1035
9246.0,False,False,0->0,,,,,16,1035
252.0,False,False,0->0,,,,,16,1035
8008.0,False,False,0->0,,,,,16,1035
6320.0,False,False,0->0,,,,,16,1035
932.0,False,False,0->0,,,,,16,1035
4719.0,False,False,0->0,,,,,16,1035
6700.0,False,False,0->0,,,,,16,1035
9709.0,False,False,0->0,,,,,16,1035
1283.0,False,False,0->0,,,,,16,1035
4699.0,False,False,0->0,,,,,16,1035
734.0,False,False,0->0,,,,,16,1035
5831.0,False,False,0->0,,,,,16,1035
4017.0,False,False,0->0,,,,,16,1035
329.0,False,False,0->0,,,,,16,1035
2460.0,False,False,0->0,,,,,16,1035
4792.0,False,False,0->0,,,,,16,1035
8192.0,False,False,0->0,,,,,16,1035
5739.0,False,False,0->0,,,,,16,1035
1981.0,False,False,0->0,,,,,16,1035
9216.0,False,False,0->0,,,,,16,1035
7665.0,False,False,0->0,,,,,16,1035
6289.0,False,False,0->0,,,,,16,1035
9934.0,False,False,0->0,,,,,16,1035
1817.0,False,False,0->0,,,,,16,1035
5610.0,False,False,0->0,,,,,16,1035
6788.0,False,False,0->0,,,,,16,1035
2068.0,False,False,0->0,,,,,16,1035
8398.0,False,False,0->0,,,,,16,1035
2597.0,False,False,0->0,,,,,16,1035
8948.0,False,False,0->0,,,,,16,1035
5489.0,False,False,0->0,,,,,16,1035
4306.0,False,False,0->0,,,,,16,1035
5886.0,False,False,0->0,,,,,16,1035
8191.0,False,False,0->0,,,,,16,1035
3325.0,False,False,0->0,,,,,16,1035
1577.0,False,False,0->0,,,,,16,1035
7096.0,False,False,0->0,,,,,16,1035
6897.0,False,False,0->0,,,,,16,1035
6033.0,False,False,0->0,,,,,16,1035
2742.0,False,False,0->0,,,,,16,1035
7561.0,False,False,0->0,,,,,16,1035
4526.0,False,False,0->0,,,,,16,1035
6074.0,False,False,0->0,,,,,16,1035
2991.0,False,False,0->0,,,,,16,1035
3302.0,False,False,0->0,,,,,16,1035
8677.0,False,False,0->0,,,,,16,1035
4645.0,False,False,0->0,,,,,16,1035
6916.0,False,False,0->0,,,,,16,1035
2679.0,False,False,0->0,,,,,16,1035
2459.0,False,False,0->0,,,,,16,1035
3216.0,False,False,0->0,,,,,16,1035
